{"type":"FeatureCollection", "features": [
{"type":"Feature","geometry":{"type":"Polygon","coordinates":[[[-79.37919,-2.52965],[-79.3917,-2.52965],[-79.39749,-2.5169],[-79.42829,-2.51804],[-79.425,-2.55577],[-79.425,-2.60678],[-79.44052,-2.60318],[-79.4731,-2.60757],[-79.46004,-2.65739],[-79.48697,-2.67785],[-79.4883,-2.69298],[-79.50294,-2.76774],[-79.61694,-2.81381],[-79.63778,-2.81551],[-79.67032,-2.82485],[-79.64719,-2.84271],[-79.62225,-2.85452],[-79.60139,-2.85775],[-79.5917,-2.8766],[-79.55619,-2.87764],[-79.56122,-2.89556],[-79.59493,-2.89556],[-79.59384,-2.91777],[-79.60827,-2.92101],[-79.63468,-2.95086],[-79.64585,-2.9561],[-79.63552,-2.9776],[-79.65492,-2.98536],[-79.66995,-2.97151],[-79.68957,-2.9767],[-79.70945,-2.97312],[-79.72587,-2.97921],[-79.71594,-2.9946],[-79.71355,-3.01525],[-79.73405,-3.00999],[-79.7454,-3.04516],[-79.76028,-3.06341],[-79.76377,-3.06226],[-79.76305,-3.06728],[-79.75687,-3.07014],[-79.74078,-3.08691],[-79.72774,-3.09854],[-79.71631,-3.09971],[-79.70644,-3.10449],[-79.69334,-3.10403],[-79.68114,-3.11567],[-79.67296,-3.12106],[-79.65816,-3.12733],[-79.64439,-3.13084],[-79.61972,-3.13665],[-79.61663,-3.15142],[-79.59986,-3.17618],[-79.6021,-3.21616],[-79.62216,-3.22731],[-79.63678,-3.24827],[-79.63331,-3.26782],[-79.64448,-3.30254],[-79.66034,-3.31861],[-79.65615,-3.32599],[-79.63167,-3.32117],[-79.61082,-3.32933],[-79.5966,-3.32241],[-79.58013,-3.32508],[-79.56933,-3.31471],[-79.55393,-3.31643],[-79.51445,-3.30765],[-79.48271,-3.31533],[-79.46152,-3.33017],[-79.42281,-3.34167],[-79.38165,-3.3467],[-79.33435,-3.33981],[-79.32937,-3.34885],[-79.30515,-3.35758],[-79.30117,-3.37711],[-79.30845,-3.39994],[-79.30345,-3.42877],[-79.2768,-3.47662],[-79.25647,-3.47567],[-79.20846,-3.44892],[-79.18028,-3.4425],[-79.17972,-3.45707],[-79.16055,-3.47153],[-79.15891,-3.50381],[-79.13315,-3.54066],[-79.13958,-3.55845],[-79.13344,-3.59841],[-79.09513,-3.62499],[-79.06788,-3.61756],[-79.05652,-3.60015],[-79.05783,-3.58624],[-79.04935,-3.56168],[-79.05164,-3.54396],[-79.06735,-3.51462],[-79.06711,-3.50213],[-79.04478,-3.48253],[-79.06089,-3.43824],[-79.05125,-3.40014],[-79.02867,-3.38512],[-79.01053,-3.36612],[-78.96159,-3.34339],[-78.94297,-3.34342],[-78.9526,-3.30254],[-78.93453,-3.29628],[-78.9344,-3.27311],[-78.91393,-3.27367],[-78.8985,-3.25398],[-78.86669,-3.24161],[-78.85611,-3.22994],[-78.83633,-3.24598],[-78.81093,-3.20718],[-78.78369,-3.18528],[-78.77328,-3.16691],[-78.75485,-3.16008],[-78.7504,-3.14824],[-78.71011,-3.13349],[-78.69762,-3.11925],[-78.68432,-3.08887],[-78.68166,-3.06839],[-78.67297,-3.06417],[-78.67524,-3.02837],[-78.66504,-3.02261],[-78.657,-2.98731],[-78.63775,-2.98076],[-78.63203,-2.9595],[-78.63723,-2.95043],[-78.62874,-2.9262],[-78.63156,-2.91345],[-78.60481,-2.8852],[-78.60056,-2.87196],[-78.57849,-2.85238],[-78.57568,-2.8305],[-78.59775,-2.81163],[-78.61412,-2.786],[-78.57777,-2.71918],[-78.57946,-2.70918],[-78.5538,-2.69556],[-78.52366,-2.69225],[-78.48795,-2.66127],[-78.47474,-2.66295],[-78.44735,-2.65244],[-78.42214,-2.63061],[-78.42491,-2.61889],[-78.44381,-2.59411],[-78.46061,-2.59085],[-78.48056,-2.57248],[-78.49776,-2.57181],[-78.51504,-2.58307],[-78.53311,-2.6269],[-78.53326,-2.62702],[-78.55539,-2.61643],[-78.56759,-2.59125],[-78.56054,-2.57424],[-78.56787,-2.55685],[-78.56904,-2.55814],[-78.58024,-2.57422],[-78.62137,-2.59323],[-78.62529,-2.60644],[-78.62001,-2.63151],[-78.63733,-2.64811],[-78.65835,-2.65467],[-78.66885,-2.67808],[-78.68673,-2.66944],[-78.69265,-2.67908],[-78.71665,-2.69052],[-78.73251,-2.69131],[-78.7479,-2.67431],[-78.77073,-2.67237],[-78.78653,-2.69909],[-78.79956,-2.70856],[-78.79262,-2.73454],[-78.80003,-2.77864],[-78.81584,-2.77966],[-78.82119,-2.81655],[-78.8507,-2.8239],[-78.86935,-2.82243],[-78.89294,-2.83427],[-78.91102,-2.83679],[-78.93726,-2.83374],[-78.94887,-2.81938],[-78.94615,-2.78462],[-78.95279,-2.76899],[-78.97393,-2.74851],[-78.99256,-2.75085],[-78.988,-2.71515],[-79.00811,-2.71515],[-79.02194,-2.69085],[-79.01903,-2.66354],[-79.03451,-2.64617],[-79.05441,-2.63783],[-79.08026,-2.64812],[-79.08095,-2.66452],[-79.09394,-2.69692],[-79.12004,-2.71677],[-79.14363,-2.71414],[-79.14482,-2.73048],[-79.17672,-2.74503],[-79.20089,-2.72555],[-79.20633,-2.69266],[-79.23264,-2.6934],[-79.23966,-2.67931],[-79.28008,-2.6504],[-79.30233,-2.62062],[-79.30812,-2.60335],[-79.30623,-2.57784],[-79.34049,-2.5728],[-79.36186,-2.57504],[-79.35602,-2.55953],[-79.36193,-2.5442],[-79.37596,-2.5442],[-79.37919,-2.52965]]]},"properties":{"DPA_PROVIN":"01","DPA_DESPRO":"AZUAY","a45i3_muy":3754,"a45i3_alta":921,"a45i3_al_1":2179,"a46i3_muy":28,"a46i3_alta":5,"a46i3_al_1":237,"a46i3_al_2":11200,"a46i3_al_3":0}},
{"type":"Feature","geometry":{"type":"Polygon","coordinates":[[[-78.86607,-1.18598],[-78.89069,-1.2022],[-78.92708,-1.21306],[-78.94223,-1.20555],[-78.95854,-1.21633],[-78.97357,-1.21169],[-78.98456,-1.21919],[-79.01364,-1.21396],[-79.03433,-1.19781],[-79.04586,-1.197],[-79.07135,-1.17689],[-79.08845,-1.156],[-79.1072,-1.14999],[-79.12212,-1.15176],[-79.13401,-1.16286],[-79.14642,-1.15612],[-79.17928,-1.16861],[-79.22111,-1.17517],[-79.23853,-1.19533],[-79.26686,-1.20917],[-79.28049,-1.20615],[-79.2888,-1.20557],[-79.30727,-1.20713],[-79.33472,-1.22667],[-79.34042,-1.25158],[-79.37051,-1.30207],[-79.38333,-1.30585],[-79.39128,-1.32329],[-79.36546,-1.32594],[-79.3622,-1.3134],[-79.35957,-1.30499],[-79.33269,-1.29642],[-79.32247,-1.30966],[-79.32122,-1.319],[-79.31627,-1.32585],[-79.31428,-1.32644],[-79.3027,-1.32865],[-79.29735,-1.33081],[-79.28254,-1.32808],[-79.27903,-1.32764],[-79.26878,-1.33133],[-79.27624,-1.3449],[-79.27807,-1.35058],[-79.29701,-1.3556],[-79.29023,-1.36886],[-79.29121,-1.37769],[-79.2892,-1.38787],[-79.2948,-1.39564],[-79.31065,-1.39151],[-79.3218,-1.39075],[-79.32531,-1.40466],[-79.33212,-1.42981],[-79.32446,-1.43706],[-79.31669,-1.43739],[-79.3219,-1.44163],[-79.32783,-1.44531],[-79.34896,-1.45539],[-79.35571,-1.45491],[-79.35902,-1.44647],[-79.36131,-1.45182],[-79.34715,-1.47172],[-79.34122,-1.46241],[-79.33314,-1.46349],[-79.32858,-1.47476],[-79.31767,-1.49489],[-79.32274,-1.50844],[-79.30519,-1.52561],[-79.29647,-1.52607],[-79.29108,-1.52429],[-79.26317,-1.53881],[-79.24743,-1.54398],[-79.24478,-1.54502],[-79.24864,-1.55783],[-79.25312,-1.56675],[-79.26631,-1.58283],[-79.27933,-1.6107],[-79.29472,-1.5993],[-79.30269,-1.60175],[-79.32681,-1.62769],[-79.33248,-1.62839],[-79.34147,-1.6325],[-79.34978,-1.6344],[-79.35351,-1.63348],[-79.34797,-1.64492],[-79.31994,-1.64764],[-79.31954,-1.65971],[-79.31202,-1.65657],[-79.28855,-1.65133],[-79.28543,-1.6668],[-79.27325,-1.66881],[-79.26294,-1.70871],[-79.23486,-1.73271],[-79.23178,-1.74361],[-79.24705,-1.7725],[-79.24898,-1.78746],[-79.2391,-1.80555],[-79.24875,-1.81662],[-79.23562,-1.82942],[-79.23155,-1.84938],[-79.24621,-1.85797],[-79.24621,-1.91617],[-79.25603,-1.94104],[-79.25603,-1.97824],[-79.24016,-1.99117],[-79.25333,-2.00461],[-79.26752,-2.00166],[-79.26452,-2.03363],[-79.2476,-2.0483],[-79.22662,-2.07656],[-79.18805,-2.07694],[-79.20935,-2.09433],[-79.21464,-2.11321],[-79.23156,-2.10817],[-79.21897,-2.12494],[-79.17553,-2.14587],[-79.16209,-2.12199],[-79.12729,-2.11773],[-79.12166,-2.13705],[-79.11019,-2.14465],[-79.11665,-2.16266],[-79.13215,-2.17474],[-79.12699,-2.20271],[-79.11103,-2.20143],[-79.08092,-2.17836],[-79.06064,-2.15512],[-79.05405,-2.14966],[-79.03661,-2.12637],[-79.0274,-2.10602],[-79.0237,-2.07343],[-79.02972,-2.06863],[-79.03544,-2.05419],[-79.03257,-2.03722],[-79.02655,-2.00984],[-79.01664,-1.98835],[-79.01458,-1.97639],[-79.0167,-1.95969],[-79.01186,-1.94907],[-79.00922,-1.9467],[-79.00867,-1.94206],[-79.00804,-1.90738],[-79.01558,-1.88645],[-79.01754,-1.86418],[-79.00769,-1.80441],[-79.0126,-1.77477],[-78.99949,-1.7715],[-78.97609,-1.75339],[-78.93249,-1.75714],[-78.92159,-1.74046],[-78.90603,-1.73262],[-78.87992,-1.7407],[-78.87532,-1.72119],[-78.86684,-1.71824],[-78.86244,-1.67922],[-78.85288,-1.66521],[-78.85126,-1.62867],[-78.86659,-1.63255],[-78.88767,-1.62956],[-78.8966,-1.6163],[-78.89725,-1.59993],[-78.88392,-1.55175],[-78.88397,-1.5399],[-78.86769,-1.51199],[-78.87779,-1.4914],[-78.85256,-1.4709],[-78.87151,-1.46838],[-78.8866,-1.45878],[-78.90985,-1.43077],[-78.91692,-1.40996],[-78.92967,-1.40201],[-78.92724,-1.37329],[-78.93793,-1.36219],[-78.93423,-1.3388],[-78.91533,-1.32521],[-78.89326,-1.28502],[-78.89032,-1.25502],[-78.89148,-1.21987],[-78.8631,-1.194],[-78.86607,-1.18598]]]},"properties":{"DPA_PROVIN":"02","DPA_DESPRO":"BOLÍVAR","a45i3_muy":3189,"a45i3_alta":413,"a45i3_al_1":1043,"a46i3_muy":26,"a46i3_alta":4,"a46i3_al_1":122,"a46i3_al_2":5975,"a46i3_al_3":0}},
{"type":"Feature","geometry":{"type":"Polygon","coordinates":[[[-78.7453,-2.43173],[-78.75603,-2.42647],[-78.7834,-2.43489],[-78.79886,-2.40939],[-78.79128,-2.39133],[-78.81381,-2.37703],[-78.8332,-2.38366],[-78.84237,-2.39753],[-78.88664,-2.39392],[-78.89598,-2.40405],[-78.91601,-2.41213],[-78.95192,-2.40062],[-78.97595,-2.38948],[-78.98623,-2.37583],[-79.00506,-2.37736],[-79.02849,-2.35851],[-79.0447,-2.33942],[-79.05072,-2.323],[-79.06347,-2.31468],[-79.06203,-2.3004],[-79.09094,-2.28316],[-79.09248,-2.26796],[-79.09673,-2.26141],[-79.12358,-2.24657],[-79.13379,-2.23665],[-79.14295,-2.21258],[-79.14295,-2.23478],[-79.17291,-2.28498],[-79.17537,-2.30379],[-79.20113,-2.30982],[-79.19326,-2.32256],[-79.20973,-2.34647],[-79.2461,-2.3498],[-79.27498,-2.38808],[-79.30633,-2.40102],[-79.33181,-2.38511],[-79.33597,-2.37153],[-79.36724,-2.36035],[-79.39334,-2.35875],[-79.40175,-2.3431],[-79.41602,-2.33589],[-79.42005,-2.35955],[-79.43065,-2.35926],[-79.4314,-2.37935],[-79.41868,-2.37833],[-79.44812,-2.42007],[-79.42525,-2.43062],[-79.43627,-2.43868],[-79.46694,-2.44916],[-79.47695,-2.4645],[-79.48948,-2.46645],[-79.51284,-2.48644],[-79.52419,-2.48785],[-79.52234,-2.50535],[-79.50566,-2.49957],[-79.48848,-2.51095],[-79.45289,-2.49858],[-79.43423,-2.50285],[-79.4188,-2.49799],[-79.39085,-2.50001],[-79.37919,-2.52965],[-79.37596,-2.5442],[-79.36193,-2.5442],[-79.35602,-2.55953],[-79.36186,-2.57504],[-79.34049,-2.5728],[-79.30623,-2.57784],[-79.30812,-2.60335],[-79.30233,-2.62062],[-79.28008,-2.6504],[-79.23966,-2.67931],[-79.23264,-2.6934],[-79.20633,-2.69266],[-79.20089,-2.72555],[-79.17672,-2.74503],[-79.14482,-2.73048],[-79.14363,-2.71414],[-79.12004,-2.71677],[-79.09394,-2.69692],[-79.08095,-2.66452],[-79.08026,-2.64812],[-79.05441,-2.63783],[-79.03451,-2.64617],[-79.01903,-2.66354],[-79.02194,-2.69085],[-79.00811,-2.71515],[-78.988,-2.71515],[-78.99256,-2.75085],[-78.97393,-2.74851],[-78.95279,-2.76899],[-78.94615,-2.78462],[-78.94887,-2.81938],[-78.93726,-2.83374],[-78.91102,-2.83679],[-78.89294,-2.83427],[-78.86935,-2.82243],[-78.8507,-2.8239],[-78.82119,-2.81655],[-78.81584,-2.77966],[-78.80003,-2.77864],[-78.79262,-2.73454],[-78.79956,-2.70856],[-78.78653,-2.69909],[-78.77073,-2.67237],[-78.7479,-2.67431],[-78.73251,-2.69131],[-78.71665,-2.69052],[-78.69265,-2.67908],[-78.68673,-2.66944],[-78.66885,-2.67808],[-78.65835,-2.65467],[-78.63733,-2.64811],[-78.62001,-2.63151],[-78.62529,-2.60644],[-78.62137,-2.59323],[-78.58024,-2.57422],[-78.56904,-2.55814],[-78.57012,-2.55572],[-78.57781,-2.54733],[-78.6024,-2.54442],[-78.61368,-2.52405],[-78.61905,-2.517],[-78.63403,-2.504],[-78.64456,-2.50406],[-78.65566,-2.49071],[-78.65542,-2.48226],[-78.66864,-2.46751],[-78.66248,-2.45226],[-78.66677,-2.45103],[-78.69688,-2.4495],[-78.7169,-2.42643],[-78.74367,-2.43262],[-78.7453,-2.43173]]]},"properties":{"DPA_PROVIN":"03","DPA_DESPRO":"CAÑAR","a45i3_muy":1732,"a45i3_alta":601,"a45i3_al_1":1486,"a46i3_muy":14,"a46i3_alta":1,"a46i3_al_1":105,"a46i3_al_2":5199,"a46i3_al_3":0}},
{"type":"Feature","geometry":{"type":"Polygon","coordinates":[[[-77.53191,0.65265],[-77.5584,0.64934],[-77.57823,0.66038],[-77.58825,0.67301],[-77.60138,0.6755],[-77.61093,0.68902],[-77.64011,0.70284],[-77.66277,0.70593],[-77.6636,0.72148],[-77.67293,0.73499],[-77.69747,0.74074],[-77.6882,0.76928],[-77.66478,0.78489],[-77.6765,0.79097],[-77.6637,0.81185],[-77.69339,0.83282],[-77.70921,0.84849],[-77.72085,0.84994],[-77.74701,0.83307],[-77.76434,0.84191],[-77.8044,0.83082],[-77.81972,0.80784],[-77.86698,0.80155],[-77.89133,0.81041],[-77.93673,0.81659],[-77.96611,0.82436],[-77.98975,0.85683],[-78.00166,0.85886],[-78.03415,0.88038],[-78.07153,0.89723],[-78.08928,0.89722],[-78.10483,0.91115],[-78.10726,0.92788],[-78.13477,0.93588],[-78.1541,0.92403],[-78.18585,0.93822],[-78.19923,0.95391],[-78.19123,0.96063],[-78.19511,0.98475],[-78.20922,1.00485],[-78.23048,1.01291],[-78.2435,1.0293],[-78.28212,1.05742],[-78.28,1.06848],[-78.25329,1.09262],[-78.28198,1.11107],[-78.29816,1.15644],[-78.29463,1.16833],[-78.31418,1.19065],[-78.35171,1.18201],[-78.38102,1.17009],[-78.3951,1.15238],[-78.41834,1.15981],[-78.41629,1.13902],[-78.43065,1.14012],[-78.43797,1.15711],[-78.42593,1.17739],[-78.43786,1.19089],[-78.46337,1.1762],[-78.47861,1.19317],[-78.49553,1.19768],[-78.50876,1.18894],[-78.50313,1.12846],[-78.50774,1.09563],[-78.50468,1.07191],[-78.51893,1.06832],[-78.54423,1.04531],[-78.5477,1.01096],[-78.53633,0.98056],[-78.54683,0.94158],[-78.53345,0.93233],[-78.49912,0.89407],[-78.48833,0.88676],[-78.46157,0.88541],[-78.4535,0.87599],[-78.4355,0.87299],[-78.42267,0.85309],[-78.38643,0.82509],[-78.36426,0.8256],[-78.34698,0.81664],[-78.32689,0.82009],[-78.3018,0.79236],[-78.29357,0.79426],[-78.26638,0.77905],[-78.26732,0.76733],[-78.23481,0.74508],[-78.20436,0.71809],[-78.20444,0.70355],[-78.18678,0.66883],[-78.16855,0.65959],[-78.1526,0.62625],[-78.14089,0.62534],[-78.13299,0.61028],[-78.142,0.59128],[-78.12533,0.57099],[-78.13053,0.55194],[-78.12787,0.52676],[-78.11146,0.52033],[-78.10483,0.49601],[-78.08979,0.47975],[-78.06769,0.47382],[-78.02393,0.47121],[-78.0111,0.47356],[-77.9991,0.46428],[-77.99332,0.44876],[-77.95807,0.43189],[-77.94488,0.43149],[-77.92372,0.40157],[-77.89677,0.38999],[-77.86698,0.3817],[-77.85323,0.36496],[-77.83796,0.35651],[-77.83444,0.34428],[-77.81104,0.35415],[-77.79709,0.37024],[-77.7963,0.38519],[-77.8134,0.40444],[-77.79431,0.4346],[-77.79232,0.44563],[-77.77431,0.46377],[-77.75404,0.49145],[-77.7517,0.50507],[-77.72025,0.53191],[-77.70975,0.54892],[-77.67901,0.56092],[-77.6617,0.59875],[-77.65581,0.60406],[-77.68975,0.62105],[-77.68634,0.64074],[-77.67173,0.64927],[-77.65636,0.64763],[-77.63665,0.63648],[-77.61691,0.64213],[-77.56283,0.63604],[-77.53191,0.65265]]]},"properties":{"DPA_PROVIN":"04","DPA_DESPRO":"CARCHI","a45i3_muy":1001,"a45i3_alta":882,"a45i3_al_1":1210,"a46i3_muy":11,"a46i3_alta":13,"a46i3_al_1":103,"a46i3_al_2":3781,"a46i3_al_3":0}},
{"type":"Feature","geometry":{"type":"Polygon","coordinates":[[[-78.39507,-0.67667],[-78.37119,-0.67265],[-78.36352,-0.66179],[-78.37503,-0.64],[-78.38882,-0.62648],[-78.40771,-0.62012],[-78.41628,-0.60763],[-78.4336,-0.6054],[-78.45109,-0.6207],[-78.46445,-0.60973],[-78.47499,-0.61422],[-78.48161,-0.63323],[-78.51625,-0.63458],[-78.53329,-0.62498],[-78.55704,-0.63127],[-78.55895,-0.61415],[-78.60038,-0.60721],[-78.61087,-0.5995],[-78.63912,-0.61934],[-78.64812,-0.64281],[-78.6911,-0.65944],[-78.71514,-0.66099],[-78.7354,-0.63736],[-78.73913,-0.62196],[-78.72833,-0.58898],[-78.73342,-0.55966],[-78.77846,-0.53847],[-78.7902,-0.54281],[-78.81117,-0.53738],[-78.83424,-0.52103],[-78.83297,-0.49949],[-78.83844,-0.47779],[-78.85502,-0.46684],[-78.87553,-0.41426],[-78.88222,-0.41611],[-78.91625,-0.36815],[-78.90695,-0.36137],[-78.91482,-0.3464],[-78.94125,-0.33149],[-78.93292,-0.36089],[-78.95637,-0.36271],[-78.96863,-0.38236],[-78.96425,-0.39835],[-78.9733,-0.40859],[-79.01471,-0.42257],[-79.01472,-0.4495],[-79.03205,-0.47359],[-79.03159,-0.48346],[-79.05713,-0.50418],[-79.06997,-0.52341],[-79.08054,-0.52819],[-79.10097,-0.52504],[-79.11296,-0.54182],[-79.10652,-0.54476],[-79.08803,-0.55867],[-79.08349,-0.5668],[-79.09292,-0.58202],[-79.09312,-0.58924],[-79.09759,-0.60143],[-79.10033,-0.60657],[-79.11097,-0.61976],[-79.11375,-0.62705],[-79.11917,-0.63492],[-79.12186,-0.6417],[-79.12892,-0.64938],[-79.13738,-0.69786],[-79.13924,-0.71277],[-79.15195,-0.72185],[-79.16653,-0.74659],[-79.17215,-0.75369],[-79.17632,-0.7606],[-79.18673,-0.76445],[-79.18683,-0.7992],[-79.19538,-0.80641],[-79.21323,-0.80902],[-79.22336,-0.82259],[-79.22314,-0.82798],[-79.22402,-0.83257],[-79.22441,-0.83555],[-79.23284,-0.83331],[-79.23972,-0.85637],[-79.24361,-0.87876],[-79.24913,-0.87851],[-79.26499,-0.88067],[-79.28706,-0.89077],[-79.28706,-0.90859],[-79.30629,-0.92876],[-79.30993,-0.94929],[-79.31653,-0.96336],[-79.31627,-0.96893],[-79.31795,-0.98165],[-79.32021,-0.99729],[-79.29329,-0.98761],[-79.2941,-1.00971],[-79.30243,-1.01616],[-79.31067,-1.04854],[-79.30843,-1.05961],[-79.32006,-1.08691],[-79.32102,-1.09385],[-79.33137,-1.12008],[-79.33994,-1.12585],[-79.33425,-1.12994],[-79.33794,-1.13444],[-79.31503,-1.16666],[-79.29944,-1.17707],[-79.28797,-1.1793],[-79.2888,-1.20175],[-79.2888,-1.20557],[-79.28049,-1.20615],[-79.26686,-1.20917],[-79.23853,-1.19533],[-79.22111,-1.17517],[-79.17928,-1.16861],[-79.14642,-1.15612],[-79.13401,-1.16286],[-79.12212,-1.15176],[-79.1072,-1.14999],[-79.08845,-1.156],[-79.07135,-1.17689],[-79.04586,-1.197],[-79.03433,-1.19781],[-79.01364,-1.21396],[-78.98456,-1.21919],[-78.97357,-1.21169],[-78.95854,-1.21633],[-78.94223,-1.20555],[-78.92708,-1.21306],[-78.89069,-1.2022],[-78.86607,-1.18598],[-78.85929,-1.17358],[-78.84592,-1.18305],[-78.83201,-1.16611],[-78.79776,-1.145],[-78.78218,-1.14598],[-78.76101,-1.13551],[-78.73871,-1.1337],[-78.72516,-1.14982],[-78.68948,-1.15106],[-78.65968,-1.14236],[-78.62594,-1.12642],[-78.61147,-1.11044],[-78.57846,-1.12037],[-78.56718,-1.11155],[-78.57031,-1.09599],[-78.56257,-1.08374],[-78.57653,-1.07398],[-78.55589,-1.05885],[-78.52384,-1.05908],[-78.52063,-1.07087],[-78.50196,-1.09421],[-78.48323,-1.09258],[-78.46285,-1.08441],[-78.45317,-1.06488],[-78.40784,-1.0147],[-78.40953,-0.99824],[-78.3955,-0.99454],[-78.396,-0.96282],[-78.42992,-0.93788],[-78.40932,-0.91324],[-78.42733,-0.88216],[-78.40433,-0.87277],[-78.40098,-0.84691],[-78.39315,-0.83294],[-78.3888,-0.80387],[-78.39383,-0.79854],[-78.39759,-0.76525],[-78.39291,-0.74752],[-78.4111,-0.72412],[-78.39574,-0.70072],[-78.39507,-0.67667]]]},"properties":{"DPA_PROVIN":"05","DPA_DESPRO":"COTOPAXI","a45i3_muy":6147,"a45i3_alta":1374,"a45i3_al_1":2986,"a46i3_muy":91,"a46i3_alta":14,"a46i3_al_1":263,"a46i3_al_2":13658,"a46i3_al_3":0}},
{"type":"Feature","geometry":{"type":"Polygon","coordinates":[[[-78.35741,-1.52087],[-78.36284,-1.49905],[-78.38741,-1.49407],[-78.39489,-1.4848],[-78.42332,-1.48535],[-78.44456,-1.47027],[-78.50569,-1.44036],[-78.51318,-1.47418],[-78.53338,-1.4686],[-78.53991,-1.47978],[-78.55874,-1.47495],[-78.58707,-1.49076],[-78.60194,-1.48936],[-78.62044,-1.50634],[-78.63393,-1.49594],[-78.66689,-1.49998],[-78.69914,-1.48172],[-78.72522,-1.47076],[-78.7369,-1.45622],[-78.77794,-1.43042],[-78.80049,-1.44755],[-78.81374,-1.44522],[-78.8329,-1.46158],[-78.85256,-1.4709],[-78.87779,-1.4914],[-78.86769,-1.51199],[-78.88397,-1.5399],[-78.88392,-1.55175],[-78.89725,-1.59993],[-78.8966,-1.6163],[-78.88767,-1.62956],[-78.86659,-1.63255],[-78.85126,-1.62867],[-78.85288,-1.66521],[-78.86244,-1.67922],[-78.86684,-1.71824],[-78.87532,-1.72119],[-78.87992,-1.7407],[-78.90603,-1.73262],[-78.92159,-1.74046],[-78.93249,-1.75714],[-78.97609,-1.75339],[-78.99949,-1.7715],[-79.0126,-1.77477],[-79.00769,-1.80441],[-79.01754,-1.86418],[-79.01558,-1.88645],[-79.00804,-1.90738],[-79.00867,-1.94206],[-79.00922,-1.9467],[-79.01186,-1.94907],[-79.0167,-1.95969],[-79.01458,-1.97639],[-79.01664,-1.98835],[-79.02655,-2.00984],[-79.03257,-2.03722],[-79.03544,-2.05419],[-79.02972,-2.06863],[-79.0237,-2.07343],[-79.0274,-2.10602],[-79.03661,-2.12637],[-79.05405,-2.14966],[-79.06064,-2.15512],[-79.08092,-2.17836],[-79.11103,-2.20143],[-79.12699,-2.20271],[-79.15767,-2.20338],[-79.19357,-2.19143],[-79.22198,-2.19936],[-79.24834,-2.19635],[-79.24301,-2.21939],[-79.22402,-2.21076],[-79.16905,-2.21506],[-79.14295,-2.21258],[-79.13379,-2.23665],[-79.12358,-2.24657],[-79.09673,-2.26141],[-79.09248,-2.26796],[-79.09094,-2.28316],[-79.06203,-2.3004],[-79.06347,-2.31468],[-79.05072,-2.323],[-79.0447,-2.33942],[-79.02849,-2.35851],[-79.00506,-2.37736],[-78.98623,-2.37583],[-78.97595,-2.38948],[-78.95192,-2.40062],[-78.91601,-2.41213],[-78.89598,-2.40405],[-78.88664,-2.39392],[-78.84237,-2.39753],[-78.8332,-2.38366],[-78.81381,-2.37703],[-78.79128,-2.39133],[-78.79886,-2.40939],[-78.7834,-2.43489],[-78.75603,-2.42647],[-78.7453,-2.43173],[-78.74367,-2.43262],[-78.7169,-2.42643],[-78.69688,-2.4495],[-78.66677,-2.45103],[-78.66248,-2.45226],[-78.66864,-2.46751],[-78.65542,-2.48226],[-78.65566,-2.49071],[-78.64456,-2.50406],[-78.63403,-2.504],[-78.61905,-2.517],[-78.61368,-2.52405],[-78.6024,-2.54442],[-78.57781,-2.54733],[-78.57012,-2.55572],[-78.56787,-2.55685],[-78.56054,-2.57424],[-78.56759,-2.59125],[-78.55539,-2.61643],[-78.53326,-2.62702],[-78.53588,-2.6223],[-78.54821,-2.598],[-78.54232,-2.57781],[-78.50459,-2.52993],[-78.50244,-2.51419],[-78.50133,-2.51214],[-78.49165,-2.49229],[-78.48187,-2.4536],[-78.48482,-2.43701],[-78.46431,-2.4239],[-78.48155,-2.41372],[-78.48761,-2.38329],[-78.50063,-2.38133],[-78.53501,-2.34287],[-78.56073,-2.32668],[-78.58149,-2.32849],[-78.58709,-2.31829],[-78.57778,-2.30595],[-78.55021,-2.30511],[-78.54695,-2.29144],[-78.54647,-2.29053],[-78.53792,-2.28002],[-78.54117,-2.25767],[-78.5344,-2.24018],[-78.51455,-2.2403],[-78.48739,-2.21657],[-78.4979,-2.19753],[-78.50425,-2.15871],[-78.51656,-2.15461],[-78.51312,-2.13279],[-78.49221,-2.12492],[-78.45016,-2.11797],[-78.44596,-2.10222],[-78.43483,-2.0907],[-78.43926,-2.07609],[-78.45207,-2.06501],[-78.45295,-2.04447],[-78.44719,-2.01662],[-78.45917,-1.99225],[-78.47504,-2.00223],[-78.47869,-2.00099],[-78.48788,-1.9801],[-78.48748,-1.96829],[-78.48907,-1.95843],[-78.47569,-1.95319],[-78.46359,-1.94986],[-78.45736,-1.92157],[-78.44318,-1.91091],[-78.43818,-1.90964],[-78.43306,-1.90882],[-78.4304,-1.89852],[-78.42009,-1.88441],[-78.41585,-1.88275],[-78.41044,-1.87938],[-78.40094,-1.86999],[-78.40341,-1.86329],[-78.40144,-1.84709],[-78.41389,-1.83947],[-78.42136,-1.82741],[-78.42033,-1.80499],[-78.43039,-1.79704],[-78.4343,-1.79574],[-78.43908,-1.78717],[-78.44052,-1.77517],[-78.44601,-1.76198],[-78.46149,-1.76062],[-78.45927,-1.74123],[-78.45141,-1.73208],[-78.44971,-1.72708],[-78.44885,-1.72184],[-78.44287,-1.70727],[-78.4413,-1.70308],[-78.43712,-1.69805],[-78.42691,-1.68381],[-78.42317,-1.68448],[-78.40914,-1.67458],[-78.39541,-1.66076],[-78.38407,-1.65535],[-78.37405,-1.65736],[-78.36383,-1.64492],[-78.36662,-1.61423],[-78.3734,-1.59897],[-78.37041,-1.5755],[-78.37638,-1.55768],[-78.37639,-1.5357],[-78.35741,-1.52087]]]},"properties":{"DPA_PROVIN":"06","DPA_DESPRO":"CHIMBORAZO","a45i3_muy":4771,"a45i3_alta":479,"a45i3_al_1":2455,"a46i3_muy":54,"a46i3_alta":6,"a46i3_al_1":229,"a46i3_al_2":10873,"a46i3_al_3":0}},
{"type":"Feature","geometry":{"type":"Polygon","coordinates":[[[-79.77247,-3.0622],[-79.81553,-3.04996],[-79.83778,-3.05495],[-79.85533,-3.04849],[-79.89229,-3.07583],[-79.90235,-3.10238],[-79.9005,-3.12676],[-79.90756,-3.16049],[-79.92643,-3.16288],[-79.93778,-3.17986],[-79.95288,-3.18591],[-79.99986,-3.23287],[-80.00108,-3.26253],[-80.01171,-3.26128],[-80.02169,-3.2415],[-80.02591,-3.21296],[-80.04127,-3.22118],[-80.06054,-3.27617],[-80.08502,-3.30718],[-80.13192,-3.33769],[-80.151,-3.33485],[-80.16214,-3.34072],[-80.23612,-3.33725],[-80.27165,-3.32681],[-80.31369,-3.39213],[-80.27745,-3.41517],[-80.25969,-3.41152],[-80.22159,-3.43559],[-80.2212,-3.44479],[-80.24118,-3.46155],[-80.24311,-3.48648],[-80.21846,-3.49922],[-80.21499,-3.52238],[-80.20682,-3.53354],[-80.21427,-3.5717],[-80.21342,-3.59022],[-80.1897,-3.59827],[-80.19562,-3.62552],[-80.18773,-3.63021],[-80.18701,-3.66898],[-80.19957,-3.68792],[-80.19405,-3.70847],[-80.18527,-3.71572],[-80.18037,-3.73559],[-80.19238,-3.74891],[-80.18225,-3.78563],[-80.16086,-3.80332],[-80.16302,-3.82804],[-80.15305,-3.84838],[-80.15884,-3.87011],[-80.135,-3.88896],[-80.12767,-3.88867],[-80.11136,-3.88457],[-80.06341,-3.88217],[-80.0418,-3.87254],[-80.03128,-3.87357],[-79.99217,-3.84693],[-79.95421,-3.82829],[-79.89408,-3.82765],[-79.87249,-3.82129],[-79.85366,-3.82451],[-79.81951,-3.8404],[-79.78553,-3.84451],[-79.74589,-3.83146],[-79.72072,-3.83071],[-79.70614,-3.82235],[-79.68547,-3.79673],[-79.68488,-3.78391],[-79.67021,-3.77286],[-79.65858,-3.77376],[-79.63265,-3.76355],[-79.61907,-3.75012],[-79.60736,-3.75236],[-79.58387,-3.7907],[-79.55945,-3.80308],[-79.51688,-3.78839],[-79.50102,-3.78974],[-79.4926,-3.80104],[-79.47661,-3.8013],[-79.44894,-3.81305],[-79.42875,-3.79421],[-79.4064,-3.786],[-79.40316,-3.7531],[-79.41598,-3.72569],[-79.37553,-3.69004],[-79.36634,-3.66011],[-79.38029,-3.62807],[-79.39705,-3.61005],[-79.41561,-3.607],[-79.42159,-3.58256],[-79.43138,-3.57962],[-79.45436,-3.61052],[-79.47278,-3.62086],[-79.48235,-3.6361],[-79.49865,-3.60961],[-79.48229,-3.58807],[-79.47742,-3.56773],[-79.48124,-3.51647],[-79.45925,-3.49869],[-79.44421,-3.47039],[-79.42567,-3.45639],[-79.42213,-3.44333],[-79.43386,-3.42966],[-79.46128,-3.43149],[-79.47471,-3.39741],[-79.46887,-3.36105],[-79.46027,-3.34268],[-79.46152,-3.33017],[-79.48271,-3.31533],[-79.51445,-3.30765],[-79.55393,-3.31643],[-79.56933,-3.31471],[-79.58013,-3.32508],[-79.5966,-3.32241],[-79.61082,-3.32933],[-79.63167,-3.32117],[-79.65615,-3.32599],[-79.66034,-3.31861],[-79.64448,-3.30254],[-79.63331,-3.26782],[-79.63678,-3.24827],[-79.62216,-3.22731],[-79.6021,-3.21616],[-79.59986,-3.17618],[-79.61663,-3.15142],[-79.61972,-3.13665],[-79.64439,-3.13084],[-79.65816,-3.12733],[-79.67296,-3.12106],[-79.68114,-3.11567],[-79.69334,-3.10403],[-79.70644,-3.10449],[-79.71631,-3.09971],[-79.72774,-3.09854],[-79.74078,-3.08691],[-79.75687,-3.07014],[-79.76305,-3.06728],[-79.76377,-3.06226],[-79.77247,-3.0622]]]},"properties":{"DPA_PROVIN":"07","DPA_DESPRO":"EL ORO","a45i3_muy":2866,"a45i3_alta":1834,"a45i3_al_1":3297,"a46i3_muy":38,"a46i3_alta":14,"a46i3_al_1":318,"a46i3_al_2":13796,"a46i3_al_3":0}},
{"type":"Feature","geometry":{"type":"Polygon","coordinates":[[[-78.50876,1.18894],[-78.52087,1.21384],[-78.53951,1.22976],[-78.55412,1.2512],[-78.59344,1.23861],[-78.61443,1.24633],[-78.62745,1.26189],[-78.6493,1.27707],[-78.66275,1.3209],[-78.70281,1.33955],[-78.70969,1.35869],[-78.73172,1.36845],[-78.75888,1.39386],[-78.77948,1.39212],[-78.78257,1.40568],[-78.7961,1.41097],[-78.80223,1.42822],[-78.83537,1.44201],[-78.86869,1.46958],[-78.88282,1.44636],[-78.88342,1.41405],[-78.8912,1.39898],[-78.88601,1.38311],[-78.9145,1.36831],[-78.93644,1.33862],[-78.97659,1.29688],[-78.98306,1.28157],[-79.00881,1.26979],[-79.02527,1.25343],[-79.04805,1.24043],[-79.05112,1.22173],[-79.0638,1.21094],[-79.09107,1.16795],[-79.1291,1.12324],[-79.154,1.10284],[-79.20962,1.08242],[-79.25051,1.0729],[-79.25949,1.08721],[-79.29474,1.07774],[-79.30334,1.08229],[-79.34031,1.071],[-79.38347,1.07151],[-79.39273,1.08315],[-79.41596,1.07641],[-79.55374,0.99372],[-79.58051,0.9873],[-79.60935,0.98512],[-79.65199,0.99412],[-79.70945,0.96839],[-79.73806,0.96445],[-79.77914,0.92778],[-79.80727,0.89598],[-79.86901,0.86399],[-79.88157,0.87155],[-79.90547,0.85269],[-79.9152,0.85478],[-79.94783,0.82911],[-79.9794,0.81812],[-80.01568,0.81898],[-80.06022,0.81571],[-80.08045,0.79265],[-80.0996,0.75242],[-80.0948,0.71994],[-80.10217,0.69539],[-80.10047,0.681],[-80.08685,0.6501],[-80.06841,0.65305],[-80.04484,0.63184],[-80.02696,0.60503],[-80.01411,0.57664],[-80.00294,0.5661],[-80.01886,0.5121],[-80.03117,0.5097],[-80.05537,0.46613],[-80.03996,0.43093],[-80.02525,0.41742],[-80.03409,0.40254],[-80.03002,0.37388],[-80.00582,0.35704],[-79.99486,0.34371],[-79.98798,0.2925],[-79.97111,0.26335],[-79.94538,0.26192],[-79.93174,0.25404],[-79.91863,0.2759],[-79.90367,0.27756],[-79.89525,0.31257],[-79.8855,0.32214],[-79.86426,0.31468],[-79.83807,0.32411],[-79.82637,0.31833],[-79.81716,0.33187],[-79.80521,0.36305],[-79.77947,0.37709],[-79.7623,0.38181],[-79.72872,0.37505],[-79.71677,0.36592],[-79.70566,0.34317],[-79.72067,0.32562],[-79.71808,0.29277],[-79.69749,0.28952],[-79.68654,0.2742],[-79.67328,0.27583],[-79.66601,0.26436],[-79.68646,0.22726],[-79.70479,0.21179],[-79.7101,0.18478],[-79.67703,0.16367],[-79.66533,0.17808],[-79.64056,0.15241],[-79.62773,0.15775],[-79.60892,0.13138],[-79.58024,0.10691],[-79.59191,0.08561],[-79.6044,0.07558],[-79.59721,0.06392],[-79.61644,0.05691],[-79.62377,0.04366],[-79.62297,0.01384],[-79.61203,0.00931],[-79.60576,-0.02147],[-79.57993,-0.01835],[-79.55238,-0.02515],[-79.47158,-0.03102],[-79.44864,-0.03968],[-79.44719,-0.02659],[-79.45593,-0.00188],[-79.44656,0.00467],[-79.42448,0.00482],[-79.42885,0.02341],[-79.40695,0.02589],[-79.36798,0.02242],[-79.36976,0.03063],[-79.36702,0.04345],[-79.36802,0.05377],[-79.35474,0.06742],[-79.35327,0.08088],[-79.3481,0.09665],[-79.33743,0.10879],[-79.33181,0.11508],[-79.33006,0.128],[-79.3316,0.13792],[-79.32491,0.1562],[-79.31395,0.15789],[-79.3041,0.17323],[-79.30648,0.18282],[-79.32031,0.19668],[-79.33208,0.21166],[-79.34343,0.21167],[-79.34727,0.21145],[-79.35047,0.22087],[-79.35741,0.23036],[-79.36256,0.24057],[-79.35968,0.24293],[-79.35164,0.24631],[-79.319,0.25465],[-79.30161,0.26481],[-79.29575,0.26772],[-79.28185,0.28558],[-79.27304,0.32233],[-79.27204,0.3369],[-79.2585,0.34135],[-79.23186,0.33963],[-79.20605,0.34451],[-79.18859,0.34126],[-79.16345,0.34776],[-79.14362,0.3416],[-79.07981,0.3337],[-79.04977,0.31787],[-79.04277,0.30317],[-79.02261,0.30693],[-78.9838,0.33122],[-78.95904,0.35154],[-78.94347,0.38202],[-78.911,0.40154],[-78.91101,0.36265],[-78.89533,0.368],[-78.89254,0.38624],[-78.87252,0.39867],[-78.85599,0.42486],[-78.83363,0.4356],[-78.81409,0.41797],[-78.79332,0.41025],[-78.78663,0.40143],[-78.7655,0.40779],[-78.74819,0.401],[-78.71776,0.40277],[-78.70603,0.3974],[-78.69924,0.38302],[-78.68075,0.37395],[-78.64843,0.38353],[-78.64132,0.39714],[-78.61706,0.41061],[-78.60677,0.45294],[-78.59234,0.46775],[-78.5603,0.48259],[-78.55443,0.51628],[-78.51913,0.53056],[-78.50629,0.54367],[-78.49043,0.54507],[-78.46524,0.53201],[-78.44719,0.55685],[-78.43027,0.57204],[-78.42639,0.58593],[-78.43315,0.60831],[-78.46078,0.62881],[-78.46655,0.65102],[-78.49012,0.69152],[-78.49235,0.70587],[-78.50932,0.70897],[-78.52133,0.73092],[-78.51866,0.75711],[-78.53245,0.76816],[-78.50754,0.77502],[-78.49389,0.76733],[-78.46737,0.77383],[-78.44271,0.80581],[-78.44839,0.83768],[-78.45449,0.84252],[-78.4535,0.87599],[-78.46157,0.88541],[-78.48833,0.88676],[-78.49912,0.89407],[-78.53345,0.93233],[-78.54683,0.94158],[-78.53633,0.98056],[-78.5477,1.01096],[-78.54423,1.04531],[-78.51893,1.06832],[-78.50468,1.07191],[-78.50774,1.09563],[-78.50313,1.12846],[-78.50876,1.18894]]]},"properties":{"DPA_PROVIN":"08","DPA_DESPRO":"ESMERALDAS","a45i3_muy":13772,"a45i3_alta":518,"a45i3_al_1":4720,"a46i3_muy":158,"a46i3_alta":3,"a46i3_al_1":657,"a46i3_al_2":24748,"a46i3_al_3":0}},
{"type":"Feature","geometry":{"type":"MultiPolygon","coordinates":[[[[-80.03258,-2.67558],[-80.06381,-2.6797],[-80.07883,-2.68775],[-80.11145,-2.69287],[-80.12375,-2.70685],[-80.15493,-2.71784],[-80.17467,-2.71955],[-80.18257,-2.72776],[-80.20315,-2.73018],[-80.2193,-2.73911],[-80.2175,-2.7605],[-80.23496,-2.78329],[-80.25238,-2.82888],[-80.25741,-2.83128],[-80.26298,-2.86203],[-80.26082,-2.90303],[-80.26208,-2.95596],[-80.26657,-2.98702],[-80.27394,-3.0049],[-80.25736,-3.02686],[-80.23764,-3.03295],[-80.21146,-3.03458],[-80.19269,-3.04117],[-80.17068,-3.02762],[-80.16928,-3.01764],[-80.13982,-3.02297],[-80.12424,-3.02049],[-80.12392,-3.00875],[-80.0976,-2.97145],[-80.09391,-2.93347],[-80.06562,-2.92805],[-80.04118,-2.88745],[-80.02277,-2.8473],[-80.00894,-2.83349],[-80.00214,-2.81656],[-79.96598,-2.79376],[-79.93128,-2.79265],[-79.90648,-2.76831],[-79.89991,-2.74433],[-79.91929,-2.73105],[-79.9511,-2.71562],[-79.96761,-2.7118],[-79.98834,-2.69181],[-80.01414,-2.67884],[-80.03258,-2.67558]]],[[[-79.83965,-2.6595],[-79.83545,-2.65062],[-79.83496,-2.61257],[-79.81659,-2.55278],[-79.82563,-2.51943],[-79.83981,-2.48225],[-79.85179,-2.4739],[-79.85974,-2.49697],[-79.86353,-2.53983],[-79.88569,-2.62058],[-79.88917,-2.64776],[-79.85625,-2.66457],[-79.83965,-2.6595]]],[[[-79.79447,-2.53032],[-79.78393,-2.52025],[-79.8023,-2.49021],[-79.80501,-2.44842],[-79.81896,-2.41901],[-79.83685,-2.41205],[-79.8413,-2.45424],[-79.83284,-2.46673],[-79.82514,-2.49272],[-79.80414,-2.52558],[-79.79447,-2.53032]]],[[[-79.7798,-1.29245],[-79.77893,-1.27917],[-79.76671,-1.27024],[-79.75221,-1.24436],[-79.75838,-1.23638],[-79.74758,-1.21877],[-79.749,-1.19676],[-79.73665,-1.18039],[-79.72127,-1.18318],[-79.71672,-1.15508],[-79.68976,-1.15338],[-79.67135,-1.11406],[-79.6523,-1.11823],[-79.61668,-1.06405],[-79.59724,-1.072],[-79.57491,-1.04778],[-79.57791,-1.02821],[-79.57351,-1.0021],[-79.55753,-0.97915],[-79.52463,-0.97169],[-79.54449,-0.95548],[-79.54284,-0.93052],[-79.5322,-0.92522],[-79.50697,-0.85821],[-79.53505,-0.84788],[-79.56052,-0.85186],[-79.57668,-0.84441],[-79.60073,-0.85773],[-79.61941,-0.85967],[-79.62963,-0.87737],[-79.64401,-0.88119],[-79.66292,-0.90337],[-79.6706,-0.89134],[-79.68517,-0.90331],[-79.70034,-0.88618],[-79.73023,-0.88379],[-79.75373,-0.9305],[-79.77083,-0.94674],[-79.77442,-0.98011],[-79.7876,-0.97757],[-79.8005,-0.98955],[-79.8002,-1.02281],[-79.81242,-1.03335],[-79.81276,-1.04586],[-79.83342,-1.05016],[-79.84371,-1.08183],[-79.86151,-1.10002],[-79.8746,-1.10392],[-79.90362,-1.12665],[-79.90872,-1.13945],[-79.9404,-1.15573],[-79.95521,-1.13859],[-79.96566,-1.14202],[-79.97021,-1.16862],[-79.9863,-1.17636],[-79.9935,-1.19367],[-80.0108,-1.20495],[-80.02045,-1.24273],[-80.03784,-1.25392],[-80.03229,-1.27246],[-80.04717,-1.28737],[-80.06955,-1.29713],[-80.08997,-1.32309],[-80.13754,-1.32412],[-80.15376,-1.36676],[-80.14216,-1.38071],[-80.14486,-1.40721],[-80.19545,-1.42202],[-80.19213,-1.43525],[-80.20591,-1.49665],[-80.19777,-1.51459],[-80.1755,-1.52844],[-80.1927,-1.55082],[-80.22021,-1.57432],[-80.23536,-1.5742],[-80.24515,-1.56627],[-80.28202,-1.57074],[-80.25259,-1.61615],[-80.22363,-1.61615],[-80.22387,-1.64935],[-80.2082,-1.67506],[-80.21682,-1.69531],[-80.23926,-1.69347],[-80.26479,-1.6783],[-80.28835,-1.67914],[-80.29993,-1.68715],[-80.32461,-1.69125],[-80.33497,-1.70625],[-80.33398,-1.72387],[-80.35117,-1.72314],[-80.36245,-1.73946],[-80.38258,-1.75178],[-80.39028,-1.77183],[-80.40545,-1.77453],[-80.41915,-1.78631],[-80.42577,-1.80842],[-80.40749,-1.83149],[-80.4282,-1.83647],[-80.42757,-1.85451],[-80.43911,-1.85895],[-80.42994,-1.89539],[-80.43004,-1.92145],[-80.44042,-1.94314],[-80.43699,-1.95658],[-80.4174,-1.96983],[-80.41416,-1.98126],[-80.37181,-1.98757],[-80.34174,-2.00125],[-80.34017,-2.02882],[-80.32594,-2.04047],[-80.31353,-2.07488],[-80.29089,-2.09143],[-80.27881,-2.07825],[-80.25043,-2.11001],[-80.24412,-2.12829],[-80.25045,-2.15505],[-80.24065,-2.1673],[-80.23738,-2.18789],[-80.20032,-2.21066],[-80.20786,-2.22518],[-80.22826,-2.22983],[-80.23486,-2.25185],[-80.26351,-2.2441],[-80.26475,-2.26463],[-80.28336,-2.27361],[-80.28183,-2.30062],[-80.28894,-2.30451],[-80.28282,-2.3349],[-80.32903,-2.34691],[-80.37417,-2.34679],[-80.38149,-2.36606],[-80.4096,-2.3828],[-80.44755,-2.37459],[-80.44645,-2.39762],[-80.46136,-2.41398],[-80.45258,-2.4549],[-80.46544,-2.47257],[-80.45974,-2.49137],[-80.47583,-2.49142],[-80.49241,-2.5003],[-80.52194,-2.48916],[-80.5406,-2.48929],[-80.56355,-2.50677],[-80.49667,-2.57162],[-80.45036,-2.62884],[-80.43579,-2.64109],[-80.40971,-2.64461],[-80.39798,-2.63757],[-80.386,-2.64575],[-80.36446,-2.67401],[-80.31379,-2.71553],[-80.28074,-2.73458],[-80.25843,-2.74296],[-80.24903,-2.73845],[-80.24121,-2.70673],[-80.25361,-2.68327],[-80.25758,-2.64787],[-80.23017,-2.63675],[-80.21543,-2.61957],[-80.21366,-2.60822],[-80.19752,-2.60005],[-80.1731,-2.59648],[-80.15928,-2.56674],[-80.14552,-2.56927],[-80.10715,-2.52888],[-80.08381,-2.49146],[-80.07838,-2.47448],[-80.06695,-2.46183],[-80.05402,-2.43163],[-80.0497,-2.40651],[-80.03282,-2.38998],[-80.02942,-2.36324],[-80.01352,-2.34235],[-79.98871,-2.3457],[-79.96913,-2.33599],[-79.96065,-2.32107],[-79.93625,-2.30035],[-79.90846,-2.30532],[-79.91698,-2.31702],[-79.93851,-2.31457],[-79.97416,-2.35981],[-79.98499,-2.36725],[-80.00442,-2.36421],[-80.01143,-2.40597],[-80.02598,-2.43482],[-80.02227,-2.44433],[-80.03201,-2.47241],[-80.03575,-2.49992],[-80.01637,-2.50727],[-80.0177,-2.53089],[-80.03551,-2.55688],[-80.05137,-2.55495],[-80.06598,-2.56814],[-80.06837,-2.59015],[-80.05848,-2.61281],[-80.03051,-2.61386],[-79.98952,-2.65146],[-79.93766,-2.65556],[-79.93962,-2.61415],[-79.92712,-2.58961],[-79.918,-2.58996],[-79.89909,-2.57416],[-79.88605,-2.52364],[-79.87108,-2.4831],[-79.86552,-2.45325],[-79.85582,-2.43155],[-79.85986,-2.39661],[-79.83326,-2.39541],[-79.81313,-2.41498],[-79.79746,-2.44768],[-79.79504,-2.48557],[-79.76965,-2.52108],[-79.76899,-2.53343],[-79.78435,-2.54309],[-79.79327,-2.56941],[-79.79497,-2.58961],[-79.80364,-2.61904],[-79.80164,-2.63801],[-79.78684,-2.64468],[-79.78541,-2.66006],[-79.79445,-2.6685],[-79.79044,-2.68851],[-79.79305,-2.73547],[-79.80872,-2.78902],[-79.81655,-2.79213],[-79.81942,-2.8273],[-79.81595,-2.84503],[-79.83475,-2.87443],[-79.85209,-2.89051],[-79.85402,-2.94099],[-79.85254,-2.97685],[-79.84596,-2.99968],[-79.86983,-3.04874],[-79.85533,-3.04849],[-79.83778,-3.05495],[-79.81553,-3.04996],[-79.77247,-3.0622],[-79.76813,-3.06067],[-79.76028,-3.06341],[-79.7454,-3.04516],[-79.73405,-3.00999],[-79.71355,-3.01525],[-79.71594,-2.9946],[-79.72587,-2.97921],[-79.70945,-2.97312],[-79.68957,-2.9767],[-79.66995,-2.97151],[-79.65492,-2.98536],[-79.63552,-2.9776],[-79.64585,-2.9561],[-79.63468,-2.95086],[-79.60827,-2.92101],[-79.59384,-2.91777],[-79.59493,-2.89556],[-79.56122,-2.89556],[-79.55619,-2.87764],[-79.5917,-2.8766],[-79.60139,-2.85775],[-79.62225,-2.85452],[-79.64719,-2.84271],[-79.67032,-2.82485],[-79.63778,-2.81551],[-79.61694,-2.81381],[-79.50294,-2.76774],[-79.4883,-2.69298],[-79.48697,-2.67785],[-79.46004,-2.65739],[-79.4731,-2.60757],[-79.44052,-2.60318],[-79.425,-2.60678],[-79.425,-2.55577],[-79.42829,-2.51804],[-79.39749,-2.5169],[-79.3917,-2.52965],[-79.37919,-2.52965],[-79.39085,-2.50001],[-79.4188,-2.49799],[-79.43423,-2.50285],[-79.45289,-2.49858],[-79.48848,-2.51095],[-79.50566,-2.49957],[-79.52234,-2.50535],[-79.52419,-2.48785],[-79.51284,-2.48644],[-79.48948,-2.46645],[-79.47695,-2.4645],[-79.46694,-2.44916],[-79.43627,-2.43868],[-79.42525,-2.43062],[-79.44812,-2.42007],[-79.41868,-2.37833],[-79.4314,-2.37935],[-79.43065,-2.35926],[-79.42005,-2.35955],[-79.41602,-2.33589],[-79.40175,-2.3431],[-79.39334,-2.35875],[-79.36724,-2.36035],[-79.33597,-2.37153],[-79.33181,-2.38511],[-79.30633,-2.40102],[-79.27498,-2.38808],[-79.2461,-2.3498],[-79.20973,-2.34647],[-79.19326,-2.32256],[-79.20113,-2.30982],[-79.17537,-2.30379],[-79.17291,-2.28498],[-79.14295,-2.23478],[-79.14295,-2.21258],[-79.16905,-2.21506],[-79.22402,-2.21076],[-79.24301,-2.21939],[-79.24834,-2.19635],[-79.22198,-2.19936],[-79.19357,-2.19143],[-79.15767,-2.20338],[-79.12699,-2.20271],[-79.13215,-2.17474],[-79.11665,-2.16266],[-79.11019,-2.14465],[-79.12166,-2.13705],[-79.12729,-2.11773],[-79.16209,-2.12199],[-79.17553,-2.14587],[-79.21897,-2.12494],[-79.22826,-2.11768],[-79.23581,-2.104],[-79.24443,-2.11031],[-79.23854,-2.11573],[-79.2459,-2.12512],[-79.27121,-2.1041],[-79.29135,-2.09745],[-79.31729,-2.08182],[-79.31724,-2.06311],[-79.33676,-2.02683],[-79.35551,-2.00357],[-79.36956,-1.97189],[-79.39949,-1.96638],[-79.41145,-1.95532],[-79.40835,-1.94218],[-79.43538,-1.93996],[-79.45148,-1.93003],[-79.45601,-1.9167],[-79.47804,-1.90873],[-79.48934,-1.88425],[-79.51628,-1.88164],[-79.5556,-1.88555],[-79.56255,-1.89899],[-79.61999,-1.91294],[-79.63711,-1.89914],[-79.64819,-1.8992],[-79.64819,-1.92193],[-79.67102,-1.91011],[-79.67545,-1.88641],[-79.6868,-1.86772],[-79.69881,-1.86888],[-79.73184,-1.84059],[-79.73037,-1.8091],[-79.74882,-1.78319],[-79.74338,-1.74611],[-79.74978,-1.7334],[-79.77837,-1.72061],[-79.79402,-1.71946],[-79.81445,-1.70769],[-79.82451,-1.70845],[-79.82984,-1.68154],[-79.85125,-1.67151],[-79.83765,-1.65482],[-79.85274,-1.64418],[-79.87132,-1.60186],[-79.85443,-1.56563],[-79.87154,-1.55486],[-79.87002,-1.53085],[-79.87607,-1.51446],[-79.86811,-1.47643],[-79.87153,-1.45827],[-79.86471,-1.45035],[-79.86481,-1.42351],[-79.84806,-1.38672],[-79.83068,-1.36834],[-79.81315,-1.35507],[-79.80277,-1.33986],[-79.78989,-1.29431],[-79.7798,-1.29245]]]]},"properties":{"DPA_PROVIN":"09","DPA_DESPRO":"GUAYAS","a45i3_muy":26774,"a45i3_alta":2705,"a45i3_al_1":21652,"a46i3_muy":488,"a46i3_alta":66,"a46i3_al_1":2337,"a46i3_al_2":97726,"a46i3_al_3":0}},
{"type":"Feature","geometry":{"type":"Polygon","coordinates":[[[-78.4535,0.87599],[-78.45449,0.84252],[-78.44839,0.83768],[-78.44271,0.80581],[-78.46737,0.77383],[-78.49389,0.76733],[-78.50754,0.77502],[-78.53245,0.76816],[-78.51866,0.75711],[-78.52133,0.73092],[-78.50932,0.70897],[-78.49235,0.70587],[-78.49012,0.69152],[-78.46655,0.65102],[-78.46078,0.62881],[-78.43315,0.60831],[-78.42639,0.58593],[-78.43027,0.57204],[-78.44719,0.55685],[-78.46524,0.53201],[-78.49043,0.54507],[-78.50629,0.54367],[-78.51913,0.53056],[-78.55443,0.51628],[-78.5603,0.48259],[-78.59234,0.46775],[-78.60677,0.45294],[-78.61706,0.41061],[-78.64132,0.39714],[-78.64843,0.38353],[-78.68075,0.37395],[-78.69924,0.38302],[-78.70603,0.3974],[-78.71776,0.40277],[-78.74819,0.401],[-78.7655,0.40779],[-78.78663,0.40143],[-78.79332,0.41025],[-78.81409,0.41797],[-78.83363,0.4356],[-78.85599,0.42486],[-78.87252,0.39867],[-78.89254,0.38624],[-78.89533,0.368],[-78.91101,0.36265],[-78.911,0.40154],[-78.94347,0.38202],[-78.95904,0.35154],[-78.9838,0.33122],[-79.02261,0.30693],[-79.04277,0.30317],[-79.04977,0.31787],[-79.07981,0.3337],[-79.14362,0.3416],[-79.16345,0.34776],[-79.18859,0.34126],[-79.20605,0.34451],[-79.23186,0.33963],[-79.2585,0.34135],[-79.27204,0.3369],[-79.27304,0.32233],[-79.26747,0.31787],[-79.23397,0.32665],[-79.21592,0.32121],[-79.21104,0.31894],[-79.2014,0.32036],[-79.18193,0.31437],[-79.17355,0.31506],[-79.1682,0.3153],[-79.16069,0.31756],[-79.14825,0.3163],[-79.14158,0.32161],[-79.12767,0.31745],[-79.11894,0.31052],[-79.11522,0.30071],[-79.11154,0.29833],[-79.11225,0.30241],[-79.11365,0.30531],[-79.10445,0.30452],[-79.09729,0.30193],[-79.08464,0.30009],[-79.06293,0.30573],[-79.05749,0.29585],[-79.03112,0.29253],[-79.02132,0.27931],[-79.01778,0.27301],[-79.01676,0.26445],[-79.01699,0.25242],[-79.01505,0.24266],[-79.01653,0.23776],[-79.00214,0.22333],[-78.99389,0.21677],[-78.9783,0.21178],[-78.966,0.22316],[-78.96433,0.21513],[-78.95408,0.20672],[-78.94769,0.20392],[-78.9287,0.21894],[-78.90933,0.21337],[-78.8808,0.22229],[-78.8695,0.23381],[-78.8336,0.24146],[-78.81115,0.23053],[-78.77703,0.24335],[-78.75387,0.24013],[-78.71844,0.21962],[-78.69929,0.21705],[-78.68861,0.22301],[-78.67474,0.21048],[-78.64954,0.21481],[-78.63545,0.20737],[-78.62499,0.21804],[-78.57561,0.22529],[-78.56218,0.20787],[-78.53586,0.20657],[-78.52415,0.21336],[-78.51016,0.24383],[-78.48838,0.26805],[-78.46635,0.25968],[-78.45727,0.2445],[-78.4456,0.20928],[-78.43258,0.1961],[-78.41575,0.21669],[-78.40236,0.24067],[-78.37653,0.25656],[-78.34388,0.23027],[-78.36653,0.17833],[-78.35498,0.17486],[-78.34323,0.19142],[-78.30693,0.18299],[-78.30005,0.1726],[-78.30216,0.1557],[-78.28515,0.15117],[-78.28291,0.12868],[-78.26682,0.13777],[-78.24256,0.12265],[-78.20164,0.12787],[-78.18658,0.13588],[-78.15552,0.14113],[-78.14597,0.15101],[-78.10774,0.15849],[-78.09233,0.18633],[-78.04531,0.19084],[-78.03138,0.18825],[-78.00189,0.17204],[-77.96724,0.16874],[-77.9652,0.1579],[-77.95691,0.15781],[-77.93876,0.1804],[-77.92395,0.18177],[-77.92576,0.19566],[-77.90474,0.20584],[-77.88606,0.19974],[-77.87047,0.20778],[-77.87232,0.21803],[-77.84764,0.25901],[-77.82918,0.27406],[-77.84532,0.27912],[-77.85046,0.30649],[-77.82395,0.32562],[-77.82045,0.3442],[-77.81104,0.35415],[-77.83444,0.34428],[-77.83796,0.35651],[-77.85323,0.36496],[-77.86698,0.3817],[-77.89677,0.38999],[-77.92372,0.40157],[-77.94488,0.43149],[-77.95807,0.43189],[-77.99332,0.44876],[-77.9991,0.46428],[-78.0111,0.47356],[-78.02393,0.47121],[-78.06769,0.47382],[-78.08979,0.47975],[-78.10483,0.49601],[-78.11146,0.52033],[-78.12787,0.52676],[-78.13053,0.55194],[-78.12533,0.57099],[-78.142,0.59128],[-78.13299,0.61028],[-78.14089,0.62534],[-78.1526,0.62625],[-78.16855,0.65959],[-78.18678,0.66883],[-78.20444,0.70355],[-78.20436,0.71809],[-78.23481,0.74508],[-78.26732,0.76733],[-78.26638,0.77905],[-78.29357,0.79426],[-78.3018,0.79236],[-78.32689,0.82009],[-78.34698,0.81664],[-78.36426,0.8256],[-78.38643,0.82509],[-78.42267,0.85309],[-78.4355,0.87299],[-78.4535,0.87599]]]},"properties":{"DPA_PROVIN":"10","DPA_DESPRO":"IMBABURA","a45i3_muy":3484,"a45i3_alta":1847,"a45i3_al_1":3130,"a46i3_muy":51,"a46i3_alta":18,"a46i3_al_1":217,"a46i3_al_2":10646,"a46i3_al_3":0}},
{"type":"Feature","geometry":{"type":"Polygon","coordinates":[[[-79.09513,-3.62499],[-79.13344,-3.59841],[-79.13958,-3.55845],[-79.13315,-3.54066],[-79.15891,-3.50381],[-79.16055,-3.47153],[-79.17972,-3.45707],[-79.18028,-3.4425],[-79.20846,-3.44892],[-79.25647,-3.47567],[-79.2768,-3.47662],[-79.30345,-3.42877],[-79.30845,-3.39994],[-79.30117,-3.37711],[-79.30515,-3.35758],[-79.32937,-3.34885],[-79.33435,-3.33981],[-79.38165,-3.3467],[-79.42281,-3.34167],[-79.46152,-3.33017],[-79.46027,-3.34268],[-79.46887,-3.36105],[-79.47471,-3.39741],[-79.46128,-3.43149],[-79.43386,-3.42966],[-79.42213,-3.44333],[-79.42567,-3.45639],[-79.44421,-3.47039],[-79.45925,-3.49869],[-79.48124,-3.51647],[-79.47742,-3.56773],[-79.48229,-3.58807],[-79.49865,-3.60961],[-79.48235,-3.6361],[-79.47278,-3.62086],[-79.45436,-3.61052],[-79.43138,-3.57962],[-79.42159,-3.58256],[-79.41561,-3.607],[-79.39705,-3.61005],[-79.38029,-3.62807],[-79.36634,-3.66011],[-79.37553,-3.69004],[-79.41598,-3.72569],[-79.40316,-3.7531],[-79.4064,-3.786],[-79.42875,-3.79421],[-79.44894,-3.81305],[-79.47661,-3.8013],[-79.4926,-3.80104],[-79.50102,-3.78974],[-79.51688,-3.78839],[-79.55945,-3.80308],[-79.58387,-3.7907],[-79.60736,-3.75236],[-79.61907,-3.75012],[-79.63265,-3.76355],[-79.65858,-3.77376],[-79.67021,-3.77286],[-79.68488,-3.78391],[-79.68547,-3.79673],[-79.70614,-3.82235],[-79.72072,-3.83071],[-79.74589,-3.83146],[-79.78553,-3.84451],[-79.81951,-3.8404],[-79.85366,-3.82451],[-79.87249,-3.82129],[-79.89408,-3.82765],[-79.95421,-3.82829],[-79.99217,-3.84693],[-80.03128,-3.87357],[-80.0418,-3.87254],[-80.06341,-3.88217],[-80.11136,-3.88457],[-80.12767,-3.88867],[-80.14073,-3.91295],[-80.15815,-3.91288],[-80.17106,-3.92524],[-80.21539,-3.95571],[-80.24066,-3.95639],[-80.24181,-3.96834],[-80.25409,-3.97958],[-80.26282,-3.99999],[-80.27246,-4.0079],[-80.3003,-4.01709],[-80.32419,-4.01103],[-80.33886,-3.99232],[-80.35362,-3.99456],[-80.36664,-3.98176],[-80.38912,-3.98927],[-80.39858,-3.98121],[-80.41262,-3.99146],[-80.43017,-3.98945],[-80.44653,-3.99688],[-80.45091,-4.03095],[-80.46805,-4.03419],[-80.4768,-4.06744],[-80.48635,-4.08229],[-80.47692,-4.10278],[-80.44907,-4.12905],[-80.44914,-4.20885],[-80.43488,-4.19609],[-80.41921,-4.20225],[-80.40905,-4.21742],[-80.38783,-4.20203],[-80.37189,-4.1975],[-80.35505,-4.2185],[-80.33999,-4.20857],[-80.32937,-4.22299],[-80.35265,-4.25831],[-80.36775,-4.27008],[-80.36774,-4.28221],[-80.38529,-4.29115],[-80.41233,-4.31687],[-80.42672,-4.33579],[-80.42941,-4.35172],[-80.4532,-4.38201],[-80.44965,-4.44274],[-80.43839,-4.45641],[-80.41956,-4.46008],[-80.38166,-4.47733],[-80.33101,-4.46518],[-80.29064,-4.43416],[-80.2956,-4.4263],[-80.28639,-4.40971],[-80.26635,-4.41146],[-80.24843,-4.39311],[-80.22377,-4.37935],[-80.21961,-4.35497],[-80.20471,-4.34964],[-80.19855,-4.33715],[-80.18591,-4.33465],[-80.17944,-4.30094],[-80.15702,-4.30436],[-80.14215,-4.28583],[-80.13587,-4.29647],[-80.09722,-4.29444],[-80.06099,-4.311],[-80.05486,-4.3273],[-80.04059,-4.33571],[-80.03481,-4.34896],[-80.01409,-4.35736],[-80.00893,-4.36876],[-79.98827,-4.38111],[-79.97709,-4.37963],[-79.9593,-4.39555],[-79.92872,-4.39374],[-79.91939,-4.38586],[-79.884,-4.41027],[-79.8703,-4.41413],[-79.8571,-4.43338],[-79.85319,-4.45169],[-79.81229,-4.49128],[-79.79323,-4.49382],[-79.75095,-4.48376],[-79.71996,-4.46809],[-79.70819,-4.4721],[-79.65513,-4.43414],[-79.64484,-4.43368],[-79.60259,-4.45602],[-79.57979,-4.48858],[-79.58066,-4.49824],[-79.55003,-4.5139],[-79.5442,-4.52587],[-79.52142,-4.52616],[-79.50574,-4.51692],[-79.48472,-4.53679],[-79.47962,-4.57218],[-79.49344,-4.57805],[-79.48606,-4.6281],[-79.4696,-4.64112],[-79.46304,-4.65495],[-79.45751,-4.70135],[-79.42767,-4.7473],[-79.41436,-4.72155],[-79.40207,-4.72206],[-79.39299,-4.69488],[-79.39476,-4.6789],[-79.38089,-4.65729],[-79.35926,-4.6495],[-79.3533,-4.62572],[-79.33339,-4.60623],[-79.32742,-4.57773],[-79.33717,-4.5477],[-79.32783,-4.53179],[-79.32729,-4.50911],[-79.29664,-4.49277],[-79.29142,-4.47909],[-79.27163,-4.47366],[-79.26328,-4.48809],[-79.24838,-4.48259],[-79.2197,-4.49676],[-79.21047,-4.51101],[-79.18924,-4.47425],[-79.16562,-4.47035],[-79.15941,-4.45221],[-79.14666,-4.44782],[-79.14342,-4.43465],[-79.12003,-4.42616],[-79.11085,-4.40492],[-79.11523,-4.39151],[-79.10783,-4.35932],[-79.10895,-4.33398],[-79.12102,-4.30834],[-79.10609,-4.28804],[-79.11454,-4.26693],[-79.10596,-4.2605],[-79.10799,-4.18569],[-79.13516,-4.16122],[-79.15799,-4.15118],[-79.16274,-4.11485],[-79.15347,-4.06696],[-79.14452,-4.06148],[-79.13639,-4.03573],[-79.14601,-4.01754],[-79.14341,-3.97399],[-79.15013,-3.96309],[-79.14009,-3.95021],[-79.14832,-3.92529],[-79.14266,-3.90169],[-79.12911,-3.88877],[-79.14029,-3.84735],[-79.14349,-3.82144],[-79.1759,-3.79531],[-79.17808,-3.77056],[-79.19384,-3.74094],[-79.19438,-3.72213],[-79.17592,-3.71104],[-79.16222,-3.71549],[-79.15491,-3.6967],[-79.15767,-3.66308],[-79.13845,-3.66155],[-79.10664,-3.64535],[-79.11048,-3.63362],[-79.09513,-3.62499]]]},"properties":{"DPA_PROVIN":"11","DPA_DESPRO":"LOJA","a45i3_muy":1671,"a45i3_alta":3055,"a45i3_al_1":2022,"a46i3_muy":22,"a46i3_alta":26,"a46i3_al_1":231,"a46i3_al_2":10270,"a46i3_al_3":0}},
{"type":"Feature","geometry":{"type":"Polygon","coordinates":[[[-79.36241,-0.67658],[-79.36944,-0.652],[-79.34841,-0.62291],[-79.35316,-0.60346],[-79.36455,-0.58651],[-79.36226,-0.57345],[-79.34733,-0.54423],[-79.37277,-0.54025],[-79.37715,-0.54563],[-79.41668,-0.53857],[-79.45224,-0.55003],[-79.48335,-0.54343],[-79.4969,-0.56989],[-79.48599,-0.588],[-79.51457,-0.64355],[-79.53951,-0.65869],[-79.53366,-0.70606],[-79.5504,-0.72165],[-79.57447,-0.71148],[-79.57689,-0.72117],[-79.6014,-0.74632],[-79.5958,-0.77215],[-79.6062,-0.79792],[-79.59837,-0.82725],[-79.61,-0.84162],[-79.60761,-0.85327],[-79.57668,-0.84441],[-79.56052,-0.85186],[-79.53505,-0.84788],[-79.50697,-0.85821],[-79.5322,-0.92522],[-79.54284,-0.93052],[-79.54449,-0.95548],[-79.52463,-0.97169],[-79.55753,-0.97915],[-79.57351,-1.0021],[-79.57791,-1.02821],[-79.57491,-1.04778],[-79.59724,-1.072],[-79.61668,-1.06405],[-79.6523,-1.11823],[-79.67135,-1.11406],[-79.68976,-1.15338],[-79.71672,-1.15508],[-79.72127,-1.18318],[-79.73665,-1.18039],[-79.749,-1.19676],[-79.74758,-1.21877],[-79.75838,-1.23638],[-79.75221,-1.24436],[-79.76671,-1.27024],[-79.77893,-1.27917],[-79.7798,-1.29245],[-79.78989,-1.29431],[-79.80277,-1.33986],[-79.81315,-1.35507],[-79.83068,-1.36834],[-79.84806,-1.38672],[-79.86481,-1.42351],[-79.86471,-1.45035],[-79.87153,-1.45827],[-79.86811,-1.47643],[-79.87607,-1.51446],[-79.87002,-1.53085],[-79.87154,-1.55486],[-79.85443,-1.56563],[-79.87132,-1.60186],[-79.85274,-1.64418],[-79.83765,-1.65482],[-79.85125,-1.67151],[-79.82984,-1.68154],[-79.82451,-1.70845],[-79.81445,-1.70769],[-79.79402,-1.71946],[-79.77837,-1.72061],[-79.74978,-1.7334],[-79.74338,-1.74611],[-79.74882,-1.78319],[-79.73037,-1.8091],[-79.73184,-1.84059],[-79.69881,-1.86888],[-79.6868,-1.86772],[-79.67545,-1.88641],[-79.67102,-1.91011],[-79.64819,-1.92193],[-79.64819,-1.8992],[-79.63711,-1.89914],[-79.61999,-1.91294],[-79.56255,-1.89899],[-79.5556,-1.88555],[-79.51628,-1.88164],[-79.48934,-1.88425],[-79.47804,-1.90873],[-79.45601,-1.9167],[-79.45148,-1.93003],[-79.43538,-1.93996],[-79.40835,-1.94218],[-79.41145,-1.95532],[-79.39949,-1.96638],[-79.36956,-1.97189],[-79.35551,-2.00357],[-79.33676,-2.02683],[-79.31724,-2.06311],[-79.31729,-2.08182],[-79.29135,-2.09745],[-79.27121,-2.1041],[-79.2459,-2.12512],[-79.23854,-2.11573],[-79.24443,-2.11031],[-79.24443,-2.10307],[-79.23581,-2.104],[-79.23156,-2.10817],[-79.21464,-2.11321],[-79.20935,-2.09433],[-79.18805,-2.07694],[-79.22662,-2.07656],[-79.2476,-2.0483],[-79.26452,-2.03363],[-79.26752,-2.00166],[-79.25333,-2.00461],[-79.24016,-1.99117],[-79.25603,-1.97824],[-79.25603,-1.94104],[-79.24621,-1.91617],[-79.24621,-1.85797],[-79.23155,-1.84938],[-79.23562,-1.82942],[-79.24875,-1.81662],[-79.2391,-1.80555],[-79.24898,-1.78746],[-79.24705,-1.7725],[-79.23178,-1.74361],[-79.23486,-1.73271],[-79.26294,-1.70871],[-79.27325,-1.66881],[-79.28543,-1.6668],[-79.28855,-1.65133],[-79.31202,-1.65657],[-79.31954,-1.65971],[-79.31994,-1.64764],[-79.34797,-1.64492],[-79.35351,-1.63348],[-79.34978,-1.6344],[-79.34147,-1.6325],[-79.33248,-1.62839],[-79.32681,-1.62769],[-79.30269,-1.60175],[-79.29472,-1.5993],[-79.27933,-1.6107],[-79.26631,-1.58283],[-79.25312,-1.56675],[-79.24864,-1.55783],[-79.24478,-1.54502],[-79.24743,-1.54398],[-79.26317,-1.53881],[-79.29108,-1.52429],[-79.29647,-1.52607],[-79.30519,-1.52561],[-79.32274,-1.50844],[-79.31767,-1.49489],[-79.32858,-1.47476],[-79.33314,-1.46349],[-79.34122,-1.46241],[-79.34715,-1.47172],[-79.36131,-1.45182],[-79.35902,-1.44647],[-79.35571,-1.45491],[-79.34896,-1.45539],[-79.32783,-1.44531],[-79.3219,-1.44163],[-79.31669,-1.43739],[-79.32446,-1.43706],[-79.33212,-1.42981],[-79.32531,-1.40466],[-79.3218,-1.39075],[-79.31065,-1.39151],[-79.2948,-1.39564],[-79.2892,-1.38787],[-79.29121,-1.37769],[-79.29023,-1.36886],[-79.29701,-1.3556],[-79.27807,-1.35058],[-79.27624,-1.3449],[-79.26878,-1.33133],[-79.27903,-1.32764],[-79.28254,-1.32808],[-79.29735,-1.33081],[-79.3027,-1.32865],[-79.31428,-1.32644],[-79.31627,-1.32585],[-79.32122,-1.319],[-79.32247,-1.30966],[-79.33269,-1.29642],[-79.35957,-1.30499],[-79.3622,-1.3134],[-79.36546,-1.32594],[-79.39128,-1.32329],[-79.38333,-1.30585],[-79.37051,-1.30207],[-79.34042,-1.25158],[-79.33472,-1.22667],[-79.30727,-1.20713],[-79.2888,-1.20557],[-79.2888,-1.20175],[-79.28797,-1.1793],[-79.29944,-1.17707],[-79.31503,-1.16666],[-79.33794,-1.13444],[-79.33425,-1.12994],[-79.33994,-1.12585],[-79.33137,-1.12008],[-79.32102,-1.09385],[-79.32006,-1.08691],[-79.30843,-1.05961],[-79.31067,-1.04854],[-79.30243,-1.01616],[-79.2941,-1.00971],[-79.29329,-0.98761],[-79.32021,-0.99729],[-79.31795,-0.98165],[-79.31627,-0.96893],[-79.31653,-0.96336],[-79.30993,-0.94929],[-79.30629,-0.92876],[-79.28706,-0.90859],[-79.28706,-0.89077],[-79.26499,-0.88067],[-79.24913,-0.87851],[-79.24361,-0.87876],[-79.23972,-0.85637],[-79.23284,-0.83331],[-79.22441,-0.83555],[-79.22402,-0.83257],[-79.22314,-0.82798],[-79.22336,-0.82259],[-79.21323,-0.80902],[-79.19538,-0.80641],[-79.18683,-0.7992],[-79.18673,-0.76445],[-79.17632,-0.7606],[-79.17215,-0.75369],[-79.16653,-0.74659],[-79.15195,-0.72185],[-79.13924,-0.71277],[-79.13738,-0.69786],[-79.12892,-0.64938],[-79.12186,-0.6417],[-79.11917,-0.63492],[-79.11375,-0.62705],[-79.11097,-0.61976],[-79.10033,-0.60657],[-79.09759,-0.60143],[-79.09312,-0.58924],[-79.09292,-0.58202],[-79.08349,-0.5668],[-79.08803,-0.55867],[-79.10652,-0.54476],[-79.11719,-0.54232],[-79.1251,-0.54271],[-79.13187,-0.54657],[-79.1415,-0.55805],[-79.14664,-0.5629],[-79.15216,-0.57624],[-79.17627,-0.59634],[-79.18667,-0.6009],[-79.20511,-0.62937],[-79.21378,-0.63645],[-79.24206,-0.64664],[-79.24967,-0.65233],[-79.25528,-0.65857],[-79.26531,-0.66344],[-79.2722,-0.67624],[-79.28062,-0.68321],[-79.28552,-0.69609],[-79.29118,-0.69409],[-79.30988,-0.69391],[-79.32878,-0.69485],[-79.33216,-0.69329],[-79.34018,-0.69344],[-79.34836,-0.69074],[-79.35112,-0.68517],[-79.35595,-0.68088],[-79.36241,-0.67658]]]},"properties":{"DPA_PROVIN":"12","DPA_DESPRO":"LOS RÍOS","a45i3_muy":10953,"a45i3_alta":1890,"a45i3_al_1":6284,"a46i3_muy":180,"a46i3_alta":36,"a46i3_al_1":771,"a46i3_al_2":31509,"a46i3_al_3":0}},
{"type":"Feature","geometry":{"type":"Polygon","coordinates":[[[-79.60576,-0.02147],[-79.61203,0.00931],[-79.62297,0.01384],[-79.62377,0.04366],[-79.61644,0.05691],[-79.59721,0.06392],[-79.6044,0.07558],[-79.59191,0.08561],[-79.58024,0.10691],[-79.60892,0.13138],[-79.62773,0.15775],[-79.64056,0.15241],[-79.66533,0.17808],[-79.67703,0.16367],[-79.7101,0.18478],[-79.70479,0.21179],[-79.68646,0.22726],[-79.66601,0.26436],[-79.67328,0.27583],[-79.68654,0.2742],[-79.69749,0.28952],[-79.71808,0.29277],[-79.72067,0.32562],[-79.70566,0.34317],[-79.71677,0.36592],[-79.72872,0.37505],[-79.7623,0.38181],[-79.77947,0.37709],[-79.80521,0.36305],[-79.81716,0.33187],[-79.82637,0.31833],[-79.83807,0.32411],[-79.86426,0.31468],[-79.8855,0.32214],[-79.89525,0.31257],[-79.90367,0.27756],[-79.91863,0.2759],[-79.93174,0.25404],[-79.94538,0.26192],[-79.97111,0.26335],[-79.98798,0.2925],[-79.99486,0.34371],[-80.00582,0.35704],[-80.03002,0.37388],[-80.04207,0.36419],[-80.03659,0.32146],[-80.03493,0.25901],[-80.03048,0.20516],[-80.03161,0.17712],[-80.04162,0.12255],[-80.06116,0.06277],[-80.07419,0.04581],[-80.08869,0.04884],[-80.09638,0.01257],[-80.12413,-0.01781],[-80.14161,-0.04879],[-80.16141,-0.06828],[-80.17767,-0.07619],[-80.20426,-0.10934],[-80.26521,-0.16532],[-80.29337,-0.18578],[-80.3084,-0.18883],[-80.32609,-0.17293],[-80.33852,-0.20135],[-80.35721,-0.21958],[-80.37374,-0.22695],[-80.38366,-0.24182],[-80.39471,-0.28473],[-80.40329,-0.30662],[-80.41614,-0.31422],[-80.42701,-0.33339],[-80.45472,-0.35582],[-80.47619,-0.36884],[-80.48832,-0.36587],[-80.49317,-0.39895],[-80.47763,-0.43951],[-80.462,-0.45204],[-80.45342,-0.47605],[-80.44106,-0.53043],[-80.4361,-0.56399],[-80.42255,-0.57229],[-80.4219,-0.59465],[-80.45239,-0.61103],[-80.46968,-0.63892],[-80.48325,-0.68427],[-80.50539,-0.73428],[-80.52255,-0.80029],[-80.52754,-0.82823],[-80.54382,-0.87778],[-80.5595,-0.90124],[-80.58506,-0.9281],[-80.61877,-0.94462],[-80.64769,-0.94236],[-80.66523,-0.92906],[-80.68336,-0.94356],[-80.72031,-0.95013],[-80.72781,-0.93754],[-80.74433,-0.94364],[-80.76404,-0.94354],[-80.78439,-0.95716],[-80.80432,-0.96026],[-80.81784,-0.95384],[-80.83073,-0.95994],[-80.84099,-0.97744],[-80.86208,-0.99776],[-80.8852,-1.03065],[-80.89969,-1.03561],[-80.90722,-1.05687],[-80.89565,-1.10475],[-80.88063,-1.14822],[-80.8516,-1.20273],[-80.81829,-1.24621],[-80.78202,-1.28639],[-80.75985,-1.31437],[-80.74182,-1.3493],[-80.73933,-1.36682],[-80.75973,-1.38856],[-80.75159,-1.42015],[-80.76707,-1.43738],[-80.76329,-1.45841],[-80.76727,-1.47525],[-80.793,-1.4939],[-80.80271,-1.4959],[-80.81773,-1.51535],[-80.8128,-1.53018],[-80.81323,-1.55768],[-80.83513,-1.56121],[-80.84109,-1.58276],[-80.85222,-1.60106],[-80.82171,-1.6578],[-80.80254,-1.71157],[-80.75895,-1.67665],[-80.74353,-1.67711],[-80.73087,-1.68586],[-80.69585,-1.67179],[-80.67188,-1.67923],[-80.6539,-1.67338],[-80.61982,-1.70743],[-80.62061,-1.72512],[-80.61175,-1.73805],[-80.6104,-1.75696],[-80.5873,-1.78455],[-80.55451,-1.78196],[-80.55772,-1.81005],[-80.56584,-1.83943],[-80.53452,-1.8781],[-80.52087,-1.90032],[-80.51938,-1.9165],[-80.50641,-1.92549],[-80.48434,-1.92279],[-80.45539,-1.94069],[-80.44042,-1.94314],[-80.43004,-1.92145],[-80.42994,-1.89539],[-80.43911,-1.85895],[-80.42757,-1.85451],[-80.4282,-1.83647],[-80.40749,-1.83149],[-80.42577,-1.80842],[-80.41915,-1.78631],[-80.40545,-1.77453],[-80.39028,-1.77183],[-80.38258,-1.75178],[-80.36245,-1.73946],[-80.35117,-1.72314],[-80.33398,-1.72387],[-80.33497,-1.70625],[-80.32461,-1.69125],[-80.29993,-1.68715],[-80.28835,-1.67914],[-80.26479,-1.6783],[-80.23926,-1.69347],[-80.21682,-1.69531],[-80.2082,-1.67506],[-80.22387,-1.64935],[-80.22363,-1.61615],[-80.25259,-1.61615],[-80.28202,-1.57074],[-80.24515,-1.56627],[-80.23536,-1.5742],[-80.22021,-1.57432],[-80.1927,-1.55082],[-80.1755,-1.52844],[-80.19777,-1.51459],[-80.20591,-1.49665],[-80.19213,-1.43525],[-80.19545,-1.42202],[-80.14486,-1.40721],[-80.14216,-1.38071],[-80.15376,-1.36676],[-80.13754,-1.32412],[-80.08997,-1.32309],[-80.06955,-1.29713],[-80.04717,-1.28737],[-80.03229,-1.27246],[-80.03784,-1.25392],[-80.02045,-1.24273],[-80.0108,-1.20495],[-79.9935,-1.19367],[-79.9863,-1.17636],[-79.97021,-1.16862],[-79.96566,-1.14202],[-79.95521,-1.13859],[-79.9404,-1.15573],[-79.90872,-1.13945],[-79.90362,-1.12665],[-79.8746,-1.10392],[-79.86151,-1.10002],[-79.84371,-1.08183],[-79.83342,-1.05016],[-79.81276,-1.04586],[-79.81242,-1.03335],[-79.8002,-1.02281],[-79.8005,-0.98955],[-79.7876,-0.97757],[-79.77442,-0.98011],[-79.77083,-0.94674],[-79.75373,-0.9305],[-79.73023,-0.88379],[-79.70034,-0.88618],[-79.68517,-0.90331],[-79.6706,-0.89134],[-79.66292,-0.90337],[-79.64401,-0.88119],[-79.62963,-0.87737],[-79.61941,-0.85967],[-79.60761,-0.85327],[-79.61,-0.84162],[-79.59837,-0.82725],[-79.6062,-0.79792],[-79.5958,-0.77215],[-79.6014,-0.74632],[-79.57689,-0.72117],[-79.57447,-0.71148],[-79.5504,-0.72165],[-79.53366,-0.70606],[-79.53951,-0.65869],[-79.51457,-0.64355],[-79.48599,-0.588],[-79.4969,-0.56989],[-79.48335,-0.54343],[-79.466,-0.52867],[-79.45713,-0.48725],[-79.46312,-0.46812],[-79.43834,-0.44149],[-79.42913,-0.43866],[-79.41076,-0.41069],[-79.41076,-0.26166],[-79.41389,-0.23294],[-79.40501,-0.20948],[-79.40973,-0.19136],[-79.41927,-0.1818],[-79.46153,-0.17203],[-79.50871,-0.16876],[-79.52442,-0.15764],[-79.52835,-0.13894],[-79.53915,-0.13476],[-79.54679,-0.10294],[-79.56442,-0.09106],[-79.60898,-0.05346],[-79.61533,-0.03492],[-79.60576,-0.02147]]]},"properties":{"DPA_PROVIN":"13","DPA_DESPRO":"MANABÍ","a45i3_muy":16951,"a45i3_alta":1771,"a45i3_al_1":6408,"a46i3_muy":232,"a46i3_alta":40,"a46i3_al_1":1127,"a46i3_al_2":46223,"a46i3_al_3":0}},
{"type":"Feature","geometry":{"type":"Polygon","coordinates":[[[-76.69209,-2.60999],[-76.72391,-2.58524],[-76.73772,-2.55387],[-76.75697,-2.56318],[-76.78024,-2.55261],[-76.80027,-2.5707],[-76.81401,-2.56119],[-76.81536,-2.54613],[-76.83014,-2.54392],[-76.85202,-2.55957],[-76.87339,-2.55774],[-76.88647,-2.56552],[-76.89762,-2.55356],[-76.91322,-2.56424],[-76.93269,-2.54504],[-76.94949,-2.54828],[-76.96426,-2.51623],[-76.97232,-2.51113],[-76.99635,-2.51533],[-76.99455,-2.48728],[-77.00582,-2.45636],[-77.02309,-2.45756],[-77.03227,-2.44975],[-77.04884,-2.40652],[-77.08149,-2.37642],[-77.0868,-2.34456],[-77.10317,-2.33725],[-77.11459,-2.31567],[-77.12857,-2.31472],[-77.14591,-2.29913],[-77.16617,-2.30235],[-77.183,-2.28477],[-77.18424,-2.27579],[-77.20124,-2.2655],[-77.23288,-2.26265],[-77.24355,-2.24874],[-77.2642,-2.23423],[-77.27222,-2.21442],[-77.3055,-2.18588],[-77.31627,-2.18701],[-77.35133,-2.16039],[-77.36237,-2.16505],[-77.38577,-2.15877],[-77.42853,-2.13629],[-77.42898,-2.12532],[-77.46693,-2.10912],[-77.48698,-2.1048],[-77.50104,-2.08933],[-77.52076,-2.08538],[-77.54205,-2.07363],[-77.57046,-2.0793],[-77.59036,-2.06899],[-77.59587,-2.05828],[-77.62144,-2.0426],[-77.64067,-2.04809],[-77.67259,-2.05034],[-77.68895,-2.03009],[-77.7144,-2.02632],[-77.72822,-2.01149],[-77.73187,-1.98523],[-77.75036,-1.98557],[-77.77873,-1.9711],[-77.794,-1.95524],[-77.79447,-1.93456],[-77.82289,-1.92321],[-77.82819,-1.89618],[-77.82736,-1.86824],[-77.85635,-1.81774],[-77.85793,-1.7988],[-77.86975,-1.78382],[-77.86504,-1.77233],[-77.88521,-1.76208],[-77.88014,-1.74442],[-77.88245,-1.70738],[-77.88906,-1.69127],[-77.90373,-1.6886],[-77.92096,-1.65557],[-77.95976,-1.66079],[-77.97316,-1.67202],[-78.01177,-1.67781],[-78.03126,-1.65496],[-78.03162,-1.63375],[-78.03863,-1.62723],[-78.04477,-1.60008],[-78.0583,-1.57781],[-78.05837,-1.54386],[-78.06546,-1.52696],[-78.10303,-1.47545],[-78.12867,-1.45087],[-78.14988,-1.45349],[-78.17795,-1.44868],[-78.19241,-1.45541],[-78.19565,-1.47146],[-78.22161,-1.47608],[-78.22313,-1.48721],[-78.26731,-1.5025],[-78.27864,-1.48307],[-78.29761,-1.48004],[-78.31903,-1.49842],[-78.34519,-1.50355],[-78.35741,-1.52087],[-78.37639,-1.5357],[-78.37638,-1.55768],[-78.37041,-1.5755],[-78.3734,-1.59897],[-78.36662,-1.61423],[-78.36383,-1.64492],[-78.37405,-1.65736],[-78.38407,-1.65535],[-78.39541,-1.66076],[-78.40914,-1.67458],[-78.42317,-1.68448],[-78.42691,-1.68381],[-78.43712,-1.69805],[-78.4413,-1.70308],[-78.44287,-1.70727],[-78.44885,-1.72184],[-78.44971,-1.72708],[-78.45141,-1.73208],[-78.45927,-1.74123],[-78.46149,-1.76062],[-78.44601,-1.76198],[-78.44052,-1.77517],[-78.43908,-1.78717],[-78.4343,-1.79574],[-78.43039,-1.79704],[-78.42033,-1.80499],[-78.42136,-1.82741],[-78.41389,-1.83947],[-78.40144,-1.84709],[-78.40341,-1.86329],[-78.40094,-1.86999],[-78.41044,-1.87938],[-78.41585,-1.88275],[-78.42009,-1.88441],[-78.4304,-1.89852],[-78.43306,-1.90882],[-78.43818,-1.90964],[-78.44318,-1.91091],[-78.45736,-1.92157],[-78.46359,-1.94986],[-78.47569,-1.95319],[-78.48907,-1.95843],[-78.48748,-1.96829],[-78.48788,-1.9801],[-78.47869,-2.00099],[-78.47504,-2.00223],[-78.45917,-1.99225],[-78.44719,-2.01662],[-78.45295,-2.04447],[-78.45207,-2.06501],[-78.43926,-2.07609],[-78.43483,-2.0907],[-78.44596,-2.10222],[-78.45016,-2.11797],[-78.49221,-2.12492],[-78.51312,-2.13279],[-78.51656,-2.15461],[-78.50425,-2.15871],[-78.4979,-2.19753],[-78.48739,-2.21657],[-78.51455,-2.2403],[-78.5344,-2.24018],[-78.54117,-2.25767],[-78.53792,-2.28002],[-78.54647,-2.29053],[-78.54695,-2.29144],[-78.55021,-2.30511],[-78.57778,-2.30595],[-78.58709,-2.31829],[-78.58149,-2.32849],[-78.56073,-2.32668],[-78.53501,-2.34287],[-78.50063,-2.38133],[-78.48761,-2.38329],[-78.48155,-2.41372],[-78.46431,-2.4239],[-78.48482,-2.43701],[-78.48187,-2.4536],[-78.49165,-2.49229],[-78.50133,-2.51214],[-78.50244,-2.51419],[-78.50459,-2.52993],[-78.54232,-2.57781],[-78.54821,-2.598],[-78.53588,-2.6223],[-78.53311,-2.6269],[-78.51504,-2.58307],[-78.49776,-2.57181],[-78.48056,-2.57248],[-78.46061,-2.59085],[-78.44381,-2.59411],[-78.42491,-2.61889],[-78.42214,-2.63061],[-78.44735,-2.65244],[-78.47474,-2.66295],[-78.48795,-2.66127],[-78.52366,-2.69225],[-78.5538,-2.69556],[-78.57946,-2.70918],[-78.57777,-2.71918],[-78.61412,-2.786],[-78.59775,-2.81163],[-78.57568,-2.8305],[-78.57849,-2.85238],[-78.60056,-2.87196],[-78.60481,-2.8852],[-78.63156,-2.91345],[-78.62874,-2.9262],[-78.63723,-2.95043],[-78.63203,-2.9595],[-78.63775,-2.98076],[-78.657,-2.98731],[-78.66504,-3.02261],[-78.67524,-3.02837],[-78.67297,-3.06417],[-78.68166,-3.06839],[-78.68432,-3.08887],[-78.69762,-3.11925],[-78.71011,-3.13349],[-78.7504,-3.14824],[-78.75485,-3.16008],[-78.77328,-3.16691],[-78.78369,-3.18528],[-78.81093,-3.20718],[-78.83633,-3.24598],[-78.85611,-3.22994],[-78.86669,-3.24161],[-78.8985,-3.25398],[-78.91393,-3.27367],[-78.9344,-3.27311],[-78.93453,-3.29628],[-78.9526,-3.30254],[-78.94297,-3.34342],[-78.93193,-3.35933],[-78.91621,-3.36745],[-78.90157,-3.39415],[-78.88132,-3.4015],[-78.87475,-3.42197],[-78.88068,-3.44396],[-78.86705,-3.46485],[-78.87052,-3.50227],[-78.85523,-3.51633],[-78.84245,-3.51864],[-78.83486,-3.54535],[-78.81864,-3.55064],[-78.78633,-3.55064],[-78.77539,-3.56139],[-78.75437,-3.5687],[-78.72293,-3.56195],[-78.70613,-3.57791],[-78.68362,-3.58746],[-78.66819,-3.55074],[-78.64584,-3.53751],[-78.62803,-3.53383],[-78.60224,-3.54709],[-78.57715,-3.55074],[-78.55874,-3.54139],[-78.53463,-3.53735],[-78.53006,-3.52973],[-78.3652,-3.52973],[-78.36594,-3.51297],[-78.35513,-3.49542],[-78.35827,-3.47688],[-78.34595,-3.45051],[-78.34253,-3.42649],[-78.35575,-3.40349],[-78.34093,-3.38223],[-78.31703,-3.39624],[-78.28971,-3.39543],[-78.27353,-3.40409],[-78.24851,-3.40106],[-78.24092,-3.41659],[-78.24365,-3.43961],[-78.22632,-3.49159],[-78.21648,-3.50924],[-78.17006,-3.49072],[-78.14664,-3.47807],[-78.14763,-3.44798],[-78.15468,-3.42166],[-78.18705,-3.39777],[-78.1938,-3.36629],[-78.14291,-3.32643],[-78.12776,-3.29901],[-78.10809,-3.27723],[-78.10767,-3.2631],[-78.09594,-3.25364],[-78.08672,-3.23033],[-78.06355,-3.2258],[-78.05413,-3.2071],[-78.04104,-3.20682],[-78.03723,-3.19053],[-78.019,-3.18533],[-78.01035,-3.17528],[-78.00875,-3.15644],[-77.97042,-3.11729],[-77.96261,-3.09566],[-77.95184,-3.09077],[-77.94039,-3.0656],[-77.83994,-3.00804],[-77.8445,-2.999],[-77.71188,-2.95432],[-77.45359,-2.86724],[-77.30849,-2.81828],[-77.02505,-2.72256],[-76.69209,-2.60999]]]},"properties":{"DPA_PROVIN":"14","DPA_DESPRO":"MORONA SANTIAGO","a45i3_muy":5428,"a45i3_alta":760,"a45i3_al_1":1441,"a46i3_muy":25,"a46i3_alta":4,"a46i3_al_1":172,"a46i3_al_2":8319,"a46i3_al_3":0}},
{"type":"Feature","geometry":{"type":"Polygon","coordinates":[[[-77.30497,-0.05938],[-77.30545,-0.07103],[-77.32128,-0.08032],[-77.3389,-0.10159],[-77.33673,-0.11363],[-77.34672,-0.12962],[-77.37939,-0.15257],[-77.39336,-0.13982],[-77.43831,-0.12937],[-77.45314,-0.13724],[-77.4543,-0.11458],[-77.44497,-0.09952],[-77.45632,-0.08209],[-77.4499,-0.0709],[-77.45622,-0.04997],[-77.45329,-0.03768],[-77.46037,-0.01912],[-77.48549,-0.02648],[-77.49016,-0.04066],[-77.50821,-0.04071],[-77.50469,-0.05648],[-77.51266,-0.06413],[-77.53719,-0.05718],[-77.55896,-0.08407],[-77.58397,-0.10911],[-77.61195,-0.08198],[-77.63962,-0.07618],[-77.65882,-0.08085],[-77.78231,-0.08311],[-77.78514,-0.03132],[-77.79447,-0.01665],[-77.77947,0.01051],[-77.78445,0.01936],[-77.80884,0.02301],[-77.82008,0.03371],[-77.83983,0.02727],[-77.84451,0.00493],[-77.90829,-0.0277],[-77.92224,-0.03027],[-77.94339,-0.05305],[-77.93467,-0.07108],[-77.93576,-0.09991],[-77.95489,-0.09505],[-77.97281,-0.12008],[-77.99906,-0.11728],[-78.01889,-0.14104],[-78.04024,-0.1383],[-78.05739,-0.14603],[-78.05424,-0.16135],[-78.07037,-0.18304],[-78.10187,-0.19089],[-78.10651,-0.18208],[-78.12476,-0.18093],[-78.13195,-0.16748],[-78.15518,-0.17274],[-78.17424,-0.19487],[-78.18988,-0.19763],[-78.18537,-0.21584],[-78.18948,-0.24063],[-78.18597,-0.26355],[-78.18783,-0.28652],[-78.19634,-0.30521],[-78.19106,-0.31873],[-78.20726,-0.34025],[-78.21581,-0.36197],[-78.24322,-0.38425],[-78.25516,-0.40875],[-78.23853,-0.43502],[-78.23531,-0.45028],[-78.24732,-0.46143],[-78.2548,-0.4989],[-78.27065,-0.51483],[-78.26604,-0.52841],[-78.28812,-0.57905],[-78.30822,-0.57749],[-78.32053,-0.58424],[-78.32663,-0.61364],[-78.32124,-0.62809],[-78.33219,-0.65774],[-78.36174,-0.67497],[-78.39507,-0.67667],[-78.39574,-0.70072],[-78.4111,-0.72412],[-78.39291,-0.74752],[-78.39759,-0.76525],[-78.39383,-0.79854],[-78.3888,-0.80387],[-78.39315,-0.83294],[-78.40098,-0.84691],[-78.40433,-0.87277],[-78.42733,-0.88216],[-78.40932,-0.91324],[-78.42992,-0.93788],[-78.396,-0.96282],[-78.3955,-0.99454],[-78.37845,-1.00514],[-78.36045,-0.99933],[-78.34305,-1.02807],[-78.33045,-1.03715],[-78.33298,-1.07282],[-78.34244,-1.09427],[-78.33759,-1.1161],[-78.34025,-1.13887],[-78.35482,-1.15596],[-78.35255,-1.16987],[-78.32259,-1.16448],[-78.3108,-1.14289],[-78.26464,-1.14078],[-78.26442,-1.15687],[-78.24608,-1.15418],[-78.21914,-1.14163],[-78.18714,-1.16333],[-78.18807,-1.18275],[-78.16949,-1.18766],[-78.1534,-1.17967],[-78.13518,-1.18224],[-78.1151,-1.19448],[-78.11642,-1.20223],[-78.11825,-1.20706],[-78.11967,-1.21341],[-78.12181,-1.22059],[-78.12028,-1.2253],[-78.11565,-1.2305],[-78.10402,-1.23076],[-78.10084,-1.2275],[-78.09471,-1.22687],[-78.08581,-1.2324],[-78.07529,-1.23744],[-78.07143,-1.23566],[-78.06553,-1.242],[-78.05188,-1.24862],[-78.04416,-1.24642],[-78.03447,-1.23983],[-78.01541,-1.22457],[-78.00014,-1.22249],[-77.99325,-1.22399],[-77.98919,-1.22523],[-77.98306,-1.22303],[-77.96695,-1.22414],[-77.96357,-1.21161],[-77.94626,-1.20546],[-77.94488,-1.22136],[-77.93623,-1.22843],[-77.92693,-1.22644],[-77.91553,-1.23152],[-77.90408,-1.2417],[-77.8946,-1.24262],[-77.88831,-1.24489],[-77.88319,-1.2344],[-77.88481,-1.23216],[-77.88878,-1.22111],[-77.87438,-1.20389],[-77.85047,-1.20704],[-77.84561,-1.21024],[-77.84127,-1.21818],[-77.82938,-1.21123],[-77.82205,-1.20441],[-77.796,-1.19482],[-77.78663,-1.19222],[-77.77528,-1.18324],[-77.7672,-1.17817],[-77.75434,-1.17825],[-77.75003,-1.17171],[-77.73153,-1.16383],[-77.72132,-1.17997],[-77.6996,-1.1478],[-77.68528,-1.1393],[-77.66411,-1.14628],[-77.65542,-1.13225],[-77.63915,-1.14653],[-77.61402,-1.1479],[-77.59583,-1.12419],[-77.56124,-1.15831],[-77.54212,-1.14432],[-77.52144,-1.12215],[-77.50147,-1.11868],[-77.48462,-1.10496],[-77.44561,-1.0944],[-77.44142,-1.07783],[-77.40149,-1.09037],[-77.38983,-1.08597],[-77.35129,-1.10271],[-77.35082,-1.07016],[-77.32019,-1.07234],[-77.29772,-1.06001],[-77.23647,-1.05243],[-77.22923,-1.02583],[-77.20514,-1.026],[-77.16642,-1.01802],[-77.13674,-1.01895],[-77.10542,-1.00791],[-77.08716,-1.01432],[-77.05996,-1.00831],[-77.04981,-0.98687],[-77.07172,-0.96897],[-77.07171,-0.95139],[-77.05537,-0.94659],[-77.03588,-0.91706],[-77.05992,-0.90852],[-77.10062,-0.91048],[-77.11623,-0.9016],[-77.13596,-0.9019],[-77.14407,-0.89468],[-77.14391,-0.87448],[-77.16346,-0.87422],[-77.17726,-0.85664],[-77.19442,-0.85463],[-77.19237,-0.83434],[-77.20714,-0.80243],[-77.19512,-0.795],[-77.18578,-0.77099],[-77.16931,-0.76277],[-77.15326,-0.76455],[-77.13131,-0.73345],[-77.11949,-0.72474],[-77.11343,-0.70044],[-77.12278,-0.69481],[-77.14624,-0.6963],[-77.16275,-0.70713],[-77.18215,-0.73654],[-77.19192,-0.75824],[-77.20442,-0.77017],[-77.22042,-0.77264],[-77.23781,-0.78865],[-77.25294,-0.79326],[-77.26044,-0.82212],[-77.30451,-0.84528],[-77.32434,-0.84679],[-77.34262,-0.86184],[-77.36609,-0.86925],[-77.37302,-0.88288],[-77.39386,-0.89392],[-77.42248,-0.8916],[-77.42638,-0.90227],[-77.45095,-0.89893],[-77.4713,-0.92542],[-77.48957,-0.93944],[-77.52791,-0.95059],[-77.53697,-0.94267],[-77.56725,-0.94276],[-77.59084,-0.92823],[-77.58886,-0.91403],[-77.55204,-0.90236],[-77.5506,-0.88232],[-77.53482,-0.8733],[-77.53668,-0.84581],[-77.52968,-0.84109],[-77.5282,-0.81733],[-77.54205,-0.79503],[-77.53429,-0.76223],[-77.49695,-0.70199],[-77.52467,-0.67045],[-77.532,-0.62604],[-77.57636,-0.61277],[-77.58814,-0.5953],[-77.59048,-0.57387],[-77.60529,-0.56005],[-77.62072,-0.56038],[-77.62822,-0.54241],[-77.60844,-0.51991],[-77.57569,-0.5005],[-77.56741,-0.48559],[-77.57127,-0.46055],[-77.54724,-0.45272],[-77.52846,-0.4762],[-77.45562,-0.51177],[-77.43989,-0.51238],[-77.43218,-0.52136],[-77.414,-0.50386],[-77.39159,-0.49533],[-77.38235,-0.46261],[-77.3706,-0.45515],[-77.36768,-0.43424],[-77.35486,-0.41993],[-77.32699,-0.42418],[-77.32632,-0.3794],[-77.31699,-0.35677],[-77.30681,-0.35395],[-77.2977,-0.3363],[-77.28578,-0.34247],[-77.25644,-0.30829],[-77.26216,-0.28688],[-77.25547,-0.2709],[-77.26775,-0.26233],[-77.2662,-0.24022],[-77.28069,-0.20951],[-77.29264,-0.20363],[-77.29962,-0.17962],[-77.29402,-0.14082],[-77.28586,-0.12386],[-77.28611,-0.10364],[-77.29607,-0.08965],[-77.29439,-0.07037],[-77.30497,-0.05938]]]},"properties":{"DPA_PROVIN":"15","DPA_DESPRO":"NAPO","a45i3_muy":3011,"a45i3_alta":154,"a45i3_al_1":968,"a46i3_muy":29,"a46i3_alta":2,"a46i3_al_1":155,"a46i3_al_2":6025,"a46i3_al_3":0}},
{"type":"Feature","geometry":{"type":"Polygon","coordinates":[[[-75.58539,-1.5497],[-75.59584,-1.54036],[-75.58888,-1.52729],[-75.60123,-1.49794],[-75.62268,-1.50202],[-75.64111,-1.49556],[-75.65719,-1.47618],[-75.67527,-1.46795],[-75.69901,-1.46525],[-75.69863,-1.45171],[-75.71604,-1.452],[-75.73935,-1.4345],[-75.7393,-1.41734],[-75.7587,-1.41382],[-75.77897,-1.39525],[-75.80114,-1.40297],[-75.82188,-1.3834],[-75.84557,-1.37377],[-75.84126,-1.36337],[-75.89376,-1.34891],[-75.9116,-1.35958],[-75.92112,-1.35279],[-75.93531,-1.36057],[-75.95844,-1.35311],[-75.97383,-1.33808],[-75.99875,-1.33018],[-75.99767,-1.31554],[-76.01645,-1.30963],[-76.04012,-1.31007],[-76.0502,-1.29738],[-76.06434,-1.30363],[-76.09018,-1.28143],[-76.11321,-1.27254],[-76.1369,-1.27604],[-76.15197,-1.28541],[-76.15713,-1.30046],[-76.17819,-1.28842],[-76.20293,-1.29822],[-76.21975,-1.28643],[-76.23535,-1.30039],[-76.25011,-1.30344],[-76.26698,-1.29581],[-76.27509,-1.30472],[-76.29552,-1.31043],[-76.31823,-1.30272],[-76.32761,-1.30617],[-76.35741,-1.27976],[-76.39196,-1.26728],[-76.39567,-1.25436],[-76.41936,-1.2721],[-76.4374,-1.26593],[-76.45121,-1.27136],[-76.45631,-1.25242],[-76.47155,-1.25732],[-76.48505,-1.23027],[-76.51803,-1.20729],[-76.5274,-1.1967],[-76.52551,-1.14927],[-76.5221,-1.13177],[-76.52455,-1.10712],[-76.51377,-1.09564],[-76.51422,-1.07071],[-76.52823,-1.05331],[-76.54666,-1.06853],[-76.56122,-1.06246],[-76.6127,-1.07112],[-76.65286,-1.05681],[-76.68723,-1.0775],[-76.72054,-1.08225],[-76.72702,-1.10387],[-76.77365,-1.09061],[-76.80245,-1.11079],[-76.83243,-1.11438],[-76.83238,-1.14017],[-76.83815,-1.15685],[-76.85319,-1.16306],[-76.86909,-1.15754],[-76.88944,-1.14013],[-76.89145,-1.13101],[-76.91742,-1.12169],[-76.9494,-1.12204],[-76.97472,-1.10341],[-76.99621,-1.09677],[-77.03623,-1.09961],[-77.06736,-1.08553],[-77.08339,-1.05179],[-77.09105,-1.02397],[-77.06959,-1.01933],[-77.05996,-1.00831],[-77.08716,-1.01432],[-77.10542,-1.00791],[-77.13674,-1.01895],[-77.16642,-1.01802],[-77.20514,-1.026],[-77.22923,-1.02583],[-77.23647,-1.05243],[-77.29772,-1.06001],[-77.32019,-1.07234],[-77.35082,-1.07016],[-77.35129,-1.10271],[-77.38983,-1.08597],[-77.40149,-1.09037],[-77.44142,-1.07783],[-77.44561,-1.0944],[-77.48462,-1.10496],[-77.50147,-1.11868],[-77.52144,-1.12215],[-77.54212,-1.14432],[-77.56124,-1.15831],[-77.59583,-1.12419],[-77.61402,-1.1479],[-77.63915,-1.14653],[-77.65542,-1.13225],[-77.66411,-1.14628],[-77.68528,-1.1393],[-77.6996,-1.1478],[-77.72132,-1.17997],[-77.73153,-1.16383],[-77.75003,-1.17171],[-77.75434,-1.17825],[-77.7672,-1.17817],[-77.77528,-1.18324],[-77.78663,-1.19222],[-77.796,-1.19482],[-77.82205,-1.20441],[-77.82938,-1.21123],[-77.84127,-1.21818],[-77.84561,-1.21024],[-77.85047,-1.20704],[-77.87438,-1.20389],[-77.88878,-1.22111],[-77.88481,-1.23216],[-77.88319,-1.2344],[-77.88831,-1.24489],[-77.8946,-1.24262],[-77.90408,-1.2417],[-77.91553,-1.23152],[-77.92693,-1.22644],[-77.93623,-1.22843],[-77.94488,-1.22136],[-77.94626,-1.20546],[-77.96357,-1.21161],[-77.96695,-1.22414],[-77.98306,-1.22303],[-77.98919,-1.22523],[-77.99325,-1.22399],[-78.00014,-1.22249],[-78.01541,-1.22457],[-78.03447,-1.23983],[-78.04416,-1.24642],[-78.05188,-1.24862],[-78.06553,-1.242],[-78.07143,-1.23566],[-78.07529,-1.23744],[-78.08581,-1.2324],[-78.09471,-1.22687],[-78.10084,-1.2275],[-78.10402,-1.23076],[-78.11565,-1.2305],[-78.12028,-1.2253],[-78.12376,-1.22307],[-78.11641,-1.25162],[-78.11991,-1.25967],[-78.11291,-1.28423],[-78.11837,-1.30689],[-78.11439,-1.31907],[-78.1217,-1.33694],[-78.11977,-1.36314],[-78.12575,-1.3792],[-78.13984,-1.39584],[-78.15091,-1.42898],[-78.16837,-1.43502],[-78.17795,-1.44868],[-78.14988,-1.45349],[-78.12867,-1.45087],[-78.10303,-1.47545],[-78.06546,-1.52696],[-78.05837,-1.54386],[-78.0583,-1.57781],[-78.04477,-1.60008],[-78.03863,-1.62723],[-78.03162,-1.63375],[-78.03126,-1.65496],[-78.01177,-1.67781],[-77.97316,-1.67202],[-77.95976,-1.66079],[-77.92096,-1.65557],[-77.90373,-1.6886],[-77.88906,-1.69127],[-77.88245,-1.70738],[-77.88014,-1.74442],[-77.88521,-1.76208],[-77.86504,-1.77233],[-77.86975,-1.78382],[-77.85793,-1.7988],[-77.85635,-1.81774],[-77.82736,-1.86824],[-77.82819,-1.89618],[-77.82289,-1.92321],[-77.79447,-1.93456],[-77.794,-1.95524],[-77.77873,-1.9711],[-77.75036,-1.98557],[-77.73187,-1.98523],[-77.72822,-2.01149],[-77.7144,-2.02632],[-77.68895,-2.03009],[-77.67259,-2.05034],[-77.64067,-2.04809],[-77.62144,-2.0426],[-77.59587,-2.05828],[-77.59036,-2.06899],[-77.57046,-2.0793],[-77.54205,-2.07363],[-77.52076,-2.08538],[-77.50104,-2.08933],[-77.48698,-2.1048],[-77.46693,-2.10912],[-77.42898,-2.12532],[-77.42853,-2.13629],[-77.38577,-2.15877],[-77.36237,-2.16505],[-77.35133,-2.16039],[-77.31627,-2.18701],[-77.3055,-2.18588],[-77.27222,-2.21442],[-77.2642,-2.23423],[-77.24355,-2.24874],[-77.23288,-2.26265],[-77.20124,-2.2655],[-77.18424,-2.27579],[-77.183,-2.28477],[-77.16617,-2.30235],[-77.14591,-2.29913],[-77.12857,-2.31472],[-77.11459,-2.31567],[-77.10317,-2.33725],[-77.0868,-2.34456],[-77.08149,-2.37642],[-77.04884,-2.40652],[-77.03227,-2.44975],[-77.02309,-2.45756],[-77.00582,-2.45636],[-76.99455,-2.48728],[-76.99635,-2.51533],[-76.97232,-2.51113],[-76.96426,-2.51623],[-76.94949,-2.54828],[-76.93269,-2.54504],[-76.91322,-2.56424],[-76.89762,-2.55356],[-76.88647,-2.56552],[-76.87339,-2.55774],[-76.85202,-2.55957],[-76.83014,-2.54392],[-76.81536,-2.54613],[-76.81401,-2.56119],[-76.80027,-2.5707],[-76.78024,-2.55261],[-76.75697,-2.56318],[-76.73772,-2.55387],[-76.72391,-2.58524],[-76.69209,-2.60999],[-76.63357,-2.59019],[-76.5,-2.48484],[-76.25,-2.28767],[-76.04325,-2.12462],[-75.84899,-1.88062],[-75.66193,-1.64577],[-75.58539,-1.5497]]]},"properties":{"DPA_PROVIN":"16","DPA_DESPRO":"PASTAZA","a45i3_muy":2614,"a45i3_alta":60,"a45i3_al_1":989,"a46i3_muy":21,"a46i3_alta":0,"a46i3_al_1":82,"a46i3_al_2":4159,"a46i3_al_3":0}},
{"type":"Feature","geometry":{"type":"Polygon","coordinates":[[[-79.21592,0.32121],[-79.23397,0.32665],[-79.26747,0.31787],[-79.27304,0.32233],[-79.28185,0.28558],[-79.29575,0.26772],[-79.30161,0.26481],[-79.319,0.25465],[-79.35164,0.24631],[-79.35968,0.24293],[-79.36256,0.24057],[-79.35741,0.23036],[-79.35047,0.22087],[-79.34727,0.21145],[-79.34343,0.21167],[-79.33208,0.21166],[-79.32031,0.19668],[-79.30648,0.18282],[-79.3041,0.17323],[-79.31395,0.15789],[-79.32491,0.1562],[-79.3316,0.13792],[-79.33006,0.128],[-79.33181,0.11508],[-79.33743,0.10879],[-79.3481,0.09665],[-79.35327,0.08088],[-79.35474,0.06742],[-79.36802,0.05377],[-79.36702,0.04345],[-79.36976,0.03063],[-79.36798,0.02242],[-79.36085,0.02017],[-79.35895,0.0182],[-79.35206,0.01777],[-79.32469,0.02354],[-79.31859,0.01532],[-79.31473,0.01169],[-79.31181,0.01422],[-79.30619,0.0188],[-79.295,0.01724],[-79.28216,0.01452],[-79.26871,0.01217],[-79.23812,0.01061],[-79.23254,0.00397],[-79.21094,0.00236],[-79.19246,-0.01095],[-79.15673,-0.01697],[-79.15047,-0.01322],[-79.09761,-0.02657],[-79.1049,-0.03809],[-79.12777,-0.05064],[-79.14945,-0.0919],[-79.12356,-0.08522],[-79.0457,-0.10169],[-79.03006,-0.114],[-78.99408,-0.11193],[-78.96784,-0.10202],[-78.93367,-0.11888],[-78.91398,-0.11716],[-78.90744,-0.10767],[-78.88133,-0.11031],[-78.8683,-0.11836],[-78.85923,-0.13354],[-78.84017,-0.13399],[-78.83394,-0.14299],[-78.82972,-0.17909],[-78.83222,-0.18868],[-78.77829,-0.22483],[-78.75898,-0.24116],[-78.74613,-0.27742],[-78.77365,-0.2798],[-78.77392,-0.2984],[-78.78739,-0.30613],[-78.81716,-0.33454],[-78.81966,-0.34556],[-78.85655,-0.34939],[-78.87543,-0.33045],[-78.88457,-0.33711],[-78.91164,-0.33021],[-78.9287,-0.31409],[-78.95485,-0.31664],[-78.94125,-0.33149],[-78.91482,-0.3464],[-78.90695,-0.36137],[-78.91625,-0.36815],[-78.88222,-0.41611],[-78.87553,-0.41426],[-78.85502,-0.46684],[-78.83844,-0.47779],[-78.83297,-0.49949],[-78.83424,-0.52103],[-78.81117,-0.53738],[-78.7902,-0.54281],[-78.77846,-0.53847],[-78.73342,-0.55966],[-78.72833,-0.58898],[-78.73913,-0.62196],[-78.7354,-0.63736],[-78.71514,-0.66099],[-78.6911,-0.65944],[-78.64812,-0.64281],[-78.63912,-0.61934],[-78.61087,-0.5995],[-78.60038,-0.60721],[-78.55895,-0.61415],[-78.55704,-0.63127],[-78.53329,-0.62498],[-78.51625,-0.63458],[-78.48161,-0.63323],[-78.47499,-0.61422],[-78.46445,-0.60973],[-78.45109,-0.6207],[-78.4336,-0.6054],[-78.41628,-0.60763],[-78.40771,-0.62012],[-78.38882,-0.62648],[-78.37503,-0.64],[-78.36352,-0.66179],[-78.37119,-0.67265],[-78.39507,-0.67667],[-78.36174,-0.67497],[-78.33219,-0.65774],[-78.32124,-0.62809],[-78.32663,-0.61364],[-78.32053,-0.58424],[-78.30822,-0.57749],[-78.28812,-0.57905],[-78.26604,-0.52841],[-78.27065,-0.51483],[-78.2548,-0.4989],[-78.24732,-0.46143],[-78.23531,-0.45028],[-78.23853,-0.43502],[-78.25516,-0.40875],[-78.24322,-0.38425],[-78.21581,-0.36197],[-78.20726,-0.34025],[-78.19106,-0.31873],[-78.19634,-0.30521],[-78.18783,-0.28652],[-78.18597,-0.26355],[-78.18948,-0.24063],[-78.18537,-0.21584],[-78.18988,-0.19763],[-78.17424,-0.19487],[-78.15518,-0.17274],[-78.13195,-0.16748],[-78.12476,-0.18093],[-78.10651,-0.18208],[-78.10187,-0.19089],[-78.07037,-0.18304],[-78.05424,-0.16135],[-78.05739,-0.14603],[-78.04024,-0.1383],[-78.01889,-0.14104],[-77.99906,-0.11728],[-77.97281,-0.12008],[-77.95489,-0.09505],[-77.93576,-0.09991],[-77.93467,-0.07108],[-77.94339,-0.05305],[-77.92224,-0.03027],[-77.90829,-0.0277],[-77.84451,0.00493],[-77.83983,0.02727],[-77.85447,0.0243],[-77.85831,0.059],[-77.89468,0.08453],[-77.91824,0.08176],[-77.93673,0.10385],[-77.94591,0.09929],[-77.96226,0.11285],[-77.97725,0.11096],[-77.97062,0.14681],[-77.9652,0.1579],[-77.96724,0.16874],[-78.00189,0.17204],[-78.03138,0.18825],[-78.04531,0.19084],[-78.09233,0.18633],[-78.10774,0.15849],[-78.14597,0.15101],[-78.15552,0.14113],[-78.18658,0.13588],[-78.20164,0.12787],[-78.24256,0.12265],[-78.26682,0.13777],[-78.28291,0.12868],[-78.28515,0.15117],[-78.30216,0.1557],[-78.30005,0.1726],[-78.30693,0.18299],[-78.34323,0.19142],[-78.35498,0.17486],[-78.36653,0.17833],[-78.34388,0.23027],[-78.37653,0.25656],[-78.40236,0.24067],[-78.41575,0.21669],[-78.43258,0.1961],[-78.4456,0.20928],[-78.45727,0.2445],[-78.46635,0.25968],[-78.48838,0.26805],[-78.51016,0.24383],[-78.52415,0.21336],[-78.53586,0.20657],[-78.56218,0.20787],[-78.57561,0.22529],[-78.62499,0.21804],[-78.63545,0.20737],[-78.64954,0.21481],[-78.67474,0.21048],[-78.68861,0.22301],[-78.69929,0.21705],[-78.71844,0.21962],[-78.75387,0.24013],[-78.77703,0.24335],[-78.81115,0.23053],[-78.8336,0.24146],[-78.8695,0.23381],[-78.8808,0.22229],[-78.90933,0.21337],[-78.9287,0.21894],[-78.94769,0.20392],[-78.95408,0.20672],[-78.96433,0.21513],[-78.966,0.22316],[-78.9783,0.21178],[-78.99389,0.21677],[-79.00214,0.22333],[-79.01653,0.23776],[-79.01505,0.24266],[-79.01699,0.25242],[-79.01676,0.26445],[-79.01778,0.27301],[-79.02132,0.27931],[-79.03112,0.29253],[-79.05749,0.29585],[-79.06293,0.30573],[-79.08464,0.30009],[-79.09729,0.30193],[-79.10445,0.30452],[-79.11365,0.30531],[-79.11225,0.30241],[-79.11154,0.29833],[-79.11522,0.30071],[-79.11894,0.31052],[-79.12767,0.31745],[-79.14158,0.32161],[-79.14825,0.3163],[-79.16069,0.31756],[-79.1682,0.3153],[-79.17355,0.31506],[-79.18193,0.31437],[-79.2014,0.32036],[-79.21104,0.31894],[-79.21592,0.32121]]]},"properties":{"DPA_PROVIN":"17","DPA_DESPRO":"PICHINCHA","a45i3_muy":10285,"a45i3_alta":510,"a45i3_al_1":7848,"a46i3_muy":136,"a46i3_alta":9,"a46i3_al_1":681,"a46i3_al_2":33713,"a46i3_al_3":0}},
{"type":"Feature","geometry":{"type":"Polygon","coordinates":[[[-78.3955,-0.99454],[-78.40953,-0.99824],[-78.40784,-1.0147],[-78.45317,-1.06488],[-78.46285,-1.08441],[-78.48323,-1.09258],[-78.50196,-1.09421],[-78.52063,-1.07087],[-78.52384,-1.05908],[-78.55589,-1.05885],[-78.57653,-1.07398],[-78.56257,-1.08374],[-78.57031,-1.09599],[-78.56718,-1.11155],[-78.57846,-1.12037],[-78.61147,-1.11044],[-78.62594,-1.12642],[-78.65968,-1.14236],[-78.68948,-1.15106],[-78.72516,-1.14982],[-78.73871,-1.1337],[-78.76101,-1.13551],[-78.78218,-1.14598],[-78.79776,-1.145],[-78.83201,-1.16611],[-78.84592,-1.18305],[-78.85929,-1.17358],[-78.86607,-1.18598],[-78.8631,-1.194],[-78.89148,-1.21987],[-78.89032,-1.25502],[-78.89326,-1.28502],[-78.91533,-1.32521],[-78.93423,-1.3388],[-78.93793,-1.36219],[-78.92724,-1.37329],[-78.92967,-1.40201],[-78.91692,-1.40996],[-78.90985,-1.43077],[-78.8866,-1.45878],[-78.87151,-1.46838],[-78.85256,-1.4709],[-78.8329,-1.46158],[-78.81374,-1.44522],[-78.80049,-1.44755],[-78.77794,-1.43042],[-78.7369,-1.45622],[-78.72522,-1.47076],[-78.69914,-1.48172],[-78.66689,-1.49998],[-78.63393,-1.49594],[-78.62044,-1.50634],[-78.60194,-1.48936],[-78.58707,-1.49076],[-78.55874,-1.47495],[-78.53991,-1.47978],[-78.53338,-1.4686],[-78.51318,-1.47418],[-78.50569,-1.44036],[-78.44456,-1.47027],[-78.42332,-1.48535],[-78.39489,-1.4848],[-78.38741,-1.49407],[-78.36284,-1.49905],[-78.35741,-1.52087],[-78.34519,-1.50355],[-78.31903,-1.49842],[-78.29761,-1.48004],[-78.27864,-1.48307],[-78.26731,-1.5025],[-78.22313,-1.48721],[-78.22161,-1.47608],[-78.19565,-1.47146],[-78.19241,-1.45541],[-78.17795,-1.44868],[-78.16837,-1.43502],[-78.15091,-1.42898],[-78.13984,-1.39584],[-78.12575,-1.3792],[-78.11977,-1.36314],[-78.1217,-1.33694],[-78.11439,-1.31907],[-78.11837,-1.30689],[-78.11291,-1.28423],[-78.11991,-1.25967],[-78.11641,-1.25162],[-78.12376,-1.22307],[-78.12181,-1.22059],[-78.11967,-1.21341],[-78.11825,-1.20706],[-78.11642,-1.20223],[-78.1151,-1.19448],[-78.13518,-1.18224],[-78.1534,-1.17967],[-78.16949,-1.18766],[-78.18807,-1.18275],[-78.18714,-1.16333],[-78.21914,-1.14163],[-78.24608,-1.15418],[-78.26442,-1.15687],[-78.26464,-1.14078],[-78.3108,-1.14289],[-78.32259,-1.16448],[-78.35255,-1.16987],[-78.35482,-1.15596],[-78.34025,-1.13887],[-78.33759,-1.1161],[-78.34244,-1.09427],[-78.33298,-1.07282],[-78.33045,-1.03715],[-78.34305,-1.02807],[-78.36045,-0.99933],[-78.37845,-1.00514],[-78.3955,-0.99454]]]},"properties":{"DPA_PROVIN":"18","DPA_DESPRO":"TUNGURAHUA","a45i3_muy":3343,"a45i3_alta":927,"a45i3_al_1":2292,"a46i3_muy":24,"a46i3_alta":6,"a46i3_al_1":180,"a46i3_al_2":9302,"a46i3_al_3":0}},
{"type":"Feature","geometry":{"type":"Polygon","coordinates":[[[-78.94297,-3.34342],[-78.96159,-3.34339],[-79.01053,-3.36612],[-79.02867,-3.38512],[-79.05125,-3.40014],[-79.06089,-3.43824],[-79.04478,-3.48253],[-79.06711,-3.50213],[-79.06735,-3.51462],[-79.05164,-3.54396],[-79.04935,-3.56168],[-79.05783,-3.58624],[-79.05652,-3.60015],[-79.06788,-3.61756],[-79.09513,-3.62499],[-79.11048,-3.63362],[-79.10664,-3.64535],[-79.13845,-3.66155],[-79.15767,-3.66308],[-79.15491,-3.6967],[-79.16222,-3.71549],[-79.17592,-3.71104],[-79.19438,-3.72213],[-79.19384,-3.74094],[-79.17808,-3.77056],[-79.1759,-3.79531],[-79.14349,-3.82144],[-79.14029,-3.84735],[-79.12911,-3.88877],[-79.14266,-3.90169],[-79.14832,-3.92529],[-79.14009,-3.95021],[-79.15013,-3.96309],[-79.14341,-3.97399],[-79.14601,-4.01754],[-79.13639,-4.03573],[-79.14452,-4.06148],[-79.15347,-4.06696],[-79.16274,-4.11485],[-79.15799,-4.15118],[-79.13516,-4.16122],[-79.10799,-4.18569],[-79.10596,-4.2605],[-79.11454,-4.26693],[-79.10609,-4.28804],[-79.12102,-4.30834],[-79.10895,-4.33398],[-79.10783,-4.35932],[-79.11523,-4.39151],[-79.11085,-4.40492],[-79.12003,-4.42616],[-79.14342,-4.43465],[-79.14666,-4.44782],[-79.15941,-4.45221],[-79.16562,-4.47035],[-79.18924,-4.47425],[-79.21047,-4.51101],[-79.2197,-4.49676],[-79.24838,-4.48259],[-79.26328,-4.48809],[-79.27163,-4.47366],[-79.29142,-4.47909],[-79.29664,-4.49277],[-79.32729,-4.50911],[-79.32783,-4.53179],[-79.33717,-4.5477],[-79.32742,-4.57773],[-79.33339,-4.60623],[-79.3533,-4.62572],[-79.35926,-4.6495],[-79.38089,-4.65729],[-79.39476,-4.6789],[-79.39299,-4.69488],[-79.40207,-4.72206],[-79.41436,-4.72155],[-79.42767,-4.7473],[-79.39459,-4.83231],[-79.37204,-4.83223],[-79.35196,-4.8804],[-79.33796,-4.88479],[-79.32015,-4.90064],[-79.30573,-4.90298],[-79.28795,-4.94285],[-79.26203,-4.96777],[-79.2227,-4.964],[-79.21227,-4.967],[-79.17989,-4.96026],[-79.1415,-4.96623],[-79.1152,-4.97774],[-79.07692,-4.96977],[-79.05115,-4.99089],[-79.03513,-5.0129],[-79.01189,-5.01143],[-78.99103,-4.9631],[-78.98593,-4.93545],[-78.97435,-4.89641],[-78.94599,-4.89792],[-78.89261,-4.88755],[-78.88985,-4.87256],[-78.90707,-4.86233],[-78.91156,-4.84286],[-78.89849,-4.8326],[-78.89386,-4.80446],[-78.91162,-4.79177],[-78.91487,-4.78051],[-78.89707,-4.77324],[-78.88876,-4.76134],[-78.89117,-4.72128],[-78.86292,-4.69011],[-78.86063,-4.67373],[-78.84093,-4.65363],[-78.80395,-4.63685],[-78.77591,-4.64216],[-78.76565,-4.63059],[-78.73545,-4.62549],[-78.71434,-4.62829],[-78.67477,-4.59223],[-78.6604,-4.58593],[-78.6563,-4.56202],[-78.66308,-4.53842],[-78.66067,-4.52774],[-78.63887,-4.49622],[-78.63542,-4.46519],[-78.62018,-4.43723],[-78.60365,-4.43193],[-78.60866,-4.41371],[-78.63318,-4.41511],[-78.64174,-4.39741],[-78.6367,-4.38965],[-78.64186,-4.37032],[-78.65121,-4.36194],[-78.64648,-4.32234],[-78.63713,-4.30294],[-78.6139,-4.28997],[-78.6109,-4.2648],[-78.60122,-4.25273],[-78.60802,-4.23875],[-78.60387,-4.21493],[-78.57774,-4.1966],[-78.57578,-4.16263],[-78.58265,-4.13598],[-78.56642,-4.10139],[-78.54014,-4.07494],[-78.55283,-4.05243],[-78.56802,-4.04714],[-78.56228,-4.00323],[-78.56627,-3.99243],[-78.54133,-3.97214],[-78.52416,-3.93763],[-78.49528,-3.93321],[-78.47754,-3.91131],[-78.4825,-3.89107],[-78.47473,-3.85747],[-78.45933,-3.83394],[-78.43496,-3.81989],[-78.41582,-3.79504],[-78.40859,-3.77206],[-78.41672,-3.76659],[-78.40621,-3.74448],[-78.41751,-3.72557],[-78.42243,-3.68989],[-78.39998,-3.68989],[-78.39347,-3.67702],[-78.40025,-3.65069],[-78.3873,-3.64145],[-78.39767,-3.62484],[-78.3923,-3.60383],[-78.39346,-3.5814],[-78.38801,-3.55523],[-78.3652,-3.52973],[-78.53006,-3.52973],[-78.53463,-3.53735],[-78.55874,-3.54139],[-78.57715,-3.55074],[-78.60224,-3.54709],[-78.62803,-3.53383],[-78.64584,-3.53751],[-78.66819,-3.55074],[-78.68362,-3.58746],[-78.70613,-3.57791],[-78.72293,-3.56195],[-78.75437,-3.5687],[-78.77539,-3.56139],[-78.78633,-3.55064],[-78.81864,-3.55064],[-78.83486,-3.54535],[-78.84245,-3.51864],[-78.85523,-3.51633],[-78.87052,-3.50227],[-78.86705,-3.46485],[-78.88068,-3.44396],[-78.87475,-3.42197],[-78.88132,-3.4015],[-78.90157,-3.39415],[-78.91621,-3.36745],[-78.93193,-3.35933],[-78.94297,-3.34342]]]},"properties":{"DPA_PROVIN":"19","DPA_DESPRO":"ZAMORA CHINCHIPE","a45i3_muy":751,"a45i3_alta":730,"a45i3_al_1":656,"a46i3_muy":4,"a46i3_alta":6,"a46i3_al_1":85,"a46i3_al_2":3442,"a46i3_al_3":0}},
{"type":"Feature","geometry":{"type":"MultiPolygon","coordinates":[[[[-89.66169,-1.34792],[-89.69202,-1.34598],[-89.73265,-1.35936],[-89.73359,-1.38027],[-89.68494,-1.40388],[-89.63838,-1.40771],[-89.62713,-1.38467],[-89.64091,-1.36618],[-89.66169,-1.34792]]],[[[-90.42032,-1.22502],[-90.43804,-1.22621],[-90.45496,-1.23963],[-90.47501,-1.2306],[-90.4878,-1.25163],[-90.48989,-1.28239],[-90.49481,-1.2959],[-90.51123,-1.31572],[-90.49807,-1.33829],[-90.46725,-1.34988],[-90.45475,-1.35988],[-90.43344,-1.36017],[-90.39965,-1.34422],[-90.38727,-1.33279],[-90.37554,-1.30838],[-90.3611,-1.29279],[-90.35868,-1.26367],[-90.3804,-1.24845],[-90.39375,-1.24615],[-90.42032,-1.22502]]],[[[-90.0822,-0.79873],[-90.09149,-0.82072],[-90.05555,-0.83854],[-90.03056,-0.83786],[-90.0275,-0.82693],[-90.03589,-0.80588],[-90.0445,-0.7996],[-90.0822,-0.79873]]],[[[-89.3388,-0.68654],[-89.35033,-0.68657],[-89.36148,-0.70106],[-89.38208,-0.71291],[-89.40289,-0.71521],[-89.41056,-0.72406],[-89.43589,-0.73659],[-89.46473,-0.76054],[-89.45779,-0.7672],[-89.47259,-0.78533],[-89.46811,-0.80192],[-89.48465,-0.81771],[-89.52381,-0.82218],[-89.54139,-0.81775],[-89.54308,-0.84649],[-89.57047,-0.86007],[-89.58235,-0.87343],[-89.60317,-0.88286],[-89.62144,-0.90108],[-89.62692,-0.9194],[-89.60747,-0.93387],[-89.56042,-0.95205],[-89.5229,-0.95558],[-89.50119,-0.9425],[-89.47423,-0.93629],[-89.44925,-0.93716],[-89.40179,-0.91836],[-89.39551,-0.89763],[-89.36159,-0.85328],[-89.35866,-0.82716],[-89.32515,-0.81675],[-89.30856,-0.80238],[-89.30605,-0.79154],[-89.28405,-0.77916],[-89.27448,-0.75445],[-89.25521,-0.74066],[-89.24334,-0.72471],[-89.2601,-0.69257],[-89.28397,-0.70389],[-89.30391,-0.68993],[-89.3388,-0.68654]]],[[[-90.6582,-0.59174],[-90.67096,-0.58751],[-90.68774,-0.60133],[-90.68417,-0.62213],[-90.66594,-0.6323],[-90.65099,-0.63151],[-90.64252,-0.61944],[-90.6582,-0.59174]]],[[[-90.2506,-0.48175],[-90.26537,-0.48922],[-90.28486,-0.48868],[-90.29721,-0.49685],[-90.35549,-0.49349],[-90.35913,-0.51172],[-90.41448,-0.50402],[-90.42995,-0.5127],[-90.45075,-0.51075],[-90.48968,-0.52954],[-90.50882,-0.53154],[-90.51777,-0.55698],[-90.53568,-0.56602],[-90.53102,-0.57972],[-90.53781,-0.60593],[-90.54877,-0.62418],[-90.54661,-0.64972],[-90.53612,-0.67867],[-90.53737,-0.69035],[-90.52315,-0.70573],[-90.50213,-0.70817],[-90.47382,-0.72353],[-90.46747,-0.7215],[-90.45099,-0.74647],[-90.41125,-0.76343],[-90.40609,-0.77231],[-90.38388,-0.76945],[-90.35459,-0.77414],[-90.35005,-0.7634],[-90.33119,-0.76107],[-90.31522,-0.76705],[-90.30798,-0.74283],[-90.2856,-0.74678],[-90.24202,-0.74607],[-90.23583,-0.74205],[-90.23243,-0.71682],[-90.21953,-0.69368],[-90.20828,-0.70231],[-90.19646,-0.69546],[-90.19624,-0.68116],[-90.17884,-0.66793],[-90.187,-0.66016],[-90.17768,-0.63118],[-90.18412,-0.60776],[-90.16919,-0.57224],[-90.20272,-0.54558],[-90.22708,-0.53356],[-90.23634,-0.52293],[-90.2506,-0.48175]]],[[[-90.27491,-0.41182],[-90.28831,-0.41445],[-90.28115,-0.4418],[-90.29822,-0.4618],[-90.29358,-0.48412],[-90.27097,-0.48156],[-90.24771,-0.46467],[-90.27147,-0.42352],[-90.27491,-0.41182]]],[[[-90.70465,-0.39761],[-90.72033,-0.41217],[-90.70569,-0.42272],[-90.69717,-0.41004],[-90.70465,-0.39761]]],[[[-91.45967,-0.26005],[-91.48832,-0.26653],[-91.50914,-0.28221],[-91.53619,-0.28551],[-91.56017,-0.29683],[-91.61767,-0.29652],[-91.64475,-0.30018],[-91.65851,-0.30712],[-91.66157,-0.32184],[-91.65329,-0.33973],[-91.65202,-0.38963],[-91.64703,-0.40861],[-91.63272,-0.42858],[-91.62482,-0.45245],[-91.60106,-0.48565],[-91.55254,-0.49067],[-91.50767,-0.50641],[-91.44099,-0.49414],[-91.42977,-0.49489],[-91.40173,-0.47413],[-91.38783,-0.45471],[-91.39413,-0.43347],[-91.37731,-0.39537],[-91.38152,-0.37605],[-91.38063,-0.34999],[-91.40529,-0.29496],[-91.43172,-0.27368],[-91.45967,-0.26005]]],[[[-90.79048,-0.14604],[-90.81733,-0.15659],[-90.8382,-0.17799],[-90.82863,-0.1997],[-90.84514,-0.22138],[-90.8541,-0.24085],[-90.86943,-0.24847],[-90.86903,-0.2703],[-90.84347,-0.28131],[-90.83315,-0.29684],[-90.83124,-0.33116],[-90.82029,-0.32662],[-90.80224,-0.33524],[-90.78877,-0.32853],[-90.77191,-0.33424],[-90.76623,-0.34398],[-90.74055,-0.36038],[-90.71074,-0.35842],[-90.70238,-0.35225],[-90.65728,-0.3555],[-90.63004,-0.36939],[-90.59956,-0.37513],[-90.57848,-0.36259],[-90.56895,-0.33069],[-90.54654,-0.31429],[-90.55108,-0.29914],[-90.57366,-0.27914],[-90.58234,-0.23766],[-90.60519,-0.21886],[-90.63208,-0.20985],[-90.64687,-0.1959],[-90.66856,-0.19764],[-90.67599,-0.19003],[-90.70017,-0.18697],[-90.70334,-0.17229],[-90.74158,-0.16157],[-90.74918,-0.15051],[-90.76621,-0.15179],[-90.79048,-0.14604]]],[[[-91.33495,0.15968],[-91.3623,0.16072],[-91.36735,0.14926],[-91.39265,0.12409],[-91.41501,0.12024],[-91.44259,0.10761],[-91.47353,0.1082],[-91.49016,0.09481],[-91.5087,0.0526],[-91.5353,0.02775],[-91.56116,0.01951],[-91.58742,0.00612],[-91.59432,-0.01117],[-91.57472,-0.02996],[-91.56802,-0.04807],[-91.55374,-0.04821],[-91.53461,-0.03962],[-91.51563,-0.0384],[-91.47226,-0.01504],[-91.43646,-0.01822],[-91.4188,-0.03093],[-91.40604,-0.05973],[-91.40896,-0.06644],[-91.40306,-0.11775],[-91.40681,-0.13448],[-91.40375,-0.16607],[-91.38129,-0.2056],[-91.39127,-0.21396],[-91.39154,-0.23436],[-91.3859,-0.26087],[-91.36615,-0.27324],[-91.36279,-0.29116],[-91.34681,-0.31939],[-91.32301,-0.34163],[-91.2805,-0.35795],[-91.26965,-0.37567],[-91.22384,-0.39765],[-91.22761,-0.41357],[-91.22475,-0.46863],[-91.20758,-0.49224],[-91.17482,-0.51225],[-91.14134,-0.54841],[-91.10167,-0.57078],[-91.07362,-0.61054],[-91.09196,-0.63895],[-91.10899,-0.63551],[-91.1224,-0.6522],[-91.14284,-0.65447],[-91.15233,-0.67604],[-91.17111,-0.68816],[-91.18338,-0.68828],[-91.21775,-0.66633],[-91.24576,-0.67524],[-91.24972,-0.6868],[-91.27232,-0.69371],[-91.31528,-0.69314],[-91.32959,-0.69931],[-91.3279,-0.71205],[-91.34794,-0.72338],[-91.37005,-0.75157],[-91.38493,-0.76283],[-91.40443,-0.76692],[-91.41102,-0.77597],[-91.43369,-0.78712],[-91.4399,-0.80301],[-91.45508,-0.82108],[-91.48685,-0.84582],[-91.5008,-0.86391],[-91.51195,-0.88961],[-91.51238,-0.90742],[-91.50327,-0.92438],[-91.48406,-0.94154],[-91.45572,-0.94906],[-91.44772,-0.95706],[-91.44723,-0.98929],[-91.44229,-0.99959],[-91.42072,-1.01183],[-91.38024,-1.0224],[-91.34897,-1.01475],[-91.3,-1.01723],[-91.26963,-1.02528],[-91.24947,-1.0264],[-91.2245,-1.03449],[-91.21428,-1.0454],[-91.18275,-1.04419],[-91.16212,-1.03502],[-91.13898,-1.03077],[-91.12316,-1.01741],[-91.10344,-1.01469],[-91.01898,-0.98927],[-90.98501,-0.95674],[-90.95312,-0.96038],[-90.94195,-0.96542],[-90.90608,-0.95433],[-90.8879,-0.91953],[-90.88113,-0.91454],[-90.85918,-0.91824],[-90.8464,-0.90891],[-90.8521,-0.88435],[-90.83828,-0.8592],[-90.84029,-0.83566],[-90.83073,-0.8231],[-90.82349,-0.7888],[-90.80067,-0.78501],[-90.78153,-0.75668],[-90.80643,-0.72515],[-90.81923,-0.72707],[-90.82642,-0.70623],[-90.85225,-0.70405],[-90.84707,-0.68376],[-90.86035,-0.6724],[-90.8624,-0.65223],[-90.88321,-0.64092],[-90.88144,-0.6282],[-90.90233,-0.61325],[-90.93506,-0.62614],[-90.95223,-0.61829],[-90.96043,-0.6032],[-90.95258,-0.5807],[-90.95715,-0.5613],[-90.94912,-0.54161],[-90.94693,-0.49162],[-90.94217,-0.47391],[-90.95624,-0.4516],[-90.95473,-0.43468],[-90.9812,-0.41068],[-90.99906,-0.38233],[-91.0443,-0.3438],[-91.05813,-0.33996],[-91.09477,-0.31698],[-91.10054,-0.29794],[-91.12167,-0.26977],[-91.15525,-0.24433],[-91.1764,-0.22076],[-91.18502,-0.19759],[-91.19343,-0.15054],[-91.18498,-0.10652],[-91.18641,-0.08138],[-91.19886,-0.02175],[-91.21175,-0.02015],[-91.22188,0.00025],[-91.27418,0.04382],[-91.29388,0.07626],[-91.31083,0.13027],[-91.32872,0.14199],[-91.33495,0.15968]]],[[[-89.94514,0.34285],[-89.96873,0.33984],[-89.97805,0.31737],[-89.93586,0.32317],[-89.94514,0.34285]]],[[[-90.47876,0.3875],[-90.49544,0.38624],[-90.53666,0.36198],[-90.54309,0.34524],[-90.53965,0.31387],[-90.50825,0.3002],[-90.50183,0.28728],[-90.48236,0.27754],[-90.43669,0.28718],[-90.40678,0.30744],[-90.40174,0.32301],[-90.41971,0.34658],[-90.44725,0.36795],[-90.4615,0.3858],[-90.47876,0.3875]]],[[[-90.76993,0.63992],[-90.77911,0.64389],[-90.78928,0.6265],[-90.78866,0.59397],[-90.77995,0.55242],[-90.74146,0.54126],[-90.72178,0.54119],[-90.71722,0.55525],[-90.72963,0.59889],[-90.76993,0.63992]]]]},"properties":{"DPA_PROVIN":"20","DPA_DESPRO":"GALÁPAGOS","a45i3_muy":0,"a45i3_alta":70,"a45i3_al_1":52,"a46i3_muy":0,"a46i3_alta":2,"a46i3_al_1":8,"a46i3_al_2":214,"a46i3_al_3":0}},
{"type":"Feature","geometry":{"type":"Polygon","coordinates":[[[-75.26261,-0.65487],[-75.25768,-0.64373],[-75.2234,-0.62429],[-75.2395,-0.60228],[-75.23583,-0.58056],[-75.22572,-0.57185],[-75.22815,-0.55026],[-75.24706,-0.5219],[-75.26898,-0.52945],[-75.26658,-0.50874],[-75.2779,-0.49797],[-75.29615,-0.5031],[-75.31473,-0.48969],[-75.31395,-0.46641],[-75.34296,-0.46216],[-75.3545,-0.44958],[-75.3882,-0.4337],[-75.39205,-0.41462],[-75.40855,-0.40021],[-75.44189,-0.35384],[-75.47393,-0.29531],[-75.47243,-0.27476],[-75.48123,-0.26088],[-75.4766,-0.24944],[-75.50144,-0.22139],[-75.51746,-0.19405],[-75.53388,-0.17803],[-75.6102,-0.19292],[-75.6102,-0.11309],[-75.6008,-0.1098],[-75.5898,-0.12293],[-75.57969,-0.12026],[-75.56454,-0.13128],[-75.53496,-0.11741],[-75.51636,-0.11427],[-75.50393,-0.1262],[-75.47861,-0.13253],[-75.45473,-0.14936],[-75.43254,-0.15283],[-75.40408,-0.17014],[-75.37766,-0.16596],[-75.34123,-0.15568],[-75.30656,-0.15531],[-75.28686,-0.15025],[-75.27752,-0.1338],[-75.29573,-0.10778],[-75.32681,-0.10532],[-75.36468,-0.0897],[-75.38854,-0.09931],[-75.42981,-0.08311],[-75.46799,-0.05066],[-75.5068,-0.04595],[-75.52324,-0.02647],[-75.57341,-0.02553],[-75.5833,-0.01403],[-75.58019,0.01165],[-75.60007,0.01475],[-75.62926,0.02814],[-75.63251,0.04242],[-75.65266,0.03041],[-75.66469,0.0408],[-75.69081,0.03709],[-75.71163,0.03892],[-75.748,0.03623],[-75.77154,0.04173],[-75.78756,0.05604],[-75.81152,0.05402],[-75.81412,0.07727],[-75.83901,0.10379],[-75.84981,0.12854],[-75.85935,0.13514],[-75.87884,0.11933],[-75.90016,0.16398],[-75.91453,0.17111],[-75.93807,0.20027],[-75.95366,0.20154],[-75.95309,0.22101],[-75.95987,0.23458],[-75.99014,0.24292],[-75.98662,0.26406],[-76.01525,0.3027],[-76.03378,0.30422],[-76.04644,0.31194],[-76.05368,0.33333],[-76.08007,0.33703],[-76.09566,0.31923],[-76.10925,0.31342],[-76.12113,0.32469],[-76.11817,0.34128],[-76.13237,0.37208],[-76.16106,0.38913],[-76.17511,0.37199],[-76.198,0.37404],[-76.208,0.38611],[-76.22834,0.37629],[-76.2321,0.40064],[-76.26195,0.40629],[-76.25911,0.42347],[-76.27911,0.43683],[-76.29372,0.42205],[-76.31405,0.43449],[-76.33119,0.41511],[-76.33384,0.38971],[-76.35511,0.37953],[-76.37482,0.394],[-76.3971,0.38209],[-76.41204,0.37993],[-76.41206,0.24161],[-76.42919,0.24181],[-76.42806,0.25588],[-76.44576,0.25409],[-76.45156,0.23848],[-76.48639,0.24167],[-76.50384,0.23636],[-76.53515,0.25932],[-76.56823,0.24379],[-76.58471,0.21892],[-76.60807,0.23373],[-76.61723,0.25229],[-76.6297,0.2633],[-76.65027,0.25143],[-76.65622,0.27078],[-76.67869,0.26962],[-76.70101,0.27826],[-76.71134,0.26878],[-76.7316,0.28813],[-76.76391,0.26598],[-76.7538,0.2496],[-76.76723,0.24581],[-76.7855,0.26238],[-76.79828,0.26423],[-76.82281,0.25602],[-76.84749,0.2392],[-76.88082,0.25211],[-76.90411,0.2458],[-76.93523,0.26157],[-76.96722,0.27351],[-76.98546,0.26833],[-77.00366,0.29671],[-77.02656,0.27733],[-77.0485,0.29292],[-77.05745,0.2837],[-77.07737,0.28725],[-77.08504,0.29979],[-77.08229,0.3177],[-77.09594,0.32674],[-77.10659,0.34573],[-77.11279,0.37096],[-77.1268,0.37928],[-77.15039,0.37636],[-77.1798,0.39052],[-77.20142,0.36866],[-77.24356,0.36228],[-77.26509,0.3701],[-77.28783,0.36326],[-77.30875,0.37221],[-77.31377,0.38095],[-77.37376,0.40053],[-77.38209,0.38528],[-77.42134,0.4222],[-77.42299,0.43781],[-77.44559,0.42703],[-77.45884,0.4271],[-77.52948,0.40605],[-77.52039,0.42077],[-77.51877,0.45185],[-77.52545,0.46808],[-77.51634,0.49458],[-77.52151,0.53192],[-77.50301,0.57521],[-77.48801,0.58745],[-77.47988,0.61403],[-77.47902,0.64065],[-77.49124,0.66177],[-77.53191,0.65265],[-77.56283,0.63604],[-77.61691,0.64213],[-77.63665,0.63648],[-77.65636,0.64763],[-77.67173,0.64927],[-77.68634,0.64074],[-77.68975,0.62105],[-77.65581,0.60406],[-77.6617,0.59875],[-77.67901,0.56092],[-77.70975,0.54892],[-77.72025,0.53191],[-77.7517,0.50507],[-77.75404,0.49145],[-77.77431,0.46377],[-77.79232,0.44563],[-77.79431,0.4346],[-77.8134,0.40444],[-77.7963,0.38519],[-77.79709,0.37024],[-77.81104,0.35415],[-77.82045,0.3442],[-77.82395,0.32562],[-77.85046,0.30649],[-77.84532,0.27912],[-77.82918,0.27406],[-77.84764,0.25901],[-77.87232,0.21803],[-77.87047,0.20778],[-77.88606,0.19974],[-77.90474,0.20584],[-77.92576,0.19566],[-77.92395,0.18177],[-77.93876,0.1804],[-77.95691,0.15781],[-77.9652,0.1579],[-77.97062,0.14681],[-77.97725,0.11096],[-77.96226,0.11285],[-77.94591,0.09929],[-77.93673,0.10385],[-77.91824,0.08176],[-77.89468,0.08453],[-77.85831,0.059],[-77.85447,0.0243],[-77.83983,0.02727],[-77.82008,0.03371],[-77.80884,0.02301],[-77.78445,0.01936],[-77.77947,0.01051],[-77.79447,-0.01665],[-77.78514,-0.03132],[-77.78231,-0.08311],[-77.65882,-0.08085],[-77.63962,-0.07618],[-77.61195,-0.08198],[-77.58397,-0.10911],[-77.55896,-0.08407],[-77.53719,-0.05718],[-77.51266,-0.06413],[-77.50469,-0.05648],[-77.50821,-0.04071],[-77.49016,-0.04066],[-77.48549,-0.02648],[-77.46037,-0.01912],[-77.45329,-0.03768],[-77.45622,-0.04997],[-77.4499,-0.0709],[-77.45632,-0.08209],[-77.44497,-0.09952],[-77.4543,-0.11458],[-77.45314,-0.13724],[-77.43831,-0.12937],[-77.39336,-0.13982],[-77.37939,-0.15257],[-77.34672,-0.12962],[-77.33673,-0.11363],[-77.3389,-0.10159],[-77.32128,-0.08032],[-77.30545,-0.07103],[-77.30497,-0.05938],[-77.30201,-0.0514],[-77.27865,-0.04541],[-77.27106,-0.05841],[-77.24469,-0.07259],[-77.20933,-0.08477],[-77.20287,-0.09919],[-77.17212,-0.09817],[-77.16244,-0.08425],[-77.12013,-0.0931],[-77.09387,-0.11165],[-77.08244,-0.10852],[-77.05463,-0.11352],[-77.01642,-0.0997],[-76.99867,-0.08202],[-76.95747,-0.06354],[-76.93373,-0.05912],[-76.92878,-0.08165],[-76.90478,-0.0845],[-76.90255,-0.10669],[-76.87533,-0.12762],[-76.87436,-0.13623],[-76.84486,-0.18193],[-76.83288,-0.18936],[-76.80705,-0.22153],[-76.80129,-0.23424],[-76.76212,-0.261],[-76.76436,-0.27974],[-76.75304,-0.29948],[-76.72425,-0.33398],[-76.72465,-0.34683],[-76.70149,-0.35242],[-76.68447,-0.37173],[-76.67222,-0.3744],[-76.65429,-0.39274],[-76.63374,-0.40548],[-76.64045,-0.4182],[-76.62383,-0.42961],[-76.59366,-0.42471],[-76.56482,-0.40923],[-76.55344,-0.41145],[-76.53507,-0.4347],[-76.50157,-0.4495],[-76.49267,-0.46503],[-76.46649,-0.48842],[-76.43093,-0.48519],[-76.40398,-0.49945],[-76.39283,-0.51719],[-76.36977,-0.51829],[-76.34682,-0.49457],[-76.32863,-0.48404],[-76.30346,-0.48059],[-76.28513,-0.4707],[-76.26814,-0.45181],[-76.23373,-0.45059],[-76.17334,-0.44116],[-76.15498,-0.44218],[-76.12927,-0.45149],[-76.10477,-0.44169],[-76.08285,-0.44227],[-76.07329,-0.46255],[-76.07266,-0.48018],[-76.06233,-0.50295],[-76.03568,-0.52282],[-76.01167,-0.53359],[-75.98851,-0.55732],[-75.96538,-0.56367],[-75.94321,-0.55426],[-75.94106,-0.5324],[-75.95508,-0.41934],[-75.93748,-0.4096],[-75.85306,-0.40826],[-75.85591,-0.42356],[-75.83607,-0.42579],[-75.82762,-0.43764],[-75.7903,-0.42487],[-75.73998,-0.42438],[-75.72242,-0.44444],[-75.71758,-0.46206],[-75.70217,-0.47246],[-75.67366,-0.45994],[-75.64827,-0.45589],[-75.64715,-0.46828],[-75.59769,-0.48494],[-75.56888,-0.50438],[-75.57446,-0.51806],[-75.55938,-0.52736],[-75.56121,-0.54612],[-75.53886,-0.54239],[-75.5128,-0.55655],[-75.49605,-0.54467],[-75.48441,-0.55721],[-75.46454,-0.54608],[-75.43972,-0.55455],[-75.42482,-0.56618],[-75.41053,-0.56275],[-75.39656,-0.57563],[-75.38653,-0.60769],[-75.36988,-0.603],[-75.33925,-0.623],[-75.31823,-0.61432],[-75.30766,-0.63078],[-75.28462,-0.62127],[-75.28517,-0.64254],[-75.26392,-0.64517],[-75.26261,-0.65487]]]},"properties":{"DPA_PROVIN":"21","DPA_DESPRO":"SUCUMBÍOS","a45i3_muy":3509,"a45i3_alta":654,"a45i3_al_1":2187,"a46i3_muy":20,"a46i3_alta":6,"a46i3_al_1":186,"a46i3_al_2":7438,"a46i3_al_3":0}},
{"type":"Feature","geometry":{"type":"Polygon","coordinates":[[[-75.26261,-0.65487],[-75.26392,-0.64517],[-75.28517,-0.64254],[-75.28462,-0.62127],[-75.30766,-0.63078],[-75.31823,-0.61432],[-75.33925,-0.623],[-75.36988,-0.603],[-75.38653,-0.60769],[-75.39656,-0.57563],[-75.41053,-0.56275],[-75.42482,-0.56618],[-75.43972,-0.55455],[-75.46454,-0.54608],[-75.48441,-0.55721],[-75.49605,-0.54467],[-75.5128,-0.55655],[-75.53886,-0.54239],[-75.56121,-0.54612],[-75.55938,-0.52736],[-75.57446,-0.51806],[-75.56888,-0.50438],[-75.59769,-0.48494],[-75.64715,-0.46828],[-75.64827,-0.45589],[-75.67366,-0.45994],[-75.70217,-0.47246],[-75.71758,-0.46206],[-75.72242,-0.44444],[-75.73998,-0.42438],[-75.7903,-0.42487],[-75.82762,-0.43764],[-75.83607,-0.42579],[-75.85591,-0.42356],[-75.85306,-0.40826],[-75.93748,-0.4096],[-75.95508,-0.41934],[-75.94106,-0.5324],[-75.94321,-0.55426],[-75.96538,-0.56367],[-75.98851,-0.55732],[-76.01167,-0.53359],[-76.03568,-0.52282],[-76.06233,-0.50295],[-76.07266,-0.48018],[-76.07329,-0.46255],[-76.08285,-0.44227],[-76.10477,-0.44169],[-76.12927,-0.45149],[-76.15498,-0.44218],[-76.17334,-0.44116],[-76.23373,-0.45059],[-76.26814,-0.45181],[-76.28513,-0.4707],[-76.30346,-0.48059],[-76.32863,-0.48404],[-76.34682,-0.49457],[-76.36977,-0.51829],[-76.39283,-0.51719],[-76.40398,-0.49945],[-76.43093,-0.48519],[-76.46649,-0.48842],[-76.49267,-0.46503],[-76.50157,-0.4495],[-76.53507,-0.4347],[-76.55344,-0.41145],[-76.56482,-0.40923],[-76.59366,-0.42471],[-76.62383,-0.42961],[-76.64045,-0.4182],[-76.63374,-0.40548],[-76.65429,-0.39274],[-76.67222,-0.3744],[-76.68447,-0.37173],[-76.70149,-0.35242],[-76.72465,-0.34683],[-76.72425,-0.33398],[-76.75304,-0.29948],[-76.76436,-0.27974],[-76.76212,-0.261],[-76.80129,-0.23424],[-76.80705,-0.22153],[-76.83288,-0.18936],[-76.84486,-0.18193],[-76.87436,-0.13623],[-76.87533,-0.12762],[-76.90255,-0.10669],[-76.90478,-0.0845],[-76.92878,-0.08165],[-76.93373,-0.05912],[-76.95747,-0.06354],[-76.99867,-0.08202],[-77.01642,-0.0997],[-77.05463,-0.11352],[-77.08244,-0.10852],[-77.09387,-0.11165],[-77.12013,-0.0931],[-77.16244,-0.08425],[-77.17212,-0.09817],[-77.20287,-0.09919],[-77.20933,-0.08477],[-77.24469,-0.07259],[-77.27106,-0.05841],[-77.27865,-0.04541],[-77.30201,-0.0514],[-77.30497,-0.05938],[-77.29439,-0.07037],[-77.29607,-0.08965],[-77.28611,-0.10364],[-77.28586,-0.12386],[-77.29402,-0.14082],[-77.29962,-0.17962],[-77.29264,-0.20363],[-77.28069,-0.20951],[-77.2662,-0.24022],[-77.26775,-0.26233],[-77.25547,-0.2709],[-77.26216,-0.28688],[-77.25644,-0.30829],[-77.28578,-0.34247],[-77.2977,-0.3363],[-77.30681,-0.35395],[-77.31699,-0.35677],[-77.32632,-0.3794],[-77.32699,-0.42418],[-77.35486,-0.41993],[-77.36768,-0.43424],[-77.3706,-0.45515],[-77.38235,-0.46261],[-77.39159,-0.49533],[-77.414,-0.50386],[-77.43218,-0.52136],[-77.43989,-0.51238],[-77.45562,-0.51177],[-77.52846,-0.4762],[-77.54724,-0.45272],[-77.57127,-0.46055],[-77.56741,-0.48559],[-77.57569,-0.5005],[-77.60844,-0.51991],[-77.62822,-0.54241],[-77.62072,-0.56038],[-77.60529,-0.56005],[-77.59048,-0.57387],[-77.58814,-0.5953],[-77.57636,-0.61277],[-77.532,-0.62604],[-77.52467,-0.67045],[-77.49695,-0.70199],[-77.53429,-0.76223],[-77.54205,-0.79503],[-77.5282,-0.81733],[-77.52968,-0.84109],[-77.53668,-0.84581],[-77.53482,-0.8733],[-77.5506,-0.88232],[-77.55204,-0.90236],[-77.58886,-0.91403],[-77.59084,-0.92823],[-77.56725,-0.94276],[-77.53697,-0.94267],[-77.52791,-0.95059],[-77.48957,-0.93944],[-77.4713,-0.92542],[-77.45095,-0.89893],[-77.42638,-0.90227],[-77.42248,-0.8916],[-77.39386,-0.89392],[-77.37302,-0.88288],[-77.36609,-0.86925],[-77.34262,-0.86184],[-77.32434,-0.84679],[-77.30451,-0.84528],[-77.26044,-0.82212],[-77.25294,-0.79326],[-77.23781,-0.78865],[-77.22042,-0.77264],[-77.20442,-0.77017],[-77.19192,-0.75824],[-77.18215,-0.73654],[-77.16275,-0.70713],[-77.14624,-0.6963],[-77.12278,-0.69481],[-77.11343,-0.70044],[-77.11949,-0.72474],[-77.13131,-0.73345],[-77.15326,-0.76455],[-77.16931,-0.76277],[-77.18578,-0.77099],[-77.19512,-0.795],[-77.20714,-0.80243],[-77.19237,-0.83434],[-77.19442,-0.85463],[-77.17726,-0.85664],[-77.16346,-0.87422],[-77.14391,-0.87448],[-77.14407,-0.89468],[-77.13596,-0.9019],[-77.11623,-0.9016],[-77.10062,-0.91048],[-77.05992,-0.90852],[-77.03588,-0.91706],[-77.05537,-0.94659],[-77.07171,-0.95139],[-77.07172,-0.96897],[-77.04981,-0.98687],[-77.05996,-1.00831],[-77.06959,-1.01933],[-77.09105,-1.02397],[-77.08339,-1.05179],[-77.06736,-1.08553],[-77.03623,-1.09961],[-76.99621,-1.09677],[-76.97472,-1.10341],[-76.9494,-1.12204],[-76.91742,-1.12169],[-76.89145,-1.13101],[-76.88944,-1.14013],[-76.86909,-1.15754],[-76.85319,-1.16306],[-76.83815,-1.15685],[-76.83238,-1.14017],[-76.83243,-1.11438],[-76.80245,-1.11079],[-76.77365,-1.09061],[-76.72702,-1.10387],[-76.72054,-1.08225],[-76.68723,-1.0775],[-76.65286,-1.05681],[-76.6127,-1.07112],[-76.56122,-1.06246],[-76.54666,-1.06853],[-76.52823,-1.05331],[-76.51422,-1.07071],[-76.51377,-1.09564],[-76.52455,-1.10712],[-76.5221,-1.13177],[-76.52551,-1.14927],[-76.5274,-1.1967],[-76.51803,-1.20729],[-76.48505,-1.23027],[-76.47155,-1.25732],[-76.45631,-1.25242],[-76.45121,-1.27136],[-76.4374,-1.26593],[-76.41936,-1.2721],[-76.39567,-1.25436],[-76.39196,-1.26728],[-76.35741,-1.27976],[-76.32761,-1.30617],[-76.31823,-1.30272],[-76.29552,-1.31043],[-76.27509,-1.30472],[-76.26698,-1.29581],[-76.25011,-1.30344],[-76.23535,-1.30039],[-76.21975,-1.28643],[-76.20293,-1.29822],[-76.17819,-1.28842],[-76.15713,-1.30046],[-76.15197,-1.28541],[-76.1369,-1.27604],[-76.11321,-1.27254],[-76.09018,-1.28143],[-76.06434,-1.30363],[-76.0502,-1.29738],[-76.04012,-1.31007],[-76.01645,-1.30963],[-75.99767,-1.31554],[-75.99875,-1.33018],[-75.97383,-1.33808],[-75.95844,-1.35311],[-75.93531,-1.36057],[-75.92112,-1.35279],[-75.9116,-1.35958],[-75.89376,-1.34891],[-75.84126,-1.36337],[-75.84557,-1.37377],[-75.82188,-1.3834],[-75.80114,-1.40297],[-75.77897,-1.39525],[-75.7587,-1.41382],[-75.7393,-1.41734],[-75.73935,-1.4345],[-75.71604,-1.452],[-75.69863,-1.45171],[-75.69901,-1.46525],[-75.67527,-1.46795],[-75.65719,-1.47618],[-75.64111,-1.49556],[-75.62268,-1.50202],[-75.60123,-1.49794],[-75.58888,-1.52729],[-75.59584,-1.54036],[-75.58539,-1.5497],[-75.5662,-1.56131],[-75.55589,-1.54945],[-75.48904,-1.30474],[-75.45045,-1.16343],[-75.38674,-0.92968],[-75.37633,-0.92182],[-75.34543,-0.9483],[-75.34226,-0.9613],[-75.32127,-0.97264],[-75.3064,-0.98763],[-75.29139,-0.98656],[-75.27948,-0.97438],[-75.25724,-0.97181],[-75.24667,-0.97872],[-75.22972,-0.97418],[-75.19985,-0.979],[-75.18715,-0.9727],[-75.19899,-0.9594],[-75.22506,-0.94491],[-75.23418,-0.93115],[-75.22123,-0.90559],[-75.22267,-0.86496],[-75.24377,-0.85076],[-75.25177,-0.83173],[-75.24138,-0.81147],[-75.24306,-0.79701],[-75.26903,-0.78569],[-75.25413,-0.76484],[-75.26951,-0.7515],[-75.27698,-0.71835],[-75.26414,-0.7045],[-75.24886,-0.69809],[-75.27235,-0.67408],[-75.26261,-0.65487]]]},"properties":{"DPA_PROVIN":"22","DPA_DESPRO":"ORELLANA","a45i3_muy":3339,"a45i3_alta":236,"a45i3_al_1":1026,"a46i3_muy":36,"a46i3_alta":0,"a46i3_al_1":137,"a46i3_al_2":7181,"a46i3_al_3":0}},
{"type":"Feature","geometry":{"type":"Polygon","coordinates":[[[-79.36798,0.02242],[-79.40695,0.02589],[-79.42885,0.02341],[-79.42448,0.00482],[-79.44656,0.00467],[-79.45593,-0.00188],[-79.44719,-0.02659],[-79.44864,-0.03968],[-79.47158,-0.03102],[-79.55238,-0.02515],[-79.57993,-0.01835],[-79.60576,-0.02147],[-79.61533,-0.03492],[-79.60898,-0.05346],[-79.56442,-0.09106],[-79.54679,-0.10294],[-79.53915,-0.13476],[-79.52835,-0.13894],[-79.52442,-0.15764],[-79.50871,-0.16876],[-79.46153,-0.17203],[-79.41927,-0.1818],[-79.40973,-0.19136],[-79.40501,-0.20948],[-79.41389,-0.23294],[-79.41076,-0.26166],[-79.41076,-0.41069],[-79.42913,-0.43866],[-79.43834,-0.44149],[-79.46312,-0.46812],[-79.45713,-0.48725],[-79.466,-0.52867],[-79.48335,-0.54343],[-79.45224,-0.55003],[-79.41668,-0.53857],[-79.37715,-0.54563],[-79.37277,-0.54025],[-79.34733,-0.54423],[-79.36226,-0.57345],[-79.36455,-0.58651],[-79.35316,-0.60346],[-79.34841,-0.62291],[-79.36944,-0.652],[-79.36241,-0.67658],[-79.35595,-0.68088],[-79.35112,-0.68517],[-79.34836,-0.69074],[-79.34018,-0.69344],[-79.33216,-0.69329],[-79.32878,-0.69485],[-79.30988,-0.69391],[-79.29118,-0.69409],[-79.28552,-0.69609],[-79.28062,-0.68321],[-79.2722,-0.67624],[-79.26531,-0.66344],[-79.25528,-0.65857],[-79.24967,-0.65233],[-79.24206,-0.64664],[-79.21378,-0.63645],[-79.20511,-0.62937],[-79.18667,-0.6009],[-79.17627,-0.59634],[-79.15216,-0.57624],[-79.14664,-0.5629],[-79.1415,-0.55805],[-79.13187,-0.54657],[-79.1251,-0.54271],[-79.11719,-0.54232],[-79.11296,-0.54182],[-79.10097,-0.52504],[-79.08054,-0.52819],[-79.06997,-0.52341],[-79.05713,-0.50418],[-79.03159,-0.48346],[-79.03205,-0.47359],[-79.01472,-0.4495],[-79.01471,-0.42257],[-78.9733,-0.40859],[-78.96425,-0.39835],[-78.96863,-0.38236],[-78.95637,-0.36271],[-78.93292,-0.36089],[-78.94125,-0.33149],[-78.95485,-0.31664],[-78.9287,-0.31409],[-78.91164,-0.33021],[-78.88457,-0.33711],[-78.87543,-0.33045],[-78.85655,-0.34939],[-78.81966,-0.34556],[-78.81716,-0.33454],[-78.78739,-0.30613],[-78.77392,-0.2984],[-78.77365,-0.2798],[-78.74613,-0.27742],[-78.75898,-0.24116],[-78.77829,-0.22483],[-78.83222,-0.18868],[-78.82972,-0.17909],[-78.83394,-0.14299],[-78.84017,-0.13399],[-78.85923,-0.13354],[-78.8683,-0.11836],[-78.88133,-0.11031],[-78.90744,-0.10767],[-78.91398,-0.11716],[-78.93367,-0.11888],[-78.96784,-0.10202],[-78.99408,-0.11193],[-79.03006,-0.114],[-79.0457,-0.10169],[-79.12356,-0.08522],[-79.14945,-0.0919],[-79.12777,-0.05064],[-79.1049,-0.03809],[-79.09761,-0.02657],[-79.15047,-0.01322],[-79.15673,-0.01697],[-79.19246,-0.01095],[-79.21094,0.00236],[-79.23254,0.00397],[-79.23812,0.01061],[-79.26871,0.01217],[-79.28216,0.01452],[-79.295,0.01724],[-79.30619,0.0188],[-79.31181,0.01422],[-79.31473,0.01169],[-79.31859,0.01532],[-79.32469,0.02354],[-79.35206,0.01777],[-79.35895,0.0182],[-79.36085,0.02017],[-79.36798,0.02242]]]},"properties":{"DPA_PROVIN":"23","DPA_DESPRO":"SANTO DOMINGO DE LOS TSÁCHILAS","a45i3_muy":5067,"a45i3_alta":479,"a45i3_al_1":2459,"a46i3_muy":64,"a46i3_alta":4,"a46i3_al_1":352,"a46i3_al_2":13457,"a46i3_al_3":0}},
{"type":"Feature","geometry":{"type":"Polygon","coordinates":[[[-80.44042,-1.94314],[-80.45539,-1.94069],[-80.48434,-1.92279],[-80.50641,-1.92549],[-80.51938,-1.9165],[-80.52087,-1.90032],[-80.53452,-1.8781],[-80.56584,-1.83943],[-80.55772,-1.81005],[-80.55451,-1.78196],[-80.5873,-1.78455],[-80.6104,-1.75696],[-80.61175,-1.73805],[-80.62061,-1.72512],[-80.61982,-1.70743],[-80.6539,-1.67338],[-80.67188,-1.67923],[-80.69585,-1.67179],[-80.73087,-1.68586],[-80.74353,-1.67711],[-80.75895,-1.67665],[-80.80254,-1.71157],[-80.77876,-1.73903],[-80.76482,-1.77757],[-80.75475,-1.82407],[-80.73469,-1.8845],[-80.72639,-1.92626],[-80.72991,-1.95483],[-80.74258,-1.96959],[-80.76294,-1.97635],[-80.7496,-2.00504],[-80.73668,-2.02239],[-80.73561,-2.05967],[-80.74702,-2.10044],[-80.76335,-2.12774],[-80.78938,-2.15132],[-80.81718,-2.15701],[-80.83966,-2.18556],[-80.86924,-2.19861],[-80.90729,-2.21997],[-80.94477,-2.21629],[-80.95637,-2.20179],[-80.97117,-2.20559],[-80.97617,-2.21926],[-80.92559,-2.27113],[-80.9133,-2.29428],[-80.89655,-2.31327],[-80.8999,-2.32865],[-80.87709,-2.32248],[-80.84936,-2.33739],[-80.80176,-2.37848],[-80.77456,-2.38916],[-80.74422,-2.39326],[-80.72221,-2.39047],[-80.69267,-2.4066],[-80.68347,-2.40284],[-80.66002,-2.41842],[-80.62644,-2.44747],[-80.56355,-2.50677],[-80.5406,-2.48929],[-80.52194,-2.48916],[-80.49241,-2.5003],[-80.47583,-2.49142],[-80.45974,-2.49137],[-80.46544,-2.47257],[-80.45258,-2.4549],[-80.46136,-2.41398],[-80.44645,-2.39762],[-80.44755,-2.37459],[-80.4096,-2.3828],[-80.38149,-2.36606],[-80.37417,-2.34679],[-80.32903,-2.34691],[-80.28282,-2.3349],[-80.28894,-2.30451],[-80.28183,-2.30062],[-80.28336,-2.27361],[-80.26475,-2.26463],[-80.26351,-2.2441],[-80.23486,-2.25185],[-80.22826,-2.22983],[-80.20786,-2.22518],[-80.20032,-2.21066],[-80.23738,-2.18789],[-80.24065,-2.1673],[-80.25045,-2.15505],[-80.24412,-2.12829],[-80.25043,-2.11001],[-80.27881,-2.07825],[-80.29089,-2.09143],[-80.31353,-2.07488],[-80.32594,-2.04047],[-80.34017,-2.02882],[-80.34174,-2.00125],[-80.37181,-1.98757],[-80.41416,-1.98126],[-80.4174,-1.96983],[-80.43699,-1.95658],[-80.44042,-1.94314]]]},"properties":{"DPA_PROVIN":"24","DPA_DESPRO":"SANTA ELENA","a45i3_muy":5482,"a45i3_alta":358,"a45i3_al_1":4625,"a46i3_muy":82,"a46i3_alta":5,"a46i3_al_1":315,"a46i3_al_2":14490,"a46i3_al_3":0}}
]}