{"type":"FeatureCollection", "features": [
{"type":"Feature","geometry":{"type":"Polygon","coordinates":[[[-79.37919,-2.52965],[-79.3917,-2.52965],[-79.39749,-2.5169],[-79.41168,-2.52063],[-79.42829,-2.51804],[-79.42829,-2.5531],[-79.425,-2.55577],[-79.425,-2.60678],[-79.44052,-2.60318],[-79.45231,-2.60757],[-79.4731,-2.60757],[-79.46004,-2.65739],[-79.48697,-2.67785],[-79.4883,-2.69298],[-79.50294,-2.76774],[-79.61694,-2.81381],[-79.63104,-2.82375],[-79.63778,-2.81551],[-79.66128,-2.82064],[-79.67032,-2.82485],[-79.64719,-2.84271],[-79.62225,-2.85452],[-79.60139,-2.85775],[-79.5917,-2.8766],[-79.55619,-2.87764],[-79.55077,-2.88954],[-79.56122,-2.89556],[-79.59493,-2.89556],[-79.62015,-2.89213],[-79.62014,-2.89893],[-79.60096,-2.90335],[-79.58575,-2.90182],[-79.58575,-2.9081],[-79.56345,-2.92644],[-79.54113,-2.92234],[-79.5003,-2.93699],[-79.48343,-2.9475],[-79.47197,-2.97305],[-79.4599,-2.97866],[-79.45775,-2.9934],[-79.43005,-2.97143],[-79.42026,-2.96928],[-79.4018,-2.99019],[-79.39164,-3.01238],[-79.39438,-3.02692],[-79.36613,-3.03704],[-79.35273,-3.0467],[-79.34068,-3.0398],[-79.32507,-3.06075],[-79.30623,-3.06547],[-79.30293,-3.07131],[-79.2836,-3.06773],[-79.27963,-3.07317],[-79.24968,-3.05101],[-79.23369,-3.06481],[-79.21089,-3.0706],[-79.20392,-3.0784],[-79.17113,-3.09986],[-79.16661,-3.11009],[-79.14396,-3.11609],[-79.11394,-3.10535],[-79.10488,-3.10965],[-79.08522,-3.13753],[-79.05583,-3.15274],[-79.04464,-3.15037],[-79.0401,-3.1677],[-79.02803,-3.17256],[-79.00973,-3.16025],[-78.99984,-3.1386],[-78.97608,-3.13015],[-78.95686,-3.11681],[-78.9396,-3.09059],[-78.9055,-3.07326],[-78.89439,-3.05516],[-78.88113,-3.04434],[-78.88026,-3.00261],[-78.86437,-2.99882],[-78.8594,-2.98718],[-78.86587,-2.98783],[-78.89297,-2.96741],[-78.91276,-2.95681],[-78.91547,-2.94146],[-78.90024,-2.9122],[-78.88701,-2.87922],[-78.87612,-2.87059],[-78.85659,-2.86827],[-78.84732,-2.85251],[-78.87277,-2.83782],[-78.89294,-2.83427],[-78.91612,-2.83479],[-78.93726,-2.83374],[-78.94887,-2.81938],[-78.94615,-2.78462],[-78.95279,-2.76899],[-78.97393,-2.74851],[-78.99256,-2.75085],[-78.99256,-2.73101],[-78.98794,-2.71554],[-79.00811,-2.71515],[-79.02194,-2.69085],[-79.01903,-2.66354],[-79.03451,-2.64617],[-79.05441,-2.63783],[-79.08026,-2.64812],[-79.08095,-2.66452],[-79.09394,-2.69692],[-79.11133,-2.7062],[-79.12004,-2.71677],[-79.14363,-2.71414],[-79.14482,-2.73048],[-79.17672,-2.74503],[-79.20089,-2.72555],[-79.21472,-2.72302],[-79.20197,-2.70564],[-79.20633,-2.69266],[-79.21726,-2.68942],[-79.23264,-2.6934],[-79.23966,-2.67931],[-79.28008,-2.6504],[-79.28658,-2.63725],[-79.30233,-2.62062],[-79.30812,-2.60335],[-79.30623,-2.57784],[-79.34049,-2.5728],[-79.36186,-2.57504],[-79.35602,-2.55953],[-79.36193,-2.5442],[-79.37596,-2.5442],[-79.37919,-2.52965]]]},"properties":{"DPA_CANTON":"0101","DPA_DESCAN":"CUENCA","DPA_PROVIN":"01","DPA_DESPRO":"AZUAY","a45i3_muy":1749,"a45i3_alta":162,"a45i3_al_1":952,"a46i3_muy":21,"a46i3_alta":0,"a46i3_al_1":114,"a46i3_al_2":6055,"a46i3_al_3":0,"total":9053}},
{"type":"Feature","geometry":{"type":"Polygon","coordinates":[[[-79.02803,-3.17256],[-79.0401,-3.1677],[-79.04464,-3.15037],[-79.05583,-3.15274],[-79.08522,-3.13753],[-79.10488,-3.10965],[-79.11394,-3.10535],[-79.14396,-3.11609],[-79.16661,-3.11009],[-79.17113,-3.09986],[-79.20392,-3.0784],[-79.21089,-3.0706],[-79.23369,-3.06481],[-79.23517,-3.0964],[-79.22881,-3.12023],[-79.23898,-3.13653],[-79.23164,-3.14476],[-79.22768,-3.16162],[-79.21547,-3.17353],[-79.21221,-3.19718],[-79.22141,-3.22999],[-79.23174,-3.22658],[-79.23445,-3.2123],[-79.26706,-3.18639],[-79.27673,-3.16968],[-79.28971,-3.18298],[-79.3084,-3.19431],[-79.30511,-3.20684],[-79.29335,-3.20236],[-79.27097,-3.20242],[-79.26431,-3.21941],[-79.2706,-3.23355],[-79.24206,-3.24683],[-79.24869,-3.27201],[-79.23551,-3.27311],[-79.22009,-3.28697],[-79.20752,-3.2768],[-79.1674,-3.23144],[-79.15478,-3.23524],[-79.13142,-3.22428],[-79.12068,-3.22434],[-79.09508,-3.23931],[-79.08857,-3.23514],[-79.05749,-3.24014],[-79.03793,-3.22408],[-79.03676,-3.20299],[-79.02093,-3.18964],[-79.02803,-3.17256]]]},"properties":{"DPA_CANTON":"0102","DPA_DESCAN":"GIRÓN","DPA_PROVIN":"01","DPA_DESPRO":"AZUAY","a45i3_muy":81,"a45i3_alta":42,"a45i3_al_1":58,"a46i3_muy":0,"a46i3_alta":0,"a46i3_al_1":9,"a46i3_al_2":227,"a46i3_al_3":0,"total":417}},
{"type":"Feature","geometry":{"type":"Polygon","coordinates":[[[-78.69872,-2.80679],[-78.71152,-2.80863],[-78.71669,-2.81294],[-78.72575,-2.81107],[-78.73412,-2.81187],[-78.74743,-2.83029],[-78.7529,-2.84825],[-78.77913,-2.86367],[-78.79828,-2.86226],[-78.80259,-2.85606],[-78.83312,-2.85776],[-78.84732,-2.85251],[-78.85659,-2.86827],[-78.87612,-2.87059],[-78.88701,-2.87922],[-78.90024,-2.9122],[-78.91547,-2.94146],[-78.91276,-2.95681],[-78.89297,-2.96741],[-78.86587,-2.98783],[-78.8594,-2.98718],[-78.85261,-2.98377],[-78.82491,-2.98932],[-78.81512,-2.9961],[-78.79092,-2.98688],[-78.78092,-2.99674],[-78.77353,-2.98378],[-78.77282,-2.97062],[-78.79551,-2.9395],[-78.78671,-2.91148],[-78.76594,-2.91105],[-78.75371,-2.92216],[-78.74165,-2.95283],[-78.71329,-2.96918],[-78.71502,-2.97711],[-78.69285,-2.9782],[-78.67731,-2.99097],[-78.67044,-3.01246],[-78.67524,-3.02837],[-78.66504,-3.02261],[-78.657,-2.98731],[-78.6366,-2.97796],[-78.65866,-2.93127],[-78.67756,-2.92695],[-78.68847,-2.90733],[-78.6927,-2.88647],[-78.69194,-2.85037],[-78.70199,-2.84451],[-78.69458,-2.81751],[-78.69872,-2.80679]]]},"properties":{"DPA_CANTON":"0103","DPA_DESCAN":"GUALACEO","DPA_PROVIN":"01","DPA_DESPRO":"AZUAY","a45i3_muy":496,"a45i3_alta":44,"a45i3_al_1":245,"a46i3_muy":3,"a46i3_alta":0,"a46i3_al_1":28,"a46i3_al_2":1020,"a46i3_al_3":0,"total":1836}},
{"type":"Feature","geometry":{"type":"Polygon","coordinates":[[[-78.93385,-3.28885],[-78.96127,-3.27192],[-78.96927,-3.26032],[-78.98803,-3.25224],[-78.99046,-3.23004],[-79.00063,-3.22173],[-79.00685,-3.20401],[-79.02093,-3.18964],[-79.03676,-3.20299],[-79.03793,-3.22408],[-79.05749,-3.24014],[-79.08857,-3.23514],[-79.09508,-3.23931],[-79.12068,-3.22434],[-79.13142,-3.22428],[-79.15478,-3.23524],[-79.1674,-3.23144],[-79.20752,-3.2768],[-79.22009,-3.28697],[-79.25198,-3.30658],[-79.27442,-3.31726],[-79.25221,-3.33455],[-79.26297,-3.3422],[-79.28106,-3.37122],[-79.30168,-3.3676],[-79.30845,-3.39994],[-79.30261,-3.41215],[-79.30345,-3.42877],[-79.28969,-3.4578],[-79.28916,-3.46695],[-79.2768,-3.47662],[-79.26785,-3.46105],[-79.25749,-3.45423],[-79.24909,-3.43794],[-79.22498,-3.42068],[-79.21829,-3.39699],[-79.20324,-3.36869],[-79.18906,-3.36445],[-79.18056,-3.37321],[-79.16265,-3.3761],[-79.15296,-3.39279],[-79.15392,-3.40691],[-79.13729,-3.39951],[-79.13208,-3.41338],[-79.12002,-3.41397],[-79.11382,-3.43382],[-79.09431,-3.43097],[-79.07649,-3.44201],[-79.06713,-3.46377],[-79.05411,-3.46176],[-79.06089,-3.43824],[-79.05125,-3.40014],[-79.02867,-3.38512],[-79.01053,-3.36612],[-78.96159,-3.34339],[-78.94297,-3.34342],[-78.94534,-3.32305],[-78.9526,-3.30254],[-78.93453,-3.29628],[-78.93385,-3.28885]]]},"properties":{"DPA_CANTON":"0104","DPA_DESCAN":"NABÓN","DPA_PROVIN":"01","DPA_DESPRO":"AZUAY","a45i3_muy":178,"a45i3_alta":96,"a45i3_al_1":64,"a46i3_muy":1,"a46i3_alta":2,"a46i3_al_1":9,"a46i3_al_2":388,"a46i3_al_3":0,"total":738}},
{"type":"Feature","geometry":{"type":"Polygon","coordinates":[[[-78.6422,-2.72165],[-78.62534,-2.69487],[-78.61731,-2.66772],[-78.61678,-2.62746],[-78.63733,-2.64811],[-78.65835,-2.65467],[-78.66885,-2.67808],[-78.68673,-2.66944],[-78.69265,-2.67908],[-78.71665,-2.69052],[-78.73251,-2.69131],[-78.7479,-2.67431],[-78.77073,-2.67237],[-78.78653,-2.69909],[-78.79956,-2.70856],[-78.80066,-2.71922],[-78.79262,-2.73454],[-78.80003,-2.77864],[-78.81584,-2.77966],[-78.82119,-2.81655],[-78.84147,-2.81839],[-78.8507,-2.8239],[-78.86935,-2.82243],[-78.87277,-2.83782],[-78.84732,-2.85251],[-78.83312,-2.85776],[-78.80259,-2.85606],[-78.79828,-2.86226],[-78.77913,-2.86367],[-78.7529,-2.84825],[-78.74743,-2.83029],[-78.73412,-2.81187],[-78.72575,-2.81107],[-78.72816,-2.81036],[-78.72941,-2.79701],[-78.73223,-2.78559],[-78.74638,-2.76547],[-78.72676,-2.75619],[-78.71067,-2.7574],[-78.69674,-2.76453],[-78.67849,-2.74575],[-78.66165,-2.73549],[-78.65316,-2.72307],[-78.6422,-2.72165]]]},"properties":{"DPA_CANTON":"0105","DPA_DESCAN":"PAUTE","DPA_PROVIN":"01","DPA_DESPRO":"AZUAY","a45i3_muy":82,"a45i3_alta":146,"a45i3_al_1":105,"a46i3_muy":0,"a46i3_alta":1,"a46i3_al_1":4,"a46i3_al_2":504,"a46i3_al_3":0,"total":842}},
{"type":"Feature","geometry":{"type":"Polygon","coordinates":[[[-79.47996,-3.31763],[-79.46683,-3.30359],[-79.43988,-3.29831],[-79.43334,-3.24701],[-79.42742,-3.23275],[-79.41266,-3.21464],[-79.41203,-3.18719],[-79.43829,-3.15323],[-79.45152,-3.1487],[-79.45347,-3.13917],[-79.44263,-3.11975],[-79.44625,-3.10832],[-79.43387,-3.09221],[-79.44672,-3.07591],[-79.45856,-3.06888],[-79.46191,-3.05459],[-79.47531,-3.0471],[-79.49589,-3.05039],[-79.50713,-3.04406],[-79.51467,-3.03058],[-79.54207,-3.01844],[-79.55589,-3.01838],[-79.58336,-3.01184],[-79.59749,-3.00026],[-79.61248,-2.99937],[-79.61899,-3.00069],[-79.62043,-3.00004],[-79.61152,-3.00416],[-79.593,-3.02858],[-79.59992,-3.05208],[-79.61422,-3.06473],[-79.60723,-3.08384],[-79.60723,-3.10795],[-79.62793,-3.10959],[-79.62863,-3.12197],[-79.61972,-3.13665],[-79.61663,-3.15142],[-79.60027,-3.17869],[-79.6021,-3.21616],[-79.62216,-3.22731],[-79.63678,-3.24827],[-79.63331,-3.26782],[-79.64448,-3.30254],[-79.66034,-3.31861],[-79.65615,-3.32599],[-79.63167,-3.32117],[-79.61082,-3.32933],[-79.5966,-3.32241],[-79.58013,-3.32508],[-79.56933,-3.31471],[-79.55393,-3.31643],[-79.51445,-3.30765],[-79.47996,-3.31763]]]},"properties":{"DPA_CANTON":"0106","DPA_DESCAN":"PUCARÁ","DPA_PROVIN":"01","DPA_DESPRO":"AZUAY","a45i3_muy":152,"a45i3_alta":39,"a45i3_al_1":52,"a46i3_muy":1,"a46i3_alta":0,"a46i3_al_1":4,"a46i3_al_2":254,"a46i3_al_3":0,"total":502}},
{"type":"Feature","geometry":{"type":"Polygon","coordinates":[[[-79.3084,-3.19431],[-79.28971,-3.18298],[-79.27673,-3.16968],[-79.26706,-3.18639],[-79.23445,-3.2123],[-79.23174,-3.22658],[-79.22141,-3.22999],[-79.21221,-3.19718],[-79.21547,-3.17353],[-79.22768,-3.16162],[-79.23164,-3.14476],[-79.23898,-3.13653],[-79.22881,-3.12023],[-79.23517,-3.0964],[-79.23369,-3.06481],[-79.24968,-3.05101],[-79.27963,-3.07317],[-79.2836,-3.06773],[-79.30293,-3.07131],[-79.3201,-3.08406],[-79.3194,-3.10945],[-79.32486,-3.12294],[-79.31674,-3.16605],[-79.30515,-3.18108],[-79.3084,-3.19431]]]},"properties":{"DPA_CANTON":"0107","DPA_DESCAN":"SAN FERNANDO","DPA_PROVIN":"01","DPA_DESPRO":"AZUAY","a45i3_muy":0,"a45i3_alta":27,"a45i3_al_1":13,"a46i3_muy":0,"a46i3_alta":0,"a46i3_al_1":2,"a46i3_al_2":67,"a46i3_al_3":0,"total":109}},
{"type":"Feature","geometry":{"type":"Polygon","coordinates":[[[-79.30293,-3.07131],[-79.30623,-3.06547],[-79.32507,-3.06075],[-79.34068,-3.0398],[-79.35273,-3.0467],[-79.36613,-3.03704],[-79.39438,-3.02692],[-79.39164,-3.01238],[-79.4018,-2.99019],[-79.42026,-2.96928],[-79.43005,-2.97143],[-79.45775,-2.9934],[-79.4599,-2.97866],[-79.47197,-2.97305],[-79.48343,-2.9475],[-79.5003,-2.93699],[-79.54113,-2.92234],[-79.56345,-2.92644],[-79.58575,-2.9081],[-79.59384,-2.91777],[-79.60827,-2.92101],[-79.63468,-2.95086],[-79.64585,-2.9561],[-79.63552,-2.9776],[-79.64525,-2.98948],[-79.62043,-3.00004],[-79.61899,-3.00069],[-79.61248,-2.99937],[-79.59749,-3.00026],[-79.58336,-3.01184],[-79.55589,-3.01838],[-79.54207,-3.01844],[-79.51467,-3.03058],[-79.50713,-3.04406],[-79.49589,-3.05039],[-79.47531,-3.0471],[-79.46191,-3.05459],[-79.45856,-3.06888],[-79.44672,-3.07591],[-79.43387,-3.09221],[-79.44625,-3.10832],[-79.44263,-3.11975],[-79.45347,-3.13917],[-79.45152,-3.1487],[-79.43829,-3.15323],[-79.41203,-3.18719],[-79.41266,-3.21464],[-79.42742,-3.23275],[-79.43334,-3.24701],[-79.43988,-3.29831],[-79.46683,-3.30359],[-79.47996,-3.31763],[-79.46152,-3.33017],[-79.42281,-3.34167],[-79.38165,-3.3467],[-79.33435,-3.33981],[-79.32937,-3.34885],[-79.30515,-3.35758],[-79.30168,-3.3676],[-79.28106,-3.37122],[-79.26297,-3.3422],[-79.25221,-3.33455],[-79.27442,-3.31726],[-79.25198,-3.30658],[-79.22009,-3.28697],[-79.23551,-3.27311],[-79.24869,-3.27201],[-79.24206,-3.24683],[-79.2706,-3.23355],[-79.26431,-3.21941],[-79.27097,-3.20242],[-79.29335,-3.20236],[-79.30511,-3.20684],[-79.3084,-3.19431],[-79.30515,-3.18108],[-79.31674,-3.16605],[-79.32486,-3.12294],[-79.3194,-3.10945],[-79.3201,-3.08406],[-79.30293,-3.07131]]]},"properties":{"DPA_CANTON":"0108","DPA_DESCAN":"SANTA ISABEL","DPA_PROVIN":"01","DPA_DESPRO":"AZUAY","a45i3_muy":164,"a45i3_alta":117,"a45i3_al_1":121,"a46i3_muy":0,"a46i3_alta":1,"a46i3_al_1":10,"a46i3_al_2":520,"a46i3_al_3":0,"total":933}},
{"type":"Feature","geometry":{"type":"Polygon","coordinates":[[[-78.77353,-2.98378],[-78.78092,-2.99674],[-78.79092,-2.98688],[-78.81512,-2.9961],[-78.82491,-2.98932],[-78.85261,-2.98377],[-78.8594,-2.98718],[-78.86437,-2.99882],[-78.88026,-3.00261],[-78.88113,-3.04434],[-78.89439,-3.05516],[-78.9055,-3.07326],[-78.9396,-3.09059],[-78.95686,-3.11681],[-78.97608,-3.13015],[-78.99984,-3.1386],[-79.00973,-3.16025],[-79.02803,-3.17256],[-79.02093,-3.18964],[-79.00685,-3.20401],[-79.00063,-3.22173],[-78.99046,-3.23004],[-78.98803,-3.25224],[-78.96927,-3.26032],[-78.96127,-3.27192],[-78.93385,-3.28885],[-78.9344,-3.27311],[-78.91393,-3.27367],[-78.8985,-3.25398],[-78.86669,-3.24161],[-78.85611,-3.22994],[-78.83633,-3.24598],[-78.81093,-3.20718],[-78.78369,-3.18528],[-78.77328,-3.16691],[-78.75485,-3.16008],[-78.7504,-3.14824],[-78.73668,-3.13965],[-78.73002,-3.14296],[-78.71011,-3.13349],[-78.68835,-3.10483],[-78.68166,-3.06839],[-78.67739,-3.06725],[-78.67145,-3.06066],[-78.68069,-3.04883],[-78.71852,-3.03356],[-78.72656,-3.03669],[-78.75217,-3.03182],[-78.76167,-3.0239],[-78.76339,-3.01179],[-78.7728,-2.99812],[-78.77353,-2.98378]]]},"properties":{"DPA_CANTON":"0109","DPA_DESCAN":"SÍGSIG","DPA_PROVIN":"01","DPA_DESPRO":"AZUAY","a45i3_muy":350,"a45i3_alta":32,"a45i3_al_1":126,"a46i3_muy":1,"a46i3_alta":0,"a46i3_al_1":22,"a46i3_al_2":630,"a46i3_al_3":0,"total":1161}},
{"type":"Feature","geometry":{"type":"Polygon","coordinates":[[[-79.05411,-3.46176],[-79.06713,-3.46377],[-79.07649,-3.44201],[-79.09431,-3.43097],[-79.11382,-3.43382],[-79.12002,-3.41397],[-79.13208,-3.41338],[-79.13729,-3.39951],[-79.15392,-3.40691],[-79.15296,-3.39279],[-79.16265,-3.3761],[-79.18056,-3.37321],[-79.18906,-3.36445],[-79.20324,-3.36869],[-79.21829,-3.39699],[-79.22498,-3.42068],[-79.24909,-3.43794],[-79.25749,-3.45423],[-79.26785,-3.46105],[-79.2768,-3.47662],[-79.25647,-3.47567],[-79.23146,-3.46246],[-79.22234,-3.46242],[-79.20846,-3.44892],[-79.18028,-3.4425],[-79.17972,-3.45707],[-79.17272,-3.46717],[-79.16055,-3.47153],[-79.15604,-3.489],[-79.15891,-3.50381],[-79.14386,-3.52082],[-79.13315,-3.54066],[-79.13958,-3.55845],[-79.13344,-3.59841],[-79.11805,-3.60147],[-79.11683,-3.60954],[-79.09513,-3.62499],[-79.06788,-3.61756],[-79.05652,-3.60015],[-79.05783,-3.58624],[-79.04935,-3.56168],[-79.05164,-3.54396],[-79.06735,-3.51462],[-79.06711,-3.50213],[-79.04478,-3.48253],[-79.04286,-3.47238],[-79.05411,-3.46176]]]},"properties":{"DPA_CANTON":"0110","DPA_DESCAN":"OÑA","DPA_PROVIN":"01","DPA_DESPRO":"AZUAY","a45i3_muy":0,"a45i3_alta":47,"a45i3_al_1":20,"a46i3_muy":0,"a46i3_alta":0,"a46i3_al_1":2,"a46i3_al_2":102,"a46i3_al_3":0,"total":171}},
{"type":"Feature","geometry":{"type":"Polygon","coordinates":[[[-78.67524,-3.02837],[-78.67044,-3.01246],[-78.67731,-2.99097],[-78.69285,-2.9782],[-78.71502,-2.97711],[-78.71329,-2.96918],[-78.74165,-2.95283],[-78.75371,-2.92216],[-78.76594,-2.91105],[-78.78671,-2.91148],[-78.79551,-2.9395],[-78.77282,-2.97062],[-78.77353,-2.98378],[-78.7728,-2.99812],[-78.76339,-3.01179],[-78.76167,-3.0239],[-78.75217,-3.03182],[-78.72656,-3.03669],[-78.71852,-3.03356],[-78.68069,-3.04883],[-78.67145,-3.06066],[-78.67524,-3.02837]]]},"properties":{"DPA_CANTON":"0111","DPA_DESCAN":"CHORDELEG","DPA_PROVIN":"01","DPA_DESPRO":"AZUAY","a45i3_muy":70,"a45i3_alta":109,"a45i3_al_1":78,"a46i3_muy":0,"a46i3_alta":0,"a46i3_al_1":9,"a46i3_al_2":318,"a46i3_al_3":0,"total":584}},
{"type":"Feature","geometry":{"type":"Polygon","coordinates":[[[-78.64473,-2.74036],[-78.65331,-2.73872],[-78.66703,-2.75269],[-78.68505,-2.79265],[-78.69872,-2.80679],[-78.69458,-2.81751],[-78.70199,-2.84451],[-78.69194,-2.85037],[-78.6927,-2.88647],[-78.68847,-2.90733],[-78.67756,-2.92695],[-78.65866,-2.93127],[-78.6366,-2.97796],[-78.63203,-2.9595],[-78.63723,-2.95043],[-78.62874,-2.9262],[-78.63156,-2.91345],[-78.61562,-2.89934],[-78.60056,-2.87196],[-78.58231,-2.85584],[-78.61673,-2.83364],[-78.65445,-2.82],[-78.66162,-2.7981],[-78.65792,-2.77264],[-78.64473,-2.74036]]]},"properties":{"DPA_CANTON":"0112","DPA_DESCAN":"EL PAN","DPA_PROVIN":"01","DPA_DESPRO":"AZUAY","a45i3_muy":0,"a45i3_alta":9,"a45i3_al_1":9,"a46i3_muy":0,"a46i3_alta":0,"a46i3_al_1":2,"a46i3_al_2":32,"a46i3_al_3":0,"total":52}},
{"type":"Feature","geometry":{"type":"Polygon","coordinates":[[[-78.53311,-2.6269],[-78.54573,-2.62224],[-78.55962,-2.61237],[-78.56759,-2.59125],[-78.56054,-2.57424],[-78.55891,-2.55644],[-78.56904,-2.55814],[-78.58024,-2.57422],[-78.59161,-2.57728],[-78.62137,-2.59323],[-78.62529,-2.60644],[-78.61678,-2.62746],[-78.61731,-2.66772],[-78.62534,-2.69487],[-78.6422,-2.72165],[-78.64473,-2.74036],[-78.65792,-2.77264],[-78.66162,-2.7981],[-78.65445,-2.82],[-78.61673,-2.83364],[-78.58231,-2.85584],[-78.57568,-2.8305],[-78.59775,-2.81163],[-78.61412,-2.786],[-78.60125,-2.76286],[-78.59217,-2.76167],[-78.59302,-2.7458],[-78.57777,-2.71918],[-78.57946,-2.70918],[-78.5538,-2.69556],[-78.52366,-2.69225],[-78.48795,-2.66127],[-78.47474,-2.66295],[-78.44735,-2.65244],[-78.42214,-2.63061],[-78.42491,-2.61889],[-78.44381,-2.59411],[-78.46061,-2.59085],[-78.48056,-2.57248],[-78.49776,-2.57181],[-78.51504,-2.58307],[-78.52284,-2.59571],[-78.53311,-2.6269]]]},"properties":{"DPA_CANTON":"0113","DPA_DESCAN":"SEVILLA DE ORO","DPA_PROVIN":"01","DPA_DESPRO":"AZUAY","a45i3_muy":0,"a45i3_alta":30,"a45i3_al_1":19,"a46i3_muy":0,"a46i3_alta":0,"a46i3_al_1":3,"a46i3_al_2":76,"a46i3_al_3":0,"total":128}},
{"type":"Feature","geometry":{"type":"Polygon","coordinates":[[[-78.64511,-2.72132],[-78.65316,-2.72307],[-78.66165,-2.73549],[-78.67849,-2.74575],[-78.69674,-2.76453],[-78.71067,-2.7574],[-78.72676,-2.75619],[-78.74638,-2.76547],[-78.73223,-2.78559],[-78.72816,-2.81036],[-78.71669,-2.81294],[-78.69872,-2.80679],[-78.68505,-2.79265],[-78.66703,-2.75269],[-78.65331,-2.73872],[-78.64473,-2.74036],[-78.64515,-2.73355],[-78.6422,-2.72165],[-78.64511,-2.72132]]]},"properties":{"DPA_CANTON":"0114","DPA_DESCAN":"GUACHAPALA","DPA_PROVIN":"01","DPA_DESPRO":"AZUAY","a45i3_muy":0,"a45i3_alta":21,"a45i3_al_1":20,"a46i3_muy":0,"a46i3_alta":1,"a46i3_al_1":2,"a46i3_al_2":73,"a46i3_al_3":0,"total":117}},
{"type":"Feature","geometry":{"type":"Polygon","coordinates":[[[-79.64525,-2.98948],[-79.66995,-2.97151],[-79.68957,-2.9767],[-79.70945,-2.97312],[-79.72587,-2.97921],[-79.71594,-2.9946],[-79.71355,-3.01525],[-79.73405,-3.00999],[-79.7454,-3.04516],[-79.75124,-3.05443],[-79.76305,-3.06728],[-79.75687,-3.07014],[-79.73636,-3.0947],[-79.70644,-3.10449],[-79.68872,-3.1055],[-79.67296,-3.12106],[-79.64133,-3.13142],[-79.63679,-3.13718],[-79.61972,-3.13665],[-79.62863,-3.12197],[-79.62793,-3.10959],[-79.60723,-3.10795],[-79.60723,-3.08384],[-79.61422,-3.06473],[-79.59992,-3.05208],[-79.593,-3.02858],[-79.61152,-3.00416],[-79.61604,-3.00522],[-79.62043,-3.00004],[-79.62263,-2.99652],[-79.64525,-2.98948]]]},"properties":{"DPA_CANTON":"0115","DPA_DESCAN":"CAMILO PONCE ENRÍQUEZ","DPA_PROVIN":"01","DPA_DESPRO":"AZUAY","a45i3_muy":432,"a45i3_alta":0,"a45i3_al_1":297,"a46i3_muy":1,"a46i3_alta":0,"a46i3_al_1":17,"a46i3_al_2":934,"a46i3_al_3":0,"total":1681}},
{"type":"Feature","geometry":{"type":"Polygon","coordinates":[[[-78.94765,-1.20504],[-78.95854,-1.21633],[-78.97357,-1.21169],[-78.98456,-1.21919],[-79.01364,-1.21396],[-79.0274,-1.20797],[-79.03433,-1.19781],[-79.04586,-1.197],[-79.07135,-1.17689],[-79.08845,-1.156],[-79.1072,-1.14999],[-79.12212,-1.15176],[-79.13401,-1.16286],[-79.14642,-1.15612],[-79.16644,-1.16035],[-79.17928,-1.16861],[-79.22111,-1.17517],[-79.23853,-1.19533],[-79.26198,-1.20771],[-79.29083,-1.23417],[-79.27919,-1.2507],[-79.23612,-1.28389],[-79.23276,-1.29912],[-79.2229,-1.31511],[-79.2008,-1.31522],[-79.19888,-1.32802],[-79.23616,-1.34424],[-79.24343,-1.35704],[-79.22694,-1.38447],[-79.21881,-1.39294],[-79.19681,-1.40307],[-79.19644,-1.41966],[-79.22144,-1.4204],[-79.21356,-1.43608],[-79.20656,-1.46342],[-79.19651,-1.47669],[-79.19097,-1.50334],[-79.17115,-1.51619],[-79.18466,-1.52583],[-79.22213,-1.52121],[-79.23277,-1.53322],[-79.23003,-1.54034],[-79.23062,-1.54593],[-79.22646,-1.55864],[-79.21526,-1.56648],[-79.18306,-1.55824],[-79.1748,-1.55154],[-79.1632,-1.55868],[-79.15908,-1.58226],[-79.14375,-1.57485],[-79.13224,-1.5891],[-79.1102,-1.60726],[-79.10216,-1.60871],[-79.08269,-1.60941],[-79.04641,-1.62762],[-79.02588,-1.6294],[-79.00554,-1.64422],[-79.00649,-1.67161],[-79.01053,-1.6848],[-78.99043,-1.70205],[-78.95445,-1.70816],[-78.93942,-1.7223],[-78.93156,-1.71227],[-78.90547,-1.71872],[-78.87794,-1.71338],[-78.87532,-1.72119],[-78.86684,-1.71824],[-78.86244,-1.67922],[-78.85779,-1.67107],[-78.85126,-1.62867],[-78.86659,-1.63255],[-78.88767,-1.62956],[-78.8966,-1.6163],[-78.89725,-1.59993],[-78.88392,-1.55175],[-78.88397,-1.5399],[-78.86769,-1.51199],[-78.87779,-1.4914],[-78.85256,-1.4709],[-78.87151,-1.46838],[-78.8866,-1.45878],[-78.89623,-1.44321],[-78.90985,-1.43077],[-78.91692,-1.40996],[-78.92967,-1.40201],[-78.93148,-1.38352],[-78.92724,-1.37329],[-78.93793,-1.36219],[-78.93423,-1.3388],[-78.91533,-1.32521],[-78.91219,-1.30674],[-78.90554,-1.30537],[-78.89326,-1.28502],[-78.89032,-1.25502],[-78.89148,-1.21987],[-78.8631,-1.194],[-78.86607,-1.18598],[-78.89069,-1.2022],[-78.92708,-1.21306],[-78.94765,-1.20504]]]},"properties":{"DPA_CANTON":"0201","DPA_DESCAN":"GUARANDA","DPA_PROVIN":"02","DPA_DESPRO":"BOLÍVAR","a45i3_muy":1776,"a45i3_alta":39,"a45i3_al_1":438,"a46i3_muy":16,"a46i3_alta":0,"a46i3_al_1":58,"a46i3_al_2":2951,"a46i3_al_3":0,"total":5278}},
{"type":"Feature","geometry":{"type":"Polygon","coordinates":[[[-79.01558,-1.88645],[-79.04313,-1.87821],[-79.05033,-1.88188],[-79.08831,-1.87084],[-79.098,-1.87255],[-79.12711,-1.88716],[-79.14035,-1.88962],[-79.15259,-1.90441],[-79.17043,-1.91611],[-79.18927,-1.94452],[-79.23016,-1.91721],[-79.23334,-1.92407],[-79.24928,-1.92407],[-79.25603,-1.94104],[-79.25603,-1.97824],[-79.24016,-1.98171],[-79.24016,-1.99117],[-79.25333,-2.00461],[-79.26752,-2.00166],[-79.26452,-2.03363],[-79.2476,-2.0483],[-79.22662,-2.07656],[-79.18805,-2.07694],[-79.20935,-2.09433],[-79.20544,-2.10849],[-79.21464,-2.11321],[-79.23156,-2.10817],[-79.21897,-2.12494],[-79.17553,-2.14587],[-79.16209,-2.12199],[-79.12729,-2.11773],[-79.11645,-2.12537],[-79.12166,-2.13705],[-79.11019,-2.14465],[-79.11665,-2.16266],[-79.13215,-2.17474],[-79.12699,-2.20271],[-79.11103,-2.20143],[-79.08092,-2.17836],[-79.05743,-2.15152],[-79.05203,-2.14983],[-79.04915,-2.14028],[-79.03661,-2.12637],[-79.0274,-2.10602],[-79.0237,-2.07343],[-79.0376,-2.06004],[-79.02655,-2.00984],[-79.01837,-2.00091],[-79.01362,-1.96529],[-79.0167,-1.95969],[-79.00803,-1.94419],[-79.00843,-1.93504],[-79.00748,-1.9153],[-79.01558,-1.88645]]]},"properties":{"DPA_CANTON":"0202","DPA_DESCAN":"CHILLANES","DPA_PROVIN":"02","DPA_DESPRO":"BOLÍVAR","a45i3_muy":292,"a45i3_alta":115,"a45i3_al_1":110,"a46i3_muy":3,"a46i3_alta":2,"a46i3_al_1":16,"a46i3_al_2":620,"a46i3_al_3":0,"total":1158}},
{"type":"Feature","geometry":{"type":"Polygon","coordinates":[[[-79.01053,-1.6848],[-79.00649,-1.67161],[-79.00554,-1.64422],[-79.02588,-1.6294],[-79.04641,-1.62762],[-79.08269,-1.60941],[-79.10216,-1.60871],[-79.10588,-1.62063],[-79.09628,-1.63593],[-79.10365,-1.65274],[-79.1165,-1.64952],[-79.13991,-1.62742],[-79.16213,-1.62755],[-79.17487,-1.61687],[-79.19233,-1.62459],[-79.20244,-1.63832],[-79.20972,-1.636],[-79.2217,-1.65143],[-79.24319,-1.65331],[-79.26573,-1.64699],[-79.28855,-1.65133],[-79.28819,-1.66029],[-79.29133,-1.66946],[-79.27325,-1.66881],[-79.26959,-1.69198],[-79.26294,-1.70871],[-79.24622,-1.72608],[-79.23486,-1.73271],[-79.23068,-1.75848],[-79.21131,-1.74204],[-79.20454,-1.74601],[-79.19183,-1.73588],[-79.1738,-1.73047],[-79.16537,-1.71334],[-79.14497,-1.71154],[-79.12702,-1.71405],[-79.10255,-1.70003],[-79.09678,-1.70634],[-79.06912,-1.6957],[-79.04691,-1.69403],[-79.02477,-1.7018],[-79.01053,-1.6848]]]},"properties":{"DPA_CANTON":"0203","DPA_DESCAN":"CHIMBO","DPA_PROVIN":"02","DPA_DESPRO":"BOLÍVAR","a45i3_muy":95,"a45i3_alta":102,"a45i3_al_1":67,"a46i3_muy":0,"a46i3_alta":1,"a46i3_al_1":4,"a46i3_al_2":351,"a46i3_al_3":0,"total":620}},
{"type":"Feature","geometry":{"type":"Polygon","coordinates":[[[-79.23277,-1.53441],[-79.23277,-1.53322],[-79.22698,-1.5274],[-79.22213,-1.52121],[-79.18466,-1.52583],[-79.17115,-1.51619],[-79.19097,-1.50334],[-79.19651,-1.47669],[-79.20656,-1.46342],[-79.21356,-1.43608],[-79.22144,-1.4204],[-79.19644,-1.41966],[-79.19681,-1.40307],[-79.21881,-1.39294],[-79.22694,-1.38447],[-79.24343,-1.35704],[-79.26343,-1.35223],[-79.27845,-1.35487],[-79.29701,-1.3556],[-79.29023,-1.36886],[-79.28887,-1.39363],[-79.32382,-1.39195],[-79.3263,-1.41297],[-79.33639,-1.43613],[-79.33201,-1.44586],[-79.35571,-1.45491],[-79.34715,-1.47172],[-79.33402,-1.46051],[-79.32803,-1.48106],[-79.31767,-1.49489],[-79.32183,-1.51272],[-79.30519,-1.52561],[-79.28409,-1.52704],[-79.26718,-1.54246],[-79.26317,-1.53881],[-79.25227,-1.54043],[-79.24548,-1.5435],[-79.23277,-1.53441]]]},"properties":{"DPA_CANTON":"0204","DPA_DESCAN":"ECHEANDÍA","DPA_PROVIN":"02","DPA_DESPRO":"BOLÍVAR","a45i3_muy":368,"a45i3_alta":0,"a45i3_al_1":144,"a46i3_muy":3,"a46i3_alta":0,"a46i3_al_1":9,"a46i3_al_2":624,"a46i3_al_3":0,"total":1148}},
{"type":"Feature","geometry":{"type":"Polygon","coordinates":[[[-78.87532,-1.72119],[-78.87794,-1.71338],[-78.90547,-1.71872],[-78.93156,-1.71227],[-78.93942,-1.7223],[-78.95445,-1.70816],[-78.99043,-1.70205],[-79.01053,-1.6848],[-79.02477,-1.7018],[-79.04691,-1.69403],[-79.06912,-1.6957],[-79.09678,-1.70634],[-79.10255,-1.70003],[-79.12702,-1.71405],[-79.14497,-1.71154],[-79.16537,-1.71334],[-79.1738,-1.73047],[-79.19183,-1.73588],[-79.20454,-1.74601],[-79.21131,-1.74204],[-79.23068,-1.75848],[-79.23477,-1.76927],[-79.24705,-1.7725],[-79.24898,-1.78746],[-79.2391,-1.80555],[-79.24875,-1.81662],[-79.23562,-1.82942],[-79.23155,-1.84938],[-79.24621,-1.85797],[-79.24621,-1.91617],[-79.24928,-1.92407],[-79.23334,-1.92407],[-79.23016,-1.91721],[-79.18927,-1.94452],[-79.17043,-1.91611],[-79.15259,-1.90441],[-79.14035,-1.88962],[-79.12711,-1.88716],[-79.098,-1.87255],[-79.08831,-1.87084],[-79.05033,-1.88188],[-79.04313,-1.87821],[-79.01558,-1.88645],[-79.01754,-1.86418],[-79.00769,-1.80441],[-79.0126,-1.77477],[-78.99949,-1.7715],[-78.98434,-1.7557],[-78.97609,-1.75339],[-78.93249,-1.75714],[-78.92159,-1.74046],[-78.90603,-1.73262],[-78.87992,-1.7407],[-78.87532,-1.72119]]]},"properties":{"DPA_CANTON":"0205","DPA_DESCAN":"SAN MIGUEL","DPA_PROVIN":"02","DPA_DESPRO":"BOLÍVAR","a45i3_muy":294,"a45i3_alta":110,"a45i3_al_1":106,"a46i3_muy":2,"a46i3_alta":0,"a46i3_al_1":19,"a46i3_al_2":689,"a46i3_al_3":0,"total":1220}},
{"type":"Feature","geometry":{"type":"Polygon","coordinates":[[[-79.24548,-1.5435],[-79.24478,-1.54502],[-79.24792,-1.56017],[-79.27075,-1.58849],[-79.27933,-1.6107],[-79.29472,-1.5993],[-79.30269,-1.60175],[-79.31675,-1.62076],[-79.31675,-1.62758],[-79.34459,-1.63068],[-79.34797,-1.64492],[-79.31994,-1.64764],[-79.30928,-1.65535],[-79.2972,-1.65401],[-79.29145,-1.6505],[-79.28855,-1.65133],[-79.28546,-1.65244],[-79.26573,-1.64699],[-79.24319,-1.65331],[-79.2217,-1.65143],[-79.20972,-1.636],[-79.20244,-1.63832],[-79.19233,-1.62459],[-79.17487,-1.61687],[-79.16213,-1.62755],[-79.13991,-1.62742],[-79.1165,-1.64952],[-79.10365,-1.65274],[-79.09628,-1.63593],[-79.10588,-1.62063],[-79.1102,-1.60726],[-79.13224,-1.5891],[-79.14375,-1.57485],[-79.15908,-1.58226],[-79.1632,-1.55868],[-79.1748,-1.55154],[-79.18306,-1.55824],[-79.21526,-1.56648],[-79.22646,-1.55864],[-79.23062,-1.54593],[-79.23277,-1.53441],[-79.24548,-1.5435]]]},"properties":{"DPA_CANTON":"0206","DPA_DESCAN":"CALUMA","DPA_PROVIN":"02","DPA_DESPRO":"BOLÍVAR","a45i3_muy":244,"a45i3_alta":0,"a45i3_al_1":116,"a46i3_muy":1,"a46i3_alta":0,"a46i3_al_1":10,"a46i3_al_2":457,"a46i3_al_3":0,"total":828}},
{"type":"Feature","geometry":{"type":"Polygon","coordinates":[[[-79.26343,-1.35223],[-79.23616,-1.34424],[-79.19888,-1.32802],[-79.2008,-1.31522],[-79.2229,-1.31511],[-79.23276,-1.29912],[-79.23612,-1.28389],[-79.27919,-1.2507],[-79.29083,-1.23417],[-79.26198,-1.20771],[-79.2888,-1.20557],[-79.30727,-1.20713],[-79.33472,-1.22667],[-79.34042,-1.25158],[-79.34797,-1.26082],[-79.37051,-1.30207],[-79.38333,-1.30585],[-79.3926,-1.32222],[-79.36896,-1.32791],[-79.36251,-1.32281],[-79.35957,-1.30499],[-79.33885,-1.29316],[-79.32056,-1.31384],[-79.31627,-1.32585],[-79.29367,-1.33346],[-79.28254,-1.32808],[-79.27368,-1.33774],[-79.27845,-1.35487],[-79.26343,-1.35223]]]},"properties":{"DPA_CANTON":"0207","DPA_DESCAN":"LAS NAVES","DPA_PROVIN":"02","DPA_DESPRO":"BOLÍVAR","a45i3_muy":120,"a45i3_alta":47,"a45i3_al_1":62,"a46i3_muy":1,"a46i3_alta":1,"a46i3_al_1":6,"a46i3_al_2":283,"a46i3_al_3":0,"total":520}},
{"type":"Feature","geometry":{"type":"Polygon","coordinates":[[[-78.56904,-2.55814],[-78.57781,-2.54733],[-78.6024,-2.54442],[-78.60921,-2.52572],[-78.63403,-2.504],[-78.65381,-2.49571],[-78.66864,-2.46751],[-78.66148,-2.45428],[-78.69688,-2.4495],[-78.70623,-2.44385],[-78.7169,-2.42643],[-78.7326,-2.42906],[-78.74025,-2.43334],[-78.74301,-2.43262],[-78.74367,-2.43262],[-78.74456,-2.43232],[-78.7489,-2.46366],[-78.75265,-2.46809],[-78.74552,-2.50309],[-78.75368,-2.51419],[-78.75196,-2.52831],[-78.76461,-2.53548],[-78.76759,-2.55204],[-78.7668,-2.58947],[-78.78009,-2.60529],[-78.78452,-2.61807],[-78.80708,-2.60988],[-78.8166,-2.6138],[-78.83497,-2.61139],[-78.84816,-2.61493],[-78.84943,-2.63037],[-78.84435,-2.64011],[-78.85026,-2.65824],[-78.86595,-2.66177],[-78.87731,-2.64578],[-78.88011,-2.65313],[-78.87637,-2.68902],[-78.86953,-2.72446],[-78.87613,-2.73621],[-78.90542,-2.74733],[-78.9041,-2.77297],[-78.90797,-2.79689],[-78.91767,-2.8135],[-78.91612,-2.83479],[-78.89294,-2.83427],[-78.87277,-2.83782],[-78.86935,-2.82243],[-78.8507,-2.8239],[-78.84147,-2.81839],[-78.82119,-2.81655],[-78.81584,-2.77966],[-78.80003,-2.77864],[-78.79262,-2.73454],[-78.80066,-2.71922],[-78.79956,-2.70856],[-78.78653,-2.69909],[-78.77073,-2.67237],[-78.7479,-2.67431],[-78.73251,-2.69131],[-78.71665,-2.69052],[-78.69265,-2.67908],[-78.68673,-2.66944],[-78.66885,-2.67808],[-78.65835,-2.65467],[-78.63733,-2.64811],[-78.61678,-2.62746],[-78.62529,-2.60644],[-78.62137,-2.59323],[-78.59161,-2.57728],[-78.58024,-2.57422],[-78.56904,-2.55814]]]},"properties":{"DPA_CANTON":"0301","DPA_DESCAN":"AZOGUES","DPA_PROVIN":"03","DPA_DESPRO":"CAÑAR","a45i3_muy":126,"a45i3_alta":368,"a45i3_al_1":314,"a46i3_muy":0,"a46i3_alta":0,"a46i3_al_1":29,"a46i3_al_2":1151,"a46i3_al_3":0,"total":1988}},
{"type":"Feature","geometry":{"type":"Polygon","coordinates":[[[-78.87731,-2.64578],[-78.88437,-2.64913],[-78.90116,-2.63969],[-78.93054,-2.60874],[-78.9666,-2.615],[-78.97763,-2.60966],[-78.98853,-2.61883],[-79.00192,-2.62118],[-79.00786,-2.63448],[-79.02617,-2.63744],[-79.04357,-2.62418],[-79.05441,-2.63783],[-79.03451,-2.64617],[-79.01903,-2.66354],[-79.02194,-2.69085],[-79.00811,-2.71515],[-78.98794,-2.71554],[-78.98258,-2.70765],[-78.96443,-2.70716],[-78.9471,-2.72363],[-78.92903,-2.72207],[-78.91356,-2.7301],[-78.90542,-2.74733],[-78.87613,-2.73621],[-78.86953,-2.72446],[-78.87637,-2.68902],[-78.88011,-2.65313],[-78.87731,-2.64578]]]},"properties":{"DPA_CANTON":"0302","DPA_DESCAN":"BIBLIÁN","DPA_PROVIN":"03","DPA_DESPRO":"CAÑAR","a45i3_muy":114,"a45i3_alta":77,"a45i3_al_1":98,"a46i3_muy":0,"a46i3_alta":0,"a46i3_al_1":6,"a46i3_al_2":357,"a46i3_al_3":0,"total":652}},
{"type":"Feature","geometry":{"type":"Polygon","coordinates":[[[-79.0447,-2.33942],[-79.05072,-2.323],[-79.06347,-2.31468],[-79.06203,-2.3004],[-79.09094,-2.28316],[-79.09248,-2.26796],[-79.10024,-2.2547],[-79.12949,-2.24341],[-79.13473,-2.21958],[-79.15097,-2.25277],[-79.17291,-2.28498],[-79.17537,-2.30379],[-79.19791,-2.31029],[-79.19326,-2.32256],[-79.19962,-2.33484],[-79.20973,-2.34647],[-79.20676,-2.36209],[-79.21085,-2.37532],[-79.2234,-2.38373],[-79.2177,-2.39526],[-79.24436,-2.43865],[-79.25828,-2.45101],[-79.26774,-2.47379],[-79.27922,-2.48959],[-79.29224,-2.49235],[-79.29732,-2.51001],[-79.30436,-2.5141],[-79.33936,-2.51059],[-79.35725,-2.51256],[-79.39338,-2.49822],[-79.37919,-2.52965],[-79.37596,-2.5442],[-79.36193,-2.5442],[-79.35602,-2.55953],[-79.36186,-2.57504],[-79.34049,-2.5728],[-79.30623,-2.57784],[-79.30812,-2.60335],[-79.30233,-2.62062],[-79.28658,-2.63725],[-79.28008,-2.6504],[-79.23966,-2.67931],[-79.23264,-2.6934],[-79.21726,-2.68942],[-79.20633,-2.69266],[-79.20197,-2.70564],[-79.21472,-2.72302],[-79.20089,-2.72555],[-79.17672,-2.74503],[-79.14482,-2.73048],[-79.14363,-2.71414],[-79.12004,-2.71677],[-79.11133,-2.7062],[-79.09394,-2.69692],[-79.08095,-2.66452],[-79.08026,-2.64812],[-79.05441,-2.63783],[-79.04357,-2.62418],[-79.02617,-2.63744],[-79.00786,-2.63448],[-79.00192,-2.62118],[-78.98853,-2.61883],[-78.97763,-2.60966],[-78.9666,-2.615],[-78.93054,-2.60874],[-78.90116,-2.63969],[-78.88437,-2.64913],[-78.87731,-2.64578],[-78.86595,-2.66177],[-78.85026,-2.65824],[-78.84435,-2.64011],[-78.84943,-2.63037],[-78.84816,-2.61493],[-78.83497,-2.61139],[-78.8166,-2.6138],[-78.80708,-2.60988],[-78.78452,-2.61807],[-78.78009,-2.60529],[-78.7668,-2.58947],[-78.76759,-2.55204],[-78.76461,-2.53548],[-78.75196,-2.52831],[-78.75368,-2.51419],[-78.74552,-2.50309],[-78.75265,-2.46809],[-78.7489,-2.46366],[-78.74456,-2.43232],[-78.7453,-2.43173],[-78.74566,-2.43138],[-78.74757,-2.42718],[-78.75107,-2.42547],[-78.75603,-2.42647],[-78.7834,-2.43489],[-78.79886,-2.40939],[-78.79128,-2.39133],[-78.79595,-2.38242],[-78.80692,-2.38531],[-78.81381,-2.37703],[-78.8332,-2.38366],[-78.84237,-2.39753],[-78.85923,-2.39354],[-78.88664,-2.39392],[-78.89598,-2.40405],[-78.91601,-2.41213],[-78.9329,-2.40406],[-78.95192,-2.40062],[-78.97595,-2.38948],[-78.98623,-2.37583],[-79.00506,-2.37736],[-79.02849,-2.35851],[-79.0447,-2.33942]],[[-79.04168,-2.4233],[-79.03748,-2.42287],[-79.03384,-2.42664],[-79.02368,-2.42845],[-79.02314,-2.45096],[-79.01306,-2.45664],[-79.02005,-2.46739],[-79.04571,-2.46709],[-79.05502,-2.47698],[-79.06115,-2.50114],[-79.07972,-2.50445],[-79.11433,-2.49433],[-79.119,-2.48578],[-79.10366,-2.47123],[-79.10031,-2.45654],[-79.08613,-2.45568],[-79.06685,-2.43483],[-79.0524,-2.42611],[-79.04168,-2.4233]],[[-78.88956,-2.44919],[-78.88899,-2.44102],[-78.87475,-2.4301],[-78.8574,-2.44408],[-78.85534,-2.45597],[-78.87337,-2.45646],[-78.88374,-2.46578],[-78.89092,-2.48141],[-78.89083,-2.50859],[-78.90021,-2.52874],[-78.91676,-2.53576],[-78.94741,-2.51963],[-78.96636,-2.52379],[-78.98667,-2.50636],[-78.97885,-2.49487],[-78.96177,-2.48701],[-78.94074,-2.48407],[-78.92382,-2.47736],[-78.90084,-2.45839],[-78.89171,-2.45479],[-78.88956,-2.44919]]]},"properties":{"DPA_CANTON":"0303","DPA_DESCAN":"CAÑAR","DPA_PROVIN":"03","DPA_DESPRO":"CAÑAR","a45i3_muy":624,"a45i3_alta":58,"a45i3_al_1":293,"a46i3_muy":2,"a46i3_alta":0,"a46i3_al_1":21,"a46i3_al_2":1270,"a46i3_al_3":0,"total":2268}},
{"type":"Feature","geometry":{"type":"Polygon","coordinates":[[[-79.20973,-2.34647],[-79.22456,-2.35382],[-79.23002,-2.34576],[-79.2461,-2.3498],[-79.26477,-2.37466],[-79.26373,-2.38949],[-79.27498,-2.38808],[-79.30633,-2.40102],[-79.33181,-2.38511],[-79.33597,-2.37153],[-79.34967,-2.36946],[-79.36724,-2.36035],[-79.39334,-2.35875],[-79.40175,-2.3431],[-79.41602,-2.33589],[-79.42005,-2.35955],[-79.43065,-2.35926],[-79.4314,-2.37935],[-79.41868,-2.37833],[-79.43512,-2.40151],[-79.44812,-2.42007],[-79.42525,-2.43062],[-79.43627,-2.43868],[-79.46694,-2.44916],[-79.47695,-2.4645],[-79.48948,-2.46645],[-79.51284,-2.48644],[-79.52419,-2.48785],[-79.52234,-2.50535],[-79.50566,-2.49957],[-79.48848,-2.51095],[-79.47413,-2.50914],[-79.45289,-2.49858],[-79.43423,-2.50285],[-79.4188,-2.49799],[-79.39338,-2.49822],[-79.35725,-2.51256],[-79.33936,-2.51059],[-79.30436,-2.5141],[-79.29732,-2.51001],[-79.29224,-2.49235],[-79.27922,-2.48959],[-79.26774,-2.47379],[-79.25828,-2.45101],[-79.24436,-2.43865],[-79.2177,-2.39526],[-79.2234,-2.38373],[-79.21085,-2.37532],[-79.20676,-2.36209],[-79.20973,-2.34647]]]},"properties":{"DPA_CANTON":"0304","DPA_DESCAN":"LA TRONCAL","DPA_PROVIN":"03","DPA_DESPRO":"CAÑAR","a45i3_muy":683,"a45i3_alta":41,"a45i3_al_1":643,"a46i3_muy":9,"a46i3_alta":1,"a46i3_al_1":41,"a46i3_al_2":1948,"a46i3_al_3":0,"total":3366}},
{"type":"Feature","geometry":{"type":"Polygon","coordinates":[[[-78.87033,-2.42857],[-78.87475,-2.4301],[-78.88899,-2.44102],[-78.89171,-2.45479],[-78.90084,-2.45839],[-78.92382,-2.47736],[-78.94074,-2.48407],[-78.96177,-2.48701],[-78.97885,-2.49487],[-78.98667,-2.50636],[-78.96636,-2.52379],[-78.94741,-2.51963],[-78.91676,-2.53576],[-78.90021,-2.52874],[-78.89083,-2.50859],[-78.89092,-2.48141],[-78.88374,-2.46578],[-78.87337,-2.45646],[-78.85534,-2.45597],[-78.8574,-2.44408],[-78.87033,-2.42857]]]},"properties":{"DPA_CANTON":"0305","DPA_DESCAN":"EL TAMBO","DPA_PROVIN":"03","DPA_DESPRO":"CAÑAR","a45i3_muy":115,"a45i3_alta":0,"a45i3_al_1":79,"a46i3_muy":3,"a46i3_alta":0,"a46i3_al_1":4,"a46i3_al_2":250,"a46i3_al_3":0,"total":451}},
{"type":"Feature","geometry":{"type":"Polygon","coordinates":[[[-78.90542,-2.74733],[-78.91356,-2.7301],[-78.92903,-2.72207],[-78.9471,-2.72363],[-78.96443,-2.70716],[-78.98258,-2.70765],[-78.98794,-2.71554],[-78.99256,-2.73101],[-78.99256,-2.75085],[-78.97393,-2.74851],[-78.95279,-2.76899],[-78.94615,-2.78462],[-78.94887,-2.81938],[-78.93726,-2.83374],[-78.91612,-2.83479],[-78.91767,-2.8135],[-78.90797,-2.79689],[-78.9041,-2.77297],[-78.90542,-2.74733]]]},"properties":{"DPA_CANTON":"0306","DPA_DESCAN":"DÉLEG","DPA_PROVIN":"03","DPA_DESPRO":"CAÑAR","a45i3_muy":0,"a45i3_alta":57,"a45i3_al_1":32,"a46i3_muy":0,"a46i3_alta":0,"a46i3_al_1":3,"a46i3_al_2":104,"a46i3_al_3":0,"total":196}},
{"type":"Feature","geometry":{"type":"Polygon","coordinates":[[[-79.02182,-2.4351],[-79.02368,-2.42845],[-79.03748,-2.42287],[-79.04497,-2.42582],[-79.0524,-2.42611],[-79.06685,-2.43483],[-79.08613,-2.45568],[-79.10031,-2.45654],[-79.10366,-2.47123],[-79.119,-2.48578],[-79.11433,-2.49433],[-79.07972,-2.50445],[-79.06115,-2.50114],[-79.05502,-2.47698],[-79.04571,-2.46709],[-79.02005,-2.46739],[-79.01306,-2.45664],[-79.02314,-2.45096],[-79.02182,-2.4351]]]},"properties":{"DPA_CANTON":"0307","DPA_DESCAN":"SUSCAL","DPA_PROVIN":"03","DPA_DESPRO":"CAÑAR","a45i3_muy":70,"a45i3_alta":0,"a45i3_al_1":27,"a46i3_muy":0,"a46i3_alta":0,"a46i3_al_1":1,"a46i3_al_2":119,"a46i3_al_3":0,"total":217}},
{"type":"Feature","geometry":{"type":"Polygon","coordinates":[[[-77.53191,0.65265],[-77.5584,0.64934],[-77.57823,0.66038],[-77.58825,0.67301],[-77.60138,0.6755],[-77.61093,0.68902],[-77.64011,0.70284],[-77.66277,0.70593],[-77.6636,0.72148],[-77.67293,0.73499],[-77.69747,0.74074],[-77.6882,0.76928],[-77.66478,0.78489],[-77.6765,0.79097],[-77.67458,0.80118],[-77.6637,0.81185],[-77.69339,0.83282],[-77.70921,0.84849],[-77.72085,0.84994],[-77.74701,0.83307],[-77.76434,0.84191],[-77.78444,0.83391],[-77.8044,0.83082],[-77.81972,0.80784],[-77.86698,0.80155],[-77.89133,0.81041],[-77.93673,0.81659],[-77.94421,0.822],[-77.96611,0.82436],[-77.98975,0.85683],[-78.00166,0.85886],[-78.03415,0.88038],[-78.07153,0.89723],[-78.08928,0.89722],[-78.10483,0.91115],[-78.10726,0.92788],[-78.12123,0.93589],[-78.13477,0.93588],[-78.1541,0.92403],[-78.18585,0.93822],[-78.19923,0.95391],[-78.19123,0.96063],[-78.19511,0.98475],[-78.20922,1.00485],[-78.23048,1.01291],[-78.2435,1.0293],[-78.26688,1.04336],[-78.28212,1.05742],[-78.28,1.06848],[-78.25329,1.09262],[-78.26539,1.10053],[-78.2652,1.11168],[-78.28198,1.11107],[-78.29816,1.15644],[-78.29463,1.16833],[-78.30832,1.17958],[-78.31418,1.19065],[-78.35171,1.18201],[-78.38102,1.17009],[-78.38273,1.15917],[-78.3951,1.15238],[-78.41834,1.15981],[-78.41629,1.13902],[-78.43065,1.14012],[-78.43797,1.15711],[-78.42593,1.17739],[-78.43786,1.19089],[-78.45533,1.17591],[-78.46337,1.1762],[-78.47861,1.19317],[-78.48899,1.18559],[-78.49553,1.19768],[-78.50876,1.18894],[-78.50313,1.12846],[-78.50774,1.09563],[-78.50056,1.09056],[-78.50468,1.07191],[-78.51893,1.06832],[-78.54423,1.04531],[-78.5477,1.01096],[-78.53633,0.98056],[-78.54683,0.94158],[-78.53345,0.93233],[-78.5322,0.92303],[-78.52023,0.91798],[-78.49912,0.89407],[-78.48833,0.88676],[-78.46009,0.88377],[-78.43504,0.89315],[-78.42761,0.91219],[-78.4337,0.92013],[-78.41481,0.92648],[-78.40431,0.94145],[-78.38379,0.95814],[-78.37009,0.95504],[-78.36061,0.94582],[-78.35005,0.90102],[-78.33316,0.9025],[-78.33072,0.89337],[-78.29829,0.88217],[-78.29461,0.86677],[-78.28305,0.86173],[-78.24746,0.86454],[-78.23975,0.85597],[-78.23674,0.84114],[-78.22723,0.83644],[-78.21549,0.84449],[-78.20226,0.83786],[-78.18885,0.84299],[-78.17407,0.82894],[-78.15911,0.83561],[-78.13985,0.85445],[-78.1167,0.85939],[-78.1052,0.8377],[-78.09135,0.84505],[-78.06935,0.83522],[-78.06379,0.82595],[-78.06768,0.79501],[-78.0653,0.78171],[-78.04224,0.76254],[-78.02848,0.7567],[-78.01417,0.74364],[-77.99716,0.74434],[-77.98564,0.76037],[-77.97358,0.75247],[-77.9582,0.75261],[-77.95361,0.74358],[-77.93683,0.7489],[-77.90796,0.72283],[-77.89064,0.7139],[-77.88722,0.70657],[-77.86783,0.69847],[-77.86277,0.68733],[-77.85416,0.68817],[-77.84334,0.70066],[-77.82143,0.7031],[-77.80624,0.6938],[-77.79882,0.67776],[-77.80064,0.66401],[-77.78739,0.64657],[-77.79173,0.62874],[-77.7744,0.61774],[-77.7657,0.60352],[-77.74751,0.62903],[-77.7507,0.65842],[-77.76115,0.6723],[-77.77257,0.67686],[-77.76967,0.69018],[-77.74206,0.67713],[-77.73139,0.64798],[-77.70786,0.65167],[-77.6991,0.6465],[-77.68933,0.65642],[-77.67352,0.64797],[-77.65636,0.64763],[-77.63665,0.63648],[-77.61691,0.64213],[-77.56283,0.63604],[-77.54186,0.64345],[-77.53191,0.65265]]]},"properties":{"DPA_CANTON":"0401","DPA_DESCAN":"TULCÁN","DPA_PROVIN":"04","DPA_DESPRO":"CARCHI","a45i3_muy":786,"a45i3_alta":108,"a45i3_al_1":599,"a46i3_muy":10,"a46i3_alta":2,"a46i3_al_1":52,"a46i3_al_2":1821,"a46i3_al_3":0,"total":3378}},
{"type":"Feature","geometry":{"type":"Polygon","coordinates":[[[-77.80741,0.42654],[-77.81897,0.43083],[-77.82891,0.44982],[-77.84096,0.45531],[-77.85324,0.47175],[-77.86881,0.48214],[-77.87296,0.49521],[-77.87862,0.53414],[-77.88587,0.55028],[-77.88537,0.56311],[-77.91303,0.5826],[-77.91466,0.58832],[-77.93431,0.57563],[-77.95456,0.57087],[-77.96478,0.57436],[-77.98519,0.56673],[-78.01038,0.55027],[-78.02644,0.52483],[-78.04676,0.51509],[-78.05147,0.49811],[-78.074,0.47533],[-78.0111,0.47356],[-77.9991,0.46428],[-77.99332,0.44876],[-77.97408,0.4418],[-77.96235,0.43312],[-77.94488,0.43149],[-77.92372,0.40157],[-77.90721,0.39864],[-77.89677,0.38999],[-77.86698,0.3817],[-77.85323,0.36496],[-77.83796,0.35651],[-77.83444,0.34428],[-77.81104,0.35415],[-77.79709,0.37024],[-77.7963,0.38519],[-77.80281,0.39867],[-77.8134,0.40444],[-77.80477,0.41922],[-77.80741,0.42654]]]},"properties":{"DPA_CANTON":"0402","DPA_DESCAN":"BOLÍVAR","DPA_PROVIN":"04","DPA_DESPRO":"CARCHI","a45i3_muy":0,"a45i3_alta":187,"a45i3_al_1":138,"a46i3_muy":0,"a46i3_alta":2,"a46i3_al_1":12,"a46i3_al_2":395,"a46i3_al_3":0,"total":734}},
{"type":"Feature","geometry":{"type":"Polygon","coordinates":[[[-77.86277,0.68733],[-77.86783,0.69847],[-77.88722,0.70657],[-77.89064,0.7139],[-77.90796,0.72283],[-77.93683,0.7489],[-77.95361,0.74358],[-77.9582,0.75261],[-77.97358,0.75247],[-77.98564,0.76037],[-77.99716,0.74434],[-78.01417,0.74364],[-78.02848,0.7567],[-78.04224,0.76254],[-78.0653,0.78171],[-78.06768,0.79501],[-78.06379,0.82595],[-78.06935,0.83522],[-78.09135,0.84505],[-78.1052,0.8377],[-78.1167,0.85939],[-78.13985,0.85445],[-78.15911,0.83561],[-78.17407,0.82894],[-78.18885,0.84299],[-78.18332,0.83646],[-78.19555,0.81381],[-78.21503,0.80803],[-78.21472,0.79405],[-78.22123,0.76886],[-78.21443,0.76429],[-78.17204,0.70903],[-78.15835,0.70183],[-78.15,0.70433],[-78.12407,0.68988],[-78.10335,0.68296],[-78.08887,0.68977],[-78.06836,0.68597],[-78.06028,0.69686],[-78.06977,0.70912],[-78.05788,0.73005],[-78.04813,0.72709],[-78.04471,0.69647],[-78.03776,0.67151],[-78.05222,0.64745],[-78.04833,0.63496],[-78.03647,0.64362],[-78.01845,0.63622],[-78.00489,0.61995],[-78.02222,0.6015],[-78.02444,0.58195],[-78.03096,0.57182],[-78.02256,0.55865],[-78.01073,0.57074],[-77.98841,0.57234],[-77.98519,0.56673],[-77.96478,0.57436],[-77.95456,0.57087],[-77.93431,0.57563],[-77.91466,0.58832],[-77.90939,0.61118],[-77.89377,0.6191],[-77.87488,0.65352],[-77.86277,0.68733]]]},"properties":{"DPA_CANTON":"0403","DPA_DESCAN":"ESPEJO","DPA_PROVIN":"04","DPA_DESPRO":"CARCHI","a45i3_muy":0,"a45i3_alta":177,"a45i3_al_1":103,"a46i3_muy":0,"a46i3_alta":3,"a46i3_al_1":10,"a46i3_al_2":367,"a46i3_al_3":0,"total":660}},
{"type":"Feature","geometry":{"type":"Polygon","coordinates":[[[-78.18885,0.84299],[-78.20226,0.83786],[-78.21549,0.84449],[-78.22723,0.83644],[-78.23674,0.84114],[-78.23975,0.85597],[-78.24746,0.86454],[-78.28305,0.86173],[-78.29461,0.86677],[-78.29829,0.88217],[-78.33072,0.89337],[-78.33316,0.9025],[-78.35005,0.90102],[-78.36061,0.94582],[-78.37009,0.95504],[-78.38379,0.95814],[-78.40431,0.94145],[-78.41481,0.92648],[-78.4337,0.92013],[-78.42761,0.91219],[-78.43504,0.89315],[-78.46009,0.88377],[-78.4535,0.87599],[-78.4355,0.87299],[-78.42267,0.85309],[-78.40896,0.84494],[-78.38643,0.82509],[-78.36426,0.8256],[-78.34698,0.81664],[-78.34053,0.82371],[-78.32689,0.82009],[-78.3018,0.79236],[-78.29357,0.79426],[-78.26638,0.77905],[-78.26732,0.76733],[-78.25196,0.75321],[-78.23481,0.74508],[-78.20436,0.71809],[-78.20444,0.70355],[-78.19824,0.68642],[-78.18678,0.66883],[-78.16855,0.65959],[-78.1526,0.62625],[-78.14089,0.62534],[-78.13299,0.61028],[-78.142,0.59128],[-78.13872,0.58116],[-78.12533,0.57099],[-78.13053,0.55194],[-78.12787,0.52676],[-78.11146,0.52033],[-78.10483,0.49601],[-78.08979,0.47975],[-78.074,0.47533],[-78.05147,0.49811],[-78.04676,0.51509],[-78.02644,0.52483],[-78.01038,0.55027],[-77.98519,0.56673],[-77.98841,0.57234],[-78.01073,0.57074],[-78.02256,0.55865],[-78.03096,0.57182],[-78.02444,0.58195],[-78.02222,0.6015],[-78.00489,0.61995],[-78.01845,0.63622],[-78.03647,0.64362],[-78.04833,0.63496],[-78.05222,0.64745],[-78.03776,0.67151],[-78.04471,0.69647],[-78.04813,0.72709],[-78.05788,0.73005],[-78.06977,0.70912],[-78.06028,0.69686],[-78.06836,0.68597],[-78.08887,0.68977],[-78.10335,0.68296],[-78.12407,0.68988],[-78.15,0.70433],[-78.15835,0.70183],[-78.17204,0.70903],[-78.21443,0.76429],[-78.22123,0.76886],[-78.21472,0.79405],[-78.21503,0.80803],[-78.19555,0.81381],[-78.18332,0.83646],[-78.18885,0.84299]]]},"properties":{"DPA_CANTON":"0404","DPA_DESCAN":"MIRA","DPA_PROVIN":"04","DPA_DESPRO":"CARCHI","a45i3_muy":63,"a45i3_alta":126,"a45i3_al_1":77,"a46i3_muy":0,"a46i3_alta":0,"a46i3_al_1":6,"a46i3_al_2":318,"a46i3_al_3":0,"total":590}},
{"type":"Feature","geometry":{"type":"Polygon","coordinates":[[[-77.7657,0.60352],[-77.7744,0.61774],[-77.79173,0.62874],[-77.78739,0.64657],[-77.80064,0.66401],[-77.79882,0.67776],[-77.80624,0.6938],[-77.82143,0.7031],[-77.84334,0.70066],[-77.85416,0.68817],[-77.86277,0.68733],[-77.87488,0.65352],[-77.89377,0.6191],[-77.90939,0.61118],[-77.91466,0.58832],[-77.91303,0.5826],[-77.88537,0.56311],[-77.88587,0.55028],[-77.87862,0.53414],[-77.87296,0.49521],[-77.86881,0.48214],[-77.85324,0.47175],[-77.84096,0.45531],[-77.82891,0.44982],[-77.81897,0.43083],[-77.80741,0.42654],[-77.79431,0.4346],[-77.79232,0.44563],[-77.77431,0.46377],[-77.75404,0.49145],[-77.7517,0.50507],[-77.72025,0.53191],[-77.70975,0.54892],[-77.67901,0.56092],[-77.66352,0.59445],[-77.70211,0.56645],[-77.72773,0.56773],[-77.74349,0.59169],[-77.74462,0.60541],[-77.7657,0.60352]]]},"properties":{"DPA_CANTON":"0405","DPA_DESCAN":"MONTÚFAR","DPA_PROVIN":"04","DPA_DESPRO":"CARCHI","a45i3_muy":152,"a45i3_alta":191,"a45i3_al_1":237,"a46i3_muy":1,"a46i3_alta":3,"a46i3_al_1":16,"a46i3_al_2":679,"a46i3_al_3":0,"total":1279}},
{"type":"Feature","geometry":{"type":"Polygon","coordinates":[[[-77.67352,0.64797],[-77.68933,0.65642],[-77.6991,0.6465],[-77.70786,0.65167],[-77.73139,0.64798],[-77.74206,0.67713],[-77.76967,0.69018],[-77.77257,0.67686],[-77.76115,0.6723],[-77.7507,0.65842],[-77.74751,0.62903],[-77.7657,0.60352],[-77.74462,0.60541],[-77.74349,0.59169],[-77.72773,0.56773],[-77.70211,0.56645],[-77.66352,0.59445],[-77.65581,0.60406],[-77.68975,0.62105],[-77.68634,0.64074],[-77.67352,0.64797]]]},"properties":{"DPA_CANTON":"0406","DPA_DESCAN":"SAN PEDRO DE HUACA","DPA_PROVIN":"04","DPA_DESPRO":"CARCHI","a45i3_muy":0,"a45i3_alta":93,"a45i3_al_1":56,"a46i3_muy":0,"a46i3_alta":3,"a46i3_al_1":7,"a46i3_al_2":201,"a46i3_al_3":0,"total":360}},
{"type":"Feature","geometry":{"type":"Polygon","coordinates":[[[-78.39507,-0.67667],[-78.37119,-0.67265],[-78.36352,-0.66179],[-78.37503,-0.64],[-78.38882,-0.62648],[-78.40771,-0.62012],[-78.41628,-0.60763],[-78.4336,-0.6054],[-78.45109,-0.6207],[-78.46445,-0.60973],[-78.47499,-0.61422],[-78.48161,-0.63323],[-78.51625,-0.63458],[-78.53329,-0.62498],[-78.55704,-0.63127],[-78.55895,-0.61415],[-78.60038,-0.60721],[-78.61087,-0.5995],[-78.63912,-0.61934],[-78.64812,-0.64281],[-78.6911,-0.65944],[-78.71514,-0.66099],[-78.72037,-0.64923],[-78.75765,-0.63624],[-78.77082,-0.63748],[-78.78796,-0.66808],[-78.8124,-0.68136],[-78.82939,-0.70251],[-78.83504,-0.73943],[-78.82961,-0.76462],[-78.8142,-0.77647],[-78.79762,-0.77807],[-78.7908,-0.77264],[-78.77957,-0.78587],[-78.76559,-0.7836],[-78.75534,-0.77553],[-78.7442,-0.78782],[-78.72731,-0.78597],[-78.70988,-0.77504],[-78.70292,-0.78813],[-78.68922,-0.77791],[-78.66973,-0.81043],[-78.66042,-0.81204],[-78.65438,-0.83341],[-78.64013,-0.83986],[-78.64327,-0.854],[-78.65638,-0.86234],[-78.66201,-0.854],[-78.68374,-0.85452],[-78.69886,-0.86284],[-78.71529,-0.85939],[-78.75818,-0.87495],[-78.80142,-0.88104],[-78.80898,-0.87793],[-78.81601,-0.89189],[-78.80868,-0.91964],[-78.79384,-0.9255],[-78.77638,-0.92576],[-78.77453,-0.91249],[-78.74783,-0.90771],[-78.74367,-0.90107],[-78.69206,-0.88824],[-78.68953,-0.89928],[-78.67825,-0.90911],[-78.67742,-0.94176],[-78.66726,-0.94044],[-78.65901,-0.95723],[-78.65509,-0.97599],[-78.64528,-0.97758],[-78.6287,-0.99104],[-78.62815,-1.00647],[-78.62145,-1.00174],[-78.59658,-1.00906],[-78.58349,-1.00327],[-78.5725,-1.01186],[-78.56101,-0.99662],[-78.5545,-0.99861],[-78.54021,-0.98316],[-78.5043,-0.97903],[-78.48867,-0.96333],[-78.47117,-0.95438],[-78.45905,-0.95833],[-78.45304,-0.94614],[-78.43903,-0.95745],[-78.42654,-0.9582],[-78.41345,-0.94934],[-78.42949,-0.94566],[-78.42992,-0.93788],[-78.40932,-0.91324],[-78.41822,-0.90275],[-78.42733,-0.88216],[-78.40433,-0.87277],[-78.40098,-0.84691],[-78.39315,-0.83294],[-78.3888,-0.80387],[-78.39383,-0.79854],[-78.39759,-0.76525],[-78.39291,-0.74752],[-78.4111,-0.72412],[-78.39574,-0.70072],[-78.39507,-0.67667]]]},"properties":{"DPA_CANTON":"0501","DPA_DESCAN":"LATACUNGA","DPA_PROVIN":"05","DPA_DESPRO":"COTOPAXI","a45i3_muy":2342,"a45i3_alta":122,"a45i3_al_1":1130,"a46i3_muy":43,"a46i3_alta":2,"a46i3_al_1":106,"a46i3_al_2":5292,"a46i3_al_3":0,"total":9037}},
{"type":"Feature","geometry":{"type":"Polygon","coordinates":[[[-79.1175,-0.86209],[-79.10974,-0.86134],[-79.09652,-0.8358],[-79.07146,-0.80713],[-79.05165,-0.81076],[-79.04483,-0.81971],[-79.02118,-0.82062],[-79.01997,-0.76508],[-78.99336,-0.74652],[-79.01266,-0.73279],[-79.01361,-0.70018],[-79.01685,-0.68173],[-79.01667,-0.62627],[-79.04565,-0.58745],[-79.05812,-0.58552],[-79.08349,-0.5668],[-79.09292,-0.58202],[-79.09697,-0.60362],[-79.12892,-0.64938],[-79.13924,-0.71277],[-79.15195,-0.72185],[-79.1587,-0.73832],[-79.17365,-0.7583],[-79.18673,-0.76445],[-79.18683,-0.7992],[-79.19538,-0.80641],[-79.21857,-0.80959],[-79.22314,-0.82798],[-79.23428,-0.83368],[-79.2393,-0.85072],[-79.24127,-0.87484],[-79.24947,-0.88145],[-79.26499,-0.88067],[-79.28706,-0.89077],[-79.28706,-0.90859],[-79.30629,-0.92876],[-79.30629,-0.94883],[-79.31509,-0.95807],[-79.32021,-0.99729],[-79.29329,-0.98761],[-79.29329,-1.00579],[-79.26233,-0.99405],[-79.24758,-0.99703],[-79.22474,-0.99275],[-79.21445,-0.98517],[-79.19166,-0.98169],[-79.17428,-0.98553],[-79.15417,-0.99552],[-79.13943,-0.98607],[-79.12736,-0.9887],[-79.12279,-0.97663],[-79.12922,-0.96498],[-79.14546,-0.95711],[-79.14869,-0.94807],[-79.16425,-0.95772],[-79.17875,-0.94546],[-79.18959,-0.94359],[-79.1914,-0.93261],[-79.17446,-0.92384],[-79.16362,-0.90862],[-79.16293,-0.87682],[-79.15451,-0.86023],[-79.1175,-0.86209]]]},"properties":{"DPA_CANTON":"0502","DPA_DESCAN":"LA MANÁ","DPA_PROVIN":"05","DPA_DESPRO":"COTOPAXI","a45i3_muy":213,"a45i3_alta":902,"a45i3_al_1":543,"a46i3_muy":2,"a46i3_alta":9,"a46i3_al_1":36,"a46i3_al_2":2017,"a46i3_al_3":0,"total":3722}},
{"type":"Feature","geometry":{"type":"Polygon","coordinates":[[[-79.15417,-0.99552],[-79.17428,-0.98553],[-79.19166,-0.98169],[-79.21445,-0.98517],[-79.22474,-0.99275],[-79.24758,-0.99703],[-79.26233,-0.99405],[-79.29329,-1.00579],[-79.2941,-1.00971],[-79.30243,-1.01616],[-79.31263,-1.0416],[-79.31045,-1.06467],[-79.3204,-1.0811],[-79.32188,-1.09794],[-79.33794,-1.13444],[-79.31503,-1.16666],[-79.29704,-1.16853],[-79.28674,-1.17896],[-79.2888,-1.20557],[-79.26198,-1.20771],[-79.23853,-1.19533],[-79.22111,-1.17517],[-79.17928,-1.16861],[-79.16644,-1.16035],[-79.14642,-1.15612],[-79.13401,-1.16286],[-79.12212,-1.15176],[-79.1072,-1.14999],[-79.08845,-1.156],[-79.07135,-1.17689],[-79.04586,-1.197],[-79.03433,-1.19781],[-79.0274,-1.20797],[-79.01364,-1.21396],[-78.98456,-1.21919],[-78.97357,-1.21169],[-78.95854,-1.21633],[-78.94765,-1.20504],[-78.93406,-1.18463],[-78.95521,-1.16733],[-78.96352,-1.15415],[-78.96431,-1.14216],[-78.9726,-1.12796],[-79.00879,-1.1326],[-79.01728,-1.12105],[-79.00436,-1.10554],[-79.00038,-1.09198],[-78.98654,-1.08036],[-78.98324,-1.071],[-78.96187,-1.05994],[-78.96853,-1.04836],[-79.01077,-1.06394],[-79.03529,-1.06575],[-79.04855,-1.04972],[-79.04257,-1.02859],[-79.05264,-1.011],[-79.08328,-1.01515],[-79.10725,-1.00302],[-79.11213,-1.01074],[-79.13683,-1.00731],[-79.15417,-0.99552]]]},"properties":{"DPA_CANTON":"0503","DPA_DESCAN":"PANGUA","DPA_PROVIN":"05","DPA_DESPRO":"COTOPAXI","a45i3_muy":513,"a45i3_alta":78,"a45i3_al_1":189,"a46i3_muy":4,"a46i3_alta":2,"a46i3_al_1":14,"a46i3_al_2":839,"a46i3_al_3":0,"total":1639}},
{"type":"Feature","geometry":{"type":"Polygon","coordinates":[[[-78.80891,-0.81746],[-78.83521,-0.82321],[-78.85454,-0.84219],[-78.87166,-0.83252],[-78.87147,-0.84994],[-78.88554,-0.85566],[-78.9009,-0.86815],[-78.91738,-0.86438],[-78.92174,-0.87268],[-78.94136,-0.87712],[-78.95203,-0.86515],[-78.99068,-0.88856],[-79.00843,-0.88613],[-79.024,-0.89611],[-79.03658,-0.89075],[-79.05215,-0.89327],[-79.05804,-0.88329],[-79.07392,-0.88826],[-79.09325,-0.87031],[-79.10727,-0.87002],[-79.1175,-0.86209],[-79.15451,-0.86023],[-79.16293,-0.87682],[-79.16362,-0.90862],[-79.17446,-0.92384],[-79.1914,-0.93261],[-79.18959,-0.94359],[-79.17875,-0.94546],[-79.16425,-0.95772],[-79.14869,-0.94807],[-79.14546,-0.95711],[-79.12922,-0.96498],[-79.12279,-0.97663],[-79.12736,-0.9887],[-79.13943,-0.98607],[-79.15417,-0.99552],[-79.13683,-1.00731],[-79.11213,-1.01074],[-79.10725,-1.00302],[-79.08328,-1.01515],[-79.05264,-1.011],[-79.04257,-1.02859],[-79.04855,-1.04972],[-79.03529,-1.06575],[-79.01077,-1.06394],[-78.96853,-1.04836],[-78.96187,-1.05994],[-78.98324,-1.071],[-78.98654,-1.08036],[-79.00038,-1.09198],[-79.00436,-1.10554],[-79.01728,-1.12105],[-79.00879,-1.1326],[-78.9726,-1.12796],[-78.96431,-1.14216],[-78.96352,-1.15415],[-78.95521,-1.16733],[-78.93406,-1.18463],[-78.94765,-1.20504],[-78.92708,-1.21306],[-78.89069,-1.2022],[-78.86607,-1.18598],[-78.85929,-1.17358],[-78.84592,-1.18305],[-78.83287,-1.17492],[-78.83201,-1.16611],[-78.78947,-1.14187],[-78.78933,-1.1326],[-78.80756,-1.11385],[-78.82157,-1.11276],[-78.82699,-1.10482],[-78.84019,-1.10394],[-78.84474,-1.08452],[-78.83681,-1.0603],[-78.8373,-1.04462],[-78.82553,-1.03065],[-78.81307,-1.02995],[-78.79691,-1.04156],[-78.8111,-1.05422],[-78.81729,-1.0751],[-78.80786,-1.08828],[-78.77943,-1.09474],[-78.76574,-1.08204],[-78.75253,-1.0596],[-78.73521,-1.05217],[-78.7224,-1.05205],[-78.70978,-1.06603],[-78.66992,-1.05845],[-78.64167,-1.05932],[-78.6251,-1.01444],[-78.62815,-1.00647],[-78.6287,-0.99104],[-78.64528,-0.97758],[-78.65509,-0.97599],[-78.65901,-0.95723],[-78.66726,-0.94044],[-78.67742,-0.94176],[-78.67825,-0.90911],[-78.68953,-0.89928],[-78.69206,-0.88824],[-78.74367,-0.90107],[-78.74783,-0.90771],[-78.77453,-0.91249],[-78.77638,-0.92576],[-78.79384,-0.9255],[-78.80868,-0.91964],[-78.81601,-0.89189],[-78.80898,-0.87793],[-78.80358,-0.82924],[-78.80891,-0.81746]]]},"properties":{"DPA_CANTON":"0504","DPA_DESCAN":"PUJILÍ","DPA_PROVIN":"05","DPA_DESPRO":"COTOPAXI","a45i3_muy":1482,"a45i3_alta":0,"a45i3_al_1":441,"a46i3_muy":17,"a46i3_alta":0,"a46i3_al_1":51,"a46i3_al_2":2288,"a46i3_al_3":0,"total":4279}},
{"type":"Feature","geometry":{"type":"Polygon","coordinates":[[[-78.41345,-0.94934],[-78.42654,-0.9582],[-78.43903,-0.95745],[-78.45304,-0.94614],[-78.45905,-0.95833],[-78.47117,-0.95438],[-78.48867,-0.96333],[-78.5043,-0.97903],[-78.54021,-0.98316],[-78.5545,-0.99861],[-78.56101,-0.99662],[-78.5725,-1.01186],[-78.58349,-1.00327],[-78.59658,-1.00906],[-78.62145,-1.00174],[-78.62815,-1.00647],[-78.6251,-1.01444],[-78.64167,-1.05932],[-78.66992,-1.05845],[-78.70978,-1.06603],[-78.7224,-1.05205],[-78.73521,-1.05217],[-78.75253,-1.0596],[-78.76574,-1.08204],[-78.77943,-1.09474],[-78.80786,-1.08828],[-78.81729,-1.0751],[-78.8111,-1.05422],[-78.79691,-1.04156],[-78.81307,-1.02995],[-78.82553,-1.03065],[-78.8373,-1.04462],[-78.83681,-1.0603],[-78.84474,-1.08452],[-78.84019,-1.10394],[-78.82699,-1.10482],[-78.82157,-1.11276],[-78.80756,-1.11385],[-78.78933,-1.1326],[-78.78947,-1.14187],[-78.78539,-1.1449],[-78.76101,-1.13551],[-78.73871,-1.1337],[-78.72516,-1.14982],[-78.68948,-1.15106],[-78.65968,-1.14236],[-78.62594,-1.12642],[-78.61147,-1.11044],[-78.5909,-1.11432],[-78.58573,-1.12096],[-78.5687,-1.11597],[-78.57031,-1.09599],[-78.56257,-1.08374],[-78.57653,-1.07398],[-78.55589,-1.05885],[-78.52384,-1.05908],[-78.52063,-1.07087],[-78.50196,-1.09421],[-78.48323,-1.09258],[-78.46285,-1.08441],[-78.45317,-1.06488],[-78.40784,-1.0147],[-78.40953,-0.99824],[-78.3955,-0.99454],[-78.39211,-0.98594],[-78.396,-0.96282],[-78.4072,-0.96042],[-78.41345,-0.94934]]]},"properties":{"DPA_CANTON":"0505","DPA_DESCAN":"SALCEDO","DPA_PROVIN":"05","DPA_DESPRO":"COTOPAXI","a45i3_muy":752,"a45i3_alta":130,"a45i3_al_1":350,"a46i3_muy":12,"a46i3_alta":0,"a46i3_al_1":30,"a46i3_al_2":1606,"a46i3_al_3":0,"total":2880}},
{"type":"Feature","geometry":{"type":"Polygon","coordinates":[[[-78.80898,-0.87793],[-78.80142,-0.88104],[-78.75818,-0.87495],[-78.71529,-0.85939],[-78.69886,-0.86284],[-78.68374,-0.85452],[-78.66201,-0.854],[-78.65638,-0.86234],[-78.64327,-0.854],[-78.64013,-0.83986],[-78.65438,-0.83341],[-78.66042,-0.81204],[-78.66973,-0.81043],[-78.68922,-0.77791],[-78.70292,-0.78813],[-78.70988,-0.77504],[-78.72731,-0.78597],[-78.7442,-0.78782],[-78.75534,-0.77553],[-78.76559,-0.7836],[-78.77957,-0.78587],[-78.7908,-0.77264],[-78.79762,-0.77807],[-78.8142,-0.77647],[-78.81015,-0.78308],[-78.81247,-0.8022],[-78.80891,-0.81746],[-78.80358,-0.82924],[-78.80898,-0.87793]]]},"properties":{"DPA_CANTON":"0506","DPA_DESCAN":"SAQUISILÍ","DPA_PROVIN":"05","DPA_DESPRO":"COTOPAXI","a45i3_muy":463,"a45i3_alta":39,"a45i3_al_1":221,"a46i3_muy":10,"a46i3_alta":1,"a46i3_al_1":15,"a46i3_al_2":947,"a46i3_al_3":0,"total":1696}},
{"type":"Feature","geometry":{"type":"Polygon","coordinates":[[[-78.72037,-0.64923],[-78.7354,-0.63736],[-78.73913,-0.62196],[-78.72833,-0.58898],[-78.73342,-0.55966],[-78.755,-0.54774],[-78.77073,-0.54529],[-78.77846,-0.53847],[-78.7902,-0.54281],[-78.81117,-0.53738],[-78.83424,-0.52103],[-78.83297,-0.49949],[-78.83844,-0.47779],[-78.85502,-0.46684],[-78.87553,-0.41426],[-78.88222,-0.41611],[-78.91625,-0.36815],[-78.90695,-0.36137],[-78.91482,-0.3464],[-78.92553,-0.33716],[-78.94125,-0.33149],[-78.93292,-0.36089],[-78.95637,-0.36271],[-78.96863,-0.38236],[-78.96425,-0.39835],[-78.9733,-0.40859],[-79.01471,-0.42257],[-79.01472,-0.4495],[-79.03205,-0.47359],[-79.03159,-0.48346],[-79.05713,-0.50418],[-79.06997,-0.52341],[-79.08054,-0.52819],[-79.10097,-0.52504],[-79.11296,-0.54182],[-79.10652,-0.54476],[-79.10318,-0.54938],[-79.08953,-0.55566],[-79.08349,-0.5668],[-79.05812,-0.58552],[-79.04565,-0.58745],[-79.01667,-0.62627],[-79.01685,-0.68173],[-79.01361,-0.70018],[-79.01266,-0.73279],[-78.99336,-0.74652],[-79.01997,-0.76508],[-79.02118,-0.82062],[-79.04483,-0.81971],[-79.05165,-0.81076],[-79.07146,-0.80713],[-79.09652,-0.8358],[-79.10974,-0.86134],[-79.1175,-0.86209],[-79.10727,-0.87002],[-79.09325,-0.87031],[-79.07392,-0.88826],[-79.05804,-0.88329],[-79.05215,-0.89327],[-79.03658,-0.89075],[-79.024,-0.89611],[-79.00843,-0.88613],[-78.99068,-0.88856],[-78.95203,-0.86515],[-78.94136,-0.87712],[-78.92174,-0.87268],[-78.91738,-0.86438],[-78.9009,-0.86815],[-78.88554,-0.85566],[-78.87147,-0.84994],[-78.87166,-0.83252],[-78.85454,-0.84219],[-78.83521,-0.82321],[-78.80891,-0.81746],[-78.81247,-0.8022],[-78.81015,-0.78308],[-78.8142,-0.77647],[-78.82961,-0.76462],[-78.83504,-0.73943],[-78.82939,-0.70251],[-78.8124,-0.68136],[-78.78796,-0.66808],[-78.77082,-0.63748],[-78.75765,-0.63624],[-78.72037,-0.64923]]]},"properties":{"DPA_CANTON":"0507","DPA_DESCAN":"SIGCHOS","DPA_PROVIN":"05","DPA_DESPRO":"COTOPAXI","a45i3_muy":382,"a45i3_alta":103,"a45i3_al_1":112,"a46i3_muy":3,"a46i3_alta":0,"a46i3_al_1":11,"a46i3_al_2":669,"a46i3_al_3":0,"total":1280}},
{"type":"Feature","geometry":{"type":"Polygon","coordinates":[[[-78.54699,-1.59052],[-78.55383,-1.60618],[-78.5612,-1.6388],[-78.58107,-1.64937],[-78.597,-1.6367],[-78.61472,-1.6484],[-78.62733,-1.63987],[-78.64065,-1.63856],[-78.65135,-1.64839],[-78.67431,-1.63832],[-78.67877,-1.62886],[-78.70669,-1.62552],[-78.71876,-1.62102],[-78.71522,-1.60511],[-78.7262,-1.59912],[-78.74838,-1.57832],[-78.74843,-1.57211],[-78.77099,-1.56219],[-78.78222,-1.55176],[-78.78144,-1.53641],[-78.7915,-1.53442],[-78.79975,-1.52322],[-78.79602,-1.50471],[-78.80156,-1.49431],[-78.80434,-1.47338],[-78.82856,-1.46602],[-78.85256,-1.4709],[-78.87779,-1.4914],[-78.86769,-1.51199],[-78.88397,-1.5399],[-78.88392,-1.55175],[-78.89725,-1.59993],[-78.8966,-1.6163],[-78.88767,-1.62956],[-78.86659,-1.63255],[-78.85126,-1.62867],[-78.85779,-1.67107],[-78.82746,-1.65414],[-78.81312,-1.66308],[-78.80044,-1.66319],[-78.77355,-1.67125],[-78.73917,-1.65646],[-78.7222,-1.65651],[-78.71715,-1.68229],[-78.73324,-1.68146],[-78.72974,-1.70982],[-78.73706,-1.71926],[-78.71799,-1.74013],[-78.70084,-1.74166],[-78.70494,-1.76693],[-78.69654,-1.77596],[-78.7042,-1.80228],[-78.68987,-1.80228],[-78.68793,-1.82894],[-78.67803,-1.84984],[-78.66537,-1.8487],[-78.65131,-1.8818],[-78.61155,-1.87254],[-78.58784,-1.88542],[-78.56467,-1.88334],[-78.54501,-1.90002],[-78.53657,-1.9147],[-78.54031,-1.93359],[-78.53319,-1.94599],[-78.50985,-1.95195],[-78.46148,-1.93811],[-78.45736,-1.92157],[-78.43306,-1.90882],[-78.42009,-1.88441],[-78.40365,-1.87868],[-78.40341,-1.86329],[-78.39751,-1.854],[-78.40932,-1.84487],[-78.42136,-1.82741],[-78.42033,-1.80499],[-78.43776,-1.79228],[-78.44378,-1.76654],[-78.44965,-1.76655],[-78.45239,-1.78989],[-78.46993,-1.79217],[-78.49006,-1.78978],[-78.50993,-1.80645],[-78.54878,-1.80723],[-78.58632,-1.79166],[-78.58512,-1.7832],[-78.61975,-1.74207],[-78.63261,-1.73809],[-78.626,-1.72052],[-78.60729,-1.7106],[-78.60732,-1.68168],[-78.59991,-1.6808],[-78.58569,-1.7026],[-78.57196,-1.71366],[-78.54988,-1.70891],[-78.53024,-1.71352],[-78.51461,-1.71216],[-78.49674,-1.69516],[-78.48748,-1.70954],[-78.47623,-1.71732],[-78.46121,-1.74916],[-78.45141,-1.73208],[-78.44316,-1.70443],[-78.43222,-1.68541],[-78.42317,-1.68448],[-78.43017,-1.67708],[-78.45955,-1.67234],[-78.46638,-1.66453],[-78.51307,-1.6512],[-78.51653,-1.63383],[-78.5106,-1.61492],[-78.51825,-1.60496],[-78.53683,-1.60433],[-78.54699,-1.59052]]]},"properties":{"DPA_CANTON":"0601","DPA_DESCAN":"RIOBAMBA","DPA_PROVIN":"06","DPA_DESPRO":"CHIMBORAZO","a45i3_muy":1574,"a45i3_alta":108,"a45i3_al_1":992,"a46i3_muy":13,"a46i3_alta":1,"a46i3_al_1":81,"a46i3_al_2":4229,"a46i3_al_3":0,"total":6998}},
{"type":"Feature","geometry":{"type":"Polygon","coordinates":[[[-78.74281,-2.08864],[-78.76345,-2.09953],[-78.76666,-2.1085],[-78.79407,-2.13081],[-78.81816,-2.10962],[-78.82678,-2.1226],[-78.86001,-2.10944],[-78.86266,-2.11341],[-78.89157,-2.10224],[-78.90796,-2.11355],[-78.93561,-2.11893],[-78.9485,-2.11831],[-78.95903,-2.10988],[-78.97714,-2.11288],[-78.97588,-2.0946],[-78.99262,-2.09286],[-79.00357,-2.08275],[-79.0241,-2.08623],[-79.0274,-2.10602],[-79.03661,-2.12637],[-79.04321,-2.13407],[-79.0419,-2.14697],[-79.03028,-2.15039],[-79.02155,-2.17033],[-79.01272,-2.18747],[-78.9854,-2.20137],[-78.98386,-2.2095],[-78.99711,-2.2188],[-79.00163,-2.22864],[-79.0144,-2.23333],[-79.03487,-2.25682],[-79.04606,-2.25733],[-79.06047,-2.27782],[-79.07191,-2.28555],[-79.06203,-2.3004],[-79.06347,-2.31468],[-79.05072,-2.323],[-79.0447,-2.33942],[-79.03235,-2.34102],[-79.02377,-2.3329],[-79.00949,-2.33213],[-78.97753,-2.33498],[-78.9686,-2.32892],[-78.94892,-2.31609],[-78.96205,-2.29025],[-78.96534,-2.27657],[-78.93249,-2.26424],[-78.92489,-2.26459],[-78.90344,-2.25501],[-78.89531,-2.2568],[-78.89038,-2.27337],[-78.86433,-2.26163],[-78.87238,-2.25097],[-78.86471,-2.24128],[-78.84368,-2.23828],[-78.82552,-2.24033],[-78.83283,-2.25243],[-78.82998,-2.26515],[-78.84599,-2.30361],[-78.84006,-2.31277],[-78.80722,-2.33877],[-78.80583,-2.34688],[-78.81381,-2.37703],[-78.80692,-2.38531],[-78.79595,-2.38242],[-78.79128,-2.39133],[-78.79886,-2.40939],[-78.7834,-2.43489],[-78.76804,-2.43175],[-78.75603,-2.42647],[-78.75107,-2.42547],[-78.74566,-2.43138],[-78.7453,-2.43173],[-78.74367,-2.43262],[-78.74025,-2.43334],[-78.7169,-2.42643],[-78.70623,-2.44385],[-78.69688,-2.4495],[-78.66148,-2.45428],[-78.66864,-2.46751],[-78.65381,-2.49571],[-78.63403,-2.504],[-78.60921,-2.52572],[-78.6024,-2.54442],[-78.57781,-2.54733],[-78.55891,-2.55644],[-78.56054,-2.57424],[-78.56759,-2.59125],[-78.55962,-2.61237],[-78.54573,-2.62224],[-78.53849,-2.6123],[-78.54821,-2.598],[-78.54232,-2.57781],[-78.50459,-2.52993],[-78.50244,-2.51419],[-78.50133,-2.51214],[-78.49857,-2.50935],[-78.49633,-2.49991],[-78.49165,-2.49229],[-78.48187,-2.4536],[-78.48482,-2.43701],[-78.46431,-2.4239],[-78.48155,-2.41372],[-78.48761,-2.38329],[-78.50712,-2.37372],[-78.52472,-2.35549],[-78.53501,-2.34287],[-78.55513,-2.33358],[-78.56686,-2.32689],[-78.57613,-2.33089],[-78.58709,-2.31829],[-78.57778,-2.30595],[-78.55143,-2.30521],[-78.53792,-2.28002],[-78.53712,-2.26586],[-78.54288,-2.25614],[-78.5369,-2.24493],[-78.53448,-2.24049],[-78.5344,-2.23976],[-78.53498,-2.23872],[-78.53534,-2.23701],[-78.53937,-2.23799],[-78.54702,-2.23688],[-78.55994,-2.22362],[-78.57678,-2.2214],[-78.57271,-2.20337],[-78.58509,-2.20225],[-78.59265,-2.20082],[-78.60585,-2.2027],[-78.61959,-2.19313],[-78.62112,-2.18102],[-78.60163,-2.17013],[-78.5982,-2.16501],[-78.59711,-2.16103],[-78.59512,-2.14186],[-78.59876,-2.14268],[-78.59939,-2.14276],[-78.60477,-2.14085],[-78.61223,-2.14719],[-78.64166,-2.14243],[-78.64523,-2.14752],[-78.66278,-2.14992],[-78.70825,-2.14279],[-78.71053,-2.12919],[-78.72041,-2.11798],[-78.72876,-2.11874],[-78.74281,-2.08864]]]},"properties":{"DPA_CANTON":"0602","DPA_DESCAN":"ALAUSÍ","DPA_PROVIN":"06","DPA_DESPRO":"CHIMBORAZO","a45i3_muy":670,"a45i3_alta":14,"a45i3_al_1":216,"a46i3_muy":12,"a46i3_alta":1,"a46i3_al_1":30,"a46i3_al_2":1168,"a46i3_al_3":0,"total":2111}},
{"type":"Feature","geometry":{"type":"Polygon","coordinates":[[[-78.67803,-1.84984],[-78.68793,-1.82894],[-78.68987,-1.80228],[-78.7042,-1.80228],[-78.69654,-1.77596],[-78.70494,-1.76693],[-78.70084,-1.74166],[-78.71799,-1.74013],[-78.73706,-1.71926],[-78.72974,-1.70982],[-78.73324,-1.68146],[-78.71715,-1.68229],[-78.7222,-1.65651],[-78.73917,-1.65646],[-78.77355,-1.67125],[-78.80044,-1.66319],[-78.81312,-1.66308],[-78.82746,-1.65414],[-78.85779,-1.67107],[-78.86244,-1.67922],[-78.86684,-1.71824],[-78.87532,-1.72119],[-78.87992,-1.7407],[-78.90603,-1.73262],[-78.92159,-1.74046],[-78.93249,-1.75714],[-78.97609,-1.75339],[-78.98434,-1.7557],[-78.99949,-1.7715],[-79.0126,-1.77477],[-79.00769,-1.80441],[-79.01754,-1.86418],[-79.01558,-1.88645],[-79.00748,-1.9153],[-79.00843,-1.93504],[-78.99892,-1.93087],[-78.99207,-1.91771],[-78.97055,-1.91698],[-78.96255,-1.93858],[-78.95194,-1.94017],[-78.93112,-1.93332],[-78.91386,-1.95021],[-78.90235,-1.94075],[-78.87961,-1.94249],[-78.86152,-1.93115],[-78.85256,-1.93999],[-78.85246,-1.92969],[-78.83805,-1.91298],[-78.83274,-1.92459],[-78.79859,-1.91015],[-78.78754,-1.90106],[-78.74929,-1.90468],[-78.73345,-1.89389],[-78.7114,-1.89934],[-78.69571,-1.86217],[-78.67803,-1.84984]]]},"properties":{"DPA_CANTON":"0603","DPA_DESCAN":"COLTA","DPA_PROVIN":"06","DPA_DESPRO":"CHIMBORAZO","a45i3_muy":508,"a45i3_alta":49,"a45i3_al_1":214,"a46i3_muy":6,"a46i3_alta":0,"a46i3_al_1":17,"a46i3_al_2":976,"a46i3_al_3":0,"total":1770}},
{"type":"Feature","geometry":{"type":"Polygon","coordinates":[[[-78.46121,-1.74916],[-78.47623,-1.71732],[-78.48748,-1.70954],[-78.49674,-1.69516],[-78.51461,-1.71216],[-78.53024,-1.71352],[-78.54988,-1.70891],[-78.57196,-1.71366],[-78.58569,-1.7026],[-78.59991,-1.6808],[-78.60732,-1.68168],[-78.60729,-1.7106],[-78.626,-1.72052],[-78.63261,-1.73809],[-78.61975,-1.74207],[-78.58512,-1.7832],[-78.58632,-1.79166],[-78.54878,-1.80723],[-78.50993,-1.80645],[-78.49006,-1.78978],[-78.46993,-1.79217],[-78.45239,-1.78989],[-78.44965,-1.76655],[-78.44378,-1.76654],[-78.46149,-1.76062],[-78.46121,-1.74916]]]},"properties":{"DPA_CANTON":"0604","DPA_DESCAN":"CHAMBO","DPA_PROVIN":"06","DPA_DESPRO":"CHIMBORAZO","a45i3_muy":162,"a45i3_alta":0,"a45i3_al_1":74,"a46i3_muy":1,"a46i3_alta":0,"a46i3_al_1":4,"a46i3_al_2":335,"a46i3_al_3":0,"total":576}},
{"type":"Feature","geometry":{"type":"Polygon","coordinates":[[[-78.81381,-2.37703],[-78.80583,-2.34688],[-78.80722,-2.33877],[-78.84006,-2.31277],[-78.84599,-2.30361],[-78.82998,-2.26515],[-78.83283,-2.25243],[-78.82552,-2.24033],[-78.84368,-2.23828],[-78.86471,-2.24128],[-78.87238,-2.25097],[-78.86433,-2.26163],[-78.89038,-2.27337],[-78.89531,-2.2568],[-78.90344,-2.25501],[-78.92489,-2.26459],[-78.93249,-2.26424],[-78.96534,-2.27657],[-78.96205,-2.29025],[-78.94892,-2.31609],[-78.9686,-2.32892],[-78.97753,-2.33498],[-79.00949,-2.33213],[-79.02377,-2.3329],[-79.03235,-2.34102],[-79.0447,-2.33942],[-79.02849,-2.35851],[-79.00506,-2.37736],[-78.98623,-2.37583],[-78.97595,-2.38948],[-78.95192,-2.40062],[-78.9329,-2.40406],[-78.91601,-2.41213],[-78.89598,-2.40405],[-78.88664,-2.39392],[-78.85923,-2.39354],[-78.84237,-2.39753],[-78.8332,-2.38366],[-78.81381,-2.37703]]]},"properties":{"DPA_CANTON":"0605","DPA_DESCAN":"CHUNCHI","DPA_PROVIN":"06","DPA_DESPRO":"CHIMBORAZO","a45i3_muy":96,"a45i3_alta":76,"a45i3_al_1":68,"a46i3_muy":1,"a46i3_alta":2,"a46i3_al_1":5,"a46i3_al_2":302,"a46i3_al_3":0,"total":550}},
{"type":"Feature","geometry":{"type":"Polygon","coordinates":[[[-78.46148,-1.93811],[-78.50985,-1.95195],[-78.53319,-1.94599],[-78.54031,-1.93359],[-78.53657,-1.9147],[-78.54501,-1.90002],[-78.56467,-1.88334],[-78.58784,-1.88542],[-78.61155,-1.87254],[-78.65131,-1.8818],[-78.66537,-1.8487],[-78.67803,-1.84984],[-78.69571,-1.86217],[-78.7114,-1.89934],[-78.73345,-1.89389],[-78.74929,-1.90468],[-78.78754,-1.90106],[-78.79859,-1.91015],[-78.83274,-1.92459],[-78.83805,-1.91298],[-78.85246,-1.92969],[-78.85256,-1.93999],[-78.83843,-1.93471],[-78.81478,-1.94774],[-78.8163,-1.96436],[-78.82352,-1.96734],[-78.82849,-1.98709],[-78.84251,-1.98822],[-78.84275,-1.9994],[-78.83133,-2.01468],[-78.83747,-2.02686],[-78.83752,-2.06101],[-78.85317,-2.07553],[-78.86188,-2.07386],[-78.87177,-2.094],[-78.88048,-2.09859],[-78.87834,-2.10601],[-78.86001,-2.10944],[-78.82678,-2.1226],[-78.81816,-2.10962],[-78.79407,-2.13081],[-78.76666,-2.1085],[-78.76345,-2.09953],[-78.74281,-2.08864],[-78.72876,-2.11874],[-78.72041,-2.11798],[-78.71053,-2.12919],[-78.70825,-2.14279],[-78.66278,-2.14992],[-78.64523,-2.14752],[-78.64166,-2.14243],[-78.61223,-2.14719],[-78.60477,-2.14085],[-78.59939,-2.14276],[-78.59876,-2.14268],[-78.59512,-2.14186],[-78.59711,-2.16103],[-78.5982,-2.16501],[-78.60163,-2.17013],[-78.62112,-2.18102],[-78.61959,-2.19313],[-78.60585,-2.2027],[-78.59265,-2.20082],[-78.58509,-2.20225],[-78.57271,-2.20337],[-78.57678,-2.2214],[-78.55994,-2.22362],[-78.54702,-2.23688],[-78.53937,-2.23799],[-78.53611,-2.23666],[-78.53534,-2.23701],[-78.53498,-2.23872],[-78.5344,-2.23976],[-78.5344,-2.24018],[-78.51455,-2.2403],[-78.50519,-2.24653],[-78.49935,-2.23011],[-78.48739,-2.21657],[-78.50122,-2.20598],[-78.4979,-2.19753],[-78.5045,-2.17195],[-78.50425,-2.15871],[-78.51656,-2.15461],[-78.51312,-2.13279],[-78.49221,-2.12492],[-78.48475,-2.1296],[-78.46894,-2.12002],[-78.45016,-2.11797],[-78.44596,-2.10222],[-78.43483,-2.0907],[-78.43926,-2.07609],[-78.45207,-2.06501],[-78.45295,-2.04447],[-78.44792,-2.02689],[-78.44899,-2.02521],[-78.44909,-2.02132],[-78.44719,-2.01662],[-78.44156,-2.0128],[-78.45917,-1.99225],[-78.47504,-2.00223],[-78.48482,-1.99202],[-78.48907,-1.95843],[-78.48258,-1.95256],[-78.46359,-1.94986],[-78.46148,-1.93811]]]},"properties":{"DPA_CANTON":"0606","DPA_DESCAN":"GUAMOTE","DPA_PROVIN":"06","DPA_DESPRO":"CHIMBORAZO","a45i3_muy":866,"a45i3_alta":0,"a45i3_al_1":298,"a46i3_muy":12,"a46i3_alta":0,"a46i3_al_1":35,"a46i3_al_2":1595,"a46i3_al_3":0,"total":2806}},
{"type":"Feature","geometry":{"type":"Polygon","coordinates":[[[-78.72187,-1.47105],[-78.7369,-1.45622],[-78.76669,-1.4376],[-78.77794,-1.43042],[-78.80049,-1.44755],[-78.81374,-1.44522],[-78.8329,-1.46158],[-78.84365,-1.45958],[-78.85256,-1.4709],[-78.82856,-1.46602],[-78.80434,-1.47338],[-78.80156,-1.49431],[-78.79602,-1.50471],[-78.79975,-1.52322],[-78.7915,-1.53442],[-78.78144,-1.53641],[-78.78222,-1.55176],[-78.77099,-1.56219],[-78.74843,-1.57211],[-78.74838,-1.57832],[-78.7262,-1.59912],[-78.71522,-1.60511],[-78.71876,-1.62102],[-78.70669,-1.62552],[-78.67877,-1.62886],[-78.67431,-1.63832],[-78.65135,-1.64839],[-78.64065,-1.63856],[-78.62733,-1.63987],[-78.61472,-1.6484],[-78.597,-1.6367],[-78.58107,-1.64937],[-78.5612,-1.6388],[-78.55383,-1.60618],[-78.54699,-1.59052],[-78.5386,-1.5926],[-78.53458,-1.5562],[-78.54096,-1.54498],[-78.53353,-1.53199],[-78.51762,-1.52288],[-78.52246,-1.51552],[-78.51496,-1.49907],[-78.51318,-1.47418],[-78.53338,-1.4686],[-78.5421,-1.46014],[-78.5376,-1.47404],[-78.57074,-1.47876],[-78.58707,-1.49076],[-78.60194,-1.48936],[-78.62044,-1.50634],[-78.63393,-1.49594],[-78.66689,-1.49998],[-78.68981,-1.48983],[-78.69914,-1.48172],[-78.72187,-1.47105]]]},"properties":{"DPA_CANTON":"0607","DPA_DESCAN":"GUANO","DPA_PROVIN":"06","DPA_DESPRO":"CHIMBORAZO","a45i3_muy":451,"a45i3_alta":172,"a45i3_al_1":336,"a46i3_muy":7,"a46i3_alta":1,"a46i3_al_1":32,"a46i3_al_2":1245,"a46i3_al_3":0,"total":2244}},
{"type":"Feature","geometry":{"type":"Polygon","coordinates":[[[-78.85256,-1.93999],[-78.86152,-1.93115],[-78.87961,-1.94249],[-78.90235,-1.94075],[-78.91386,-1.95021],[-78.93112,-1.93332],[-78.95194,-1.94017],[-78.96255,-1.93858],[-78.97055,-1.91698],[-78.99207,-1.91771],[-78.99892,-1.93087],[-79.00843,-1.93504],[-79.00803,-1.94419],[-79.0167,-1.95969],[-79.01362,-1.96529],[-79.01837,-2.00091],[-79.02655,-2.00984],[-79.0376,-2.06004],[-79.0237,-2.07343],[-79.0241,-2.08623],[-79.00357,-2.08275],[-78.99262,-2.09286],[-78.97588,-2.0946],[-78.97714,-2.11288],[-78.95903,-2.10988],[-78.9485,-2.11831],[-78.93561,-2.11893],[-78.90796,-2.11355],[-78.88879,-2.09884],[-78.87177,-2.094],[-78.86188,-2.07386],[-78.85317,-2.07553],[-78.83752,-2.06101],[-78.83747,-2.02686],[-78.83133,-2.01468],[-78.84275,-1.9994],[-78.84251,-1.98822],[-78.82849,-1.98709],[-78.82352,-1.96734],[-78.8163,-1.96436],[-78.81478,-1.94774],[-78.83843,-1.93471],[-78.85256,-1.93999]]]},"properties":{"DPA_CANTON":"0608","DPA_DESCAN":"PALLATANGA","DPA_PROVIN":"06","DPA_DESPRO":"CHIMBORAZO","a45i3_muy":188,"a45i3_alta":0,"a45i3_al_1":94,"a46i3_muy":1,"a46i3_alta":0,"a46i3_al_1":9,"a46i3_al_2":358,"a46i3_al_3":0,"total":650}},
{"type":"Feature","geometry":{"type":"Polygon","coordinates":[[[-78.35741,-1.52087],[-78.36461,-1.51289],[-78.36284,-1.49905],[-78.38741,-1.49407],[-78.39489,-1.4848],[-78.42332,-1.48535],[-78.44456,-1.47027],[-78.50569,-1.44036],[-78.51318,-1.47418],[-78.51496,-1.49907],[-78.52246,-1.51552],[-78.51762,-1.52288],[-78.53353,-1.53199],[-78.54096,-1.54498],[-78.53458,-1.5562],[-78.5386,-1.5926],[-78.54699,-1.59052],[-78.53683,-1.60433],[-78.51825,-1.60496],[-78.5106,-1.61492],[-78.51653,-1.63383],[-78.51307,-1.6512],[-78.46638,-1.66453],[-78.45955,-1.67234],[-78.43017,-1.67708],[-78.42317,-1.68448],[-78.41229,-1.68259],[-78.40969,-1.66545],[-78.3769,-1.65442],[-78.36383,-1.64492],[-78.36662,-1.61423],[-78.3734,-1.59897],[-78.37041,-1.5755],[-78.37638,-1.55768],[-78.37639,-1.5357],[-78.36468,-1.53303],[-78.35741,-1.52087]]]},"properties":{"DPA_CANTON":"0609","DPA_DESCAN":"PENIPE","DPA_PROVIN":"06","DPA_DESPRO":"CHIMBORAZO","a45i3_muy":0,"a45i3_alta":60,"a45i3_al_1":35,"a46i3_muy":0,"a46i3_alta":1,"a46i3_al_1":5,"a46i3_al_2":119,"a46i3_al_3":0,"total":220}},
{"type":"Feature","geometry":{"type":"Polygon","coordinates":[[[-79.14295,-2.21258],[-79.13473,-2.21958],[-79.12949,-2.24341],[-79.10024,-2.2547],[-79.09248,-2.26796],[-79.09026,-2.27808],[-79.07191,-2.28555],[-79.06047,-2.27782],[-79.04606,-2.25733],[-79.03487,-2.25682],[-79.0144,-2.23333],[-79.00163,-2.22864],[-78.99711,-2.2188],[-78.98386,-2.2095],[-78.9854,-2.20137],[-79.01272,-2.18747],[-79.02155,-2.17033],[-79.03028,-2.15039],[-79.0419,-2.14697],[-79.05743,-2.15152],[-79.08092,-2.17836],[-79.11103,-2.20143],[-79.12699,-2.20271],[-79.15767,-2.20338],[-79.19357,-2.19143],[-79.22198,-2.19936],[-79.24834,-2.19635],[-79.25457,-2.21766],[-79.24301,-2.21939],[-79.22402,-2.21076],[-79.16905,-2.21506],[-79.14295,-2.21258]]]},"properties":{"DPA_CANTON":"0610","DPA_DESCAN":"CUMANDÁ","DPA_PROVIN":"06","DPA_DESPRO":"CHIMBORAZO","a45i3_muy":256,"a45i3_alta":0,"a45i3_al_1":128,"a46i3_muy":1,"a46i3_alta":0,"a46i3_al_1":11,"a46i3_al_2":546,"a46i3_al_3":0,"total":942}},
{"type":"Feature","geometry":{"type":"Polygon","coordinates":[[[-79.83889,-3.27998],[-79.85045,-3.26882],[-79.86387,-3.27092],[-79.8724,-3.25744],[-79.88982,-3.24651],[-79.89904,-3.21835],[-79.90207,-3.19611],[-79.9167,-3.17842],[-79.92783,-3.17095],[-79.95288,-3.18591],[-79.97057,-3.2009],[-79.97902,-3.21358],[-79.99986,-3.23287],[-80.00108,-3.26253],[-80.00642,-3.26213],[-80.03177,-3.30936],[-80.03716,-3.34723],[-80.02329,-3.35833],[-80.01602,-3.37288],[-80.00743,-3.37329],[-79.99667,-3.38996],[-80.00743,-3.40135],[-79.98676,-3.4158],[-79.97562,-3.43332],[-79.96196,-3.43553],[-79.94817,-3.42866],[-79.93811,-3.43347],[-79.91248,-3.4264],[-79.89935,-3.40222],[-79.89776,-3.38726],[-79.88449,-3.38271],[-79.89719,-3.36934],[-79.88609,-3.34711],[-79.86312,-3.33939],[-79.86211,-3.32247],[-79.87053,-3.31294],[-79.83889,-3.27998]]]},"properties":{"DPA_CANTON":"0701","DPA_DESCAN":"MACHALA","DPA_PROVIN":"07","DPA_DESPRO":"EL ORO","a45i3_muy":1452,"a45i3_alta":74,"a45i3_al_1":928,"a46i3_muy":23,"a46i3_alta":1,"a46i3_al_1":99,"a46i3_al_2":4772,"a46i3_al_3":0,"total":7349}},
{"type":"Feature","geometry":{"type":"Polygon","coordinates":[[[-79.94395,-3.6142],[-79.95965,-3.60281],[-79.97594,-3.60505],[-79.98768,-3.59848],[-79.99165,-3.57265],[-80.02269,-3.56477],[-80.02021,-3.55449],[-80.03123,-3.53433],[-80.0178,-3.51945],[-80.01801,-3.49184],[-80.01126,-3.4851],[-80.01373,-3.4615],[-80.02524,-3.43731],[-80.02861,-3.41034],[-80.04148,-3.39291],[-80.06107,-3.39469],[-80.06545,-3.41614],[-80.08893,-3.41934],[-80.11468,-3.41575],[-80.1328,-3.43889],[-80.12016,-3.48112],[-80.15164,-3.49581],[-80.17015,-3.49606],[-80.18704,-3.50145],[-80.21499,-3.52238],[-80.20682,-3.53354],[-80.21427,-3.5717],[-80.21342,-3.59022],[-80.1897,-3.59827],[-80.19562,-3.62552],[-80.18773,-3.63021],[-80.18701,-3.66898],[-80.19957,-3.68792],[-80.19405,-3.70847],[-80.18527,-3.71572],[-80.18037,-3.73559],[-80.19238,-3.74891],[-80.18895,-3.76257],[-80.19305,-3.77442],[-80.16872,-3.77442],[-80.15319,-3.76678],[-80.13995,-3.78139],[-80.12355,-3.78139],[-80.11028,-3.75549],[-80.09278,-3.74318],[-80.05881,-3.7327],[-80.05454,-3.72242],[-80.02367,-3.70949],[-80.01684,-3.71762],[-80.00395,-3.71161],[-79.97625,-3.71161],[-79.9685,-3.72617],[-79.95263,-3.70607],[-79.93321,-3.67665],[-79.93093,-3.65921],[-79.93621,-3.6512],[-79.94395,-3.6142]]]},"properties":{"DPA_CANTON":"0702","DPA_DESCAN":"ARENILLAS","DPA_PROVIN":"07","DPA_DESPRO":"EL ORO","a45i3_muy":215,"a45i3_alta":78,"a45i3_al_1":250,"a46i3_muy":0,"a46i3_alta":0,"a46i3_al_1":12,"a46i3_al_2":742,"a46i3_al_3":0,"total":1297}},
{"type":"Feature","geometry":{"type":"Polygon","coordinates":[[[-79.74027,-3.46427],[-79.76504,-3.46238],[-79.77734,-3.46968],[-79.79207,-3.49315],[-79.79628,-3.51905],[-79.80195,-3.52371],[-79.82988,-3.51878],[-79.83739,-3.5312],[-79.82956,-3.54383],[-79.8194,-3.54854],[-79.80378,-3.57157],[-79.77567,-3.56502],[-79.77171,-3.58682],[-79.80203,-3.59076],[-79.80574,-3.60308],[-79.81821,-3.61807],[-79.83121,-3.61925],[-79.80808,-3.63053],[-79.80755,-3.64098],[-79.78253,-3.63489],[-79.77982,-3.61735],[-79.76297,-3.60678],[-79.7546,-3.58872],[-79.73979,-3.57571],[-79.71414,-3.57927],[-79.70256,-3.60311],[-79.70243,-3.61649],[-79.69366,-3.63878],[-79.68014,-3.6506],[-79.67087,-3.64341],[-79.65292,-3.64147],[-79.64936,-3.62157],[-79.64109,-3.60481],[-79.61806,-3.5735],[-79.61266,-3.5501],[-79.60072,-3.54141],[-79.60585,-3.52651],[-79.62443,-3.50957],[-79.63649,-3.5078],[-79.65102,-3.51513],[-79.66276,-3.51085],[-79.69241,-3.50987],[-79.70794,-3.49747],[-79.71385,-3.48993],[-79.72895,-3.47652],[-79.74027,-3.46427]]]},"properties":{"DPA_CANTON":"0703","DPA_DESCAN":"ATAHUALPA","DPA_PROVIN":"07","DPA_DESPRO":"EL ORO","a45i3_muy":0,"a45i3_alta":32,"a45i3_al_1":29,"a46i3_muy":0,"a46i3_alta":0,"a46i3_al_1":1,"a46i3_al_2":87,"a46i3_al_3":0,"total":149}},
{"type":"Feature","geometry":{"type":"Polygon","coordinates":[[[-79.85366,-3.82451],[-79.84405,-3.81035],[-79.81366,-3.80805],[-79.814,-3.78628],[-79.79151,-3.7668],[-79.80473,-3.72865],[-79.8268,-3.73042],[-79.85506,-3.72265],[-79.87472,-3.73693],[-79.8811,-3.74778],[-79.87463,-3.7569],[-79.85355,-3.75297],[-79.85031,-3.75958],[-79.86888,-3.78409],[-79.87589,-3.80581],[-79.87249,-3.82129],[-79.85366,-3.82451]]]},"properties":{"DPA_CANTON":"0704","DPA_DESCAN":"BALSAS","DPA_PROVIN":"07","DPA_DESPRO":"EL ORO","a45i3_muy":0,"a45i3_alta":82,"a45i3_al_1":54,"a46i3_muy":0,"a46i3_alta":0,"a46i3_al_1":5,"a46i3_al_2":170,"a46i3_al_3":0,"total":311}},
{"type":"Feature","geometry":{"type":"Polygon","coordinates":[[[-79.55567,-3.38743],[-79.56607,-3.39282],[-79.58306,-3.3896],[-79.5892,-3.37959],[-79.58061,-3.37116],[-79.59191,-3.33073],[-79.6051,-3.33065],[-79.61161,-3.34311],[-79.63066,-3.34735],[-79.63911,-3.33859],[-79.66946,-3.33883],[-79.66973,-3.36082],[-79.66499,-3.37006],[-79.68131,-3.37424],[-79.69304,-3.36968],[-79.70163,-3.37898],[-79.71191,-3.40293],[-79.70124,-3.42455],[-79.70821,-3.42909],[-79.71904,-3.45491],[-79.73648,-3.45768],[-79.73788,-3.46439],[-79.72895,-3.47652],[-79.70794,-3.49747],[-79.69241,-3.50987],[-79.66276,-3.51085],[-79.65102,-3.51513],[-79.63649,-3.5078],[-79.62443,-3.50957],[-79.60585,-3.52651],[-79.60072,-3.54141],[-79.57745,-3.53857],[-79.54317,-3.54743],[-79.53908,-3.53955],[-79.54704,-3.50718],[-79.53777,-3.47195],[-79.54796,-3.45641],[-79.54415,-3.43359],[-79.55374,-3.41989],[-79.55567,-3.38743]]]},"properties":{"DPA_CANTON":"0705","DPA_DESCAN":"CHILLA","DPA_PROVIN":"07","DPA_DESPRO":"EL ORO","a45i3_muy":0,"a45i3_alta":29,"a45i3_al_1":9,"a46i3_muy":0,"a46i3_alta":0,"a46i3_al_1":2,"a46i3_al_2":52,"a46i3_al_3":0,"total":92}},
{"type":"Feature","geometry":{"type":"Polygon","coordinates":[[[-79.76377,-3.06226],[-79.77537,-3.0643],[-79.81553,-3.04996],[-79.83778,-3.05495],[-79.85533,-3.04849],[-79.87081,-3.05989],[-79.87917,-3.07447],[-79.89229,-3.07583],[-79.90235,-3.10238],[-79.9005,-3.12676],[-79.90756,-3.16049],[-79.92783,-3.17095],[-79.9167,-3.17842],[-79.90207,-3.19611],[-79.89904,-3.21835],[-79.88982,-3.24651],[-79.8724,-3.25744],[-79.86387,-3.27092],[-79.85045,-3.26882],[-79.83889,-3.27998],[-79.83889,-3.2744],[-79.81567,-3.25944],[-79.78962,-3.25438],[-79.76465,-3.27802],[-79.7316,-3.27175],[-79.70054,-3.26869],[-79.67781,-3.24448],[-79.68261,-3.21844],[-79.66344,-3.20002],[-79.65625,-3.18832],[-79.62314,-3.18671],[-79.60027,-3.17869],[-79.61663,-3.15142],[-79.61972,-3.13665],[-79.63679,-3.13718],[-79.64133,-3.13142],[-79.67296,-3.12106],[-79.68872,-3.1055],[-79.70644,-3.10449],[-79.73636,-3.0947],[-79.74078,-3.08691],[-79.75687,-3.07014],[-79.76305,-3.06728],[-79.76377,-3.06226]]]},"properties":{"DPA_CANTON":"0706","DPA_DESCAN":"EL GUABO","DPA_PROVIN":"07","DPA_DESPRO":"EL ORO","a45i3_muy":515,"a45i3_alta":159,"a45i3_al_1":413,"a46i3_muy":4,"a46i3_alta":1,"a46i3_al_1":65,"a46i3_al_2":1926,"a46i3_al_3":0,"total":3083}},
{"type":"Feature","geometry":{"type":"Polygon","coordinates":[[[-80.11468,-3.41575],[-80.13933,-3.41571],[-80.15276,-3.42057],[-80.16377,-3.4224],[-80.20149,-3.43275],[-80.21233,-3.43475],[-80.22106,-3.43804],[-80.2212,-3.44479],[-80.24118,-3.46155],[-80.24311,-3.48648],[-80.23272,-3.49011],[-80.22813,-3.50223],[-80.21553,-3.4988],[-80.21034,-3.51467],[-80.18704,-3.50145],[-80.17015,-3.49606],[-80.15164,-3.49581],[-80.12016,-3.48112],[-80.1328,-3.43889],[-80.11468,-3.41575]]]},"properties":{"DPA_CANTON":"0707","DPA_DESCAN":"HUAQUILLAS","DPA_PROVIN":"07","DPA_DESPRO":"EL ORO","a45i3_muy":98,"a45i3_alta":280,"a45i3_al_1":264,"a46i3_muy":2,"a46i3_alta":4,"a46i3_al_1":27,"a46i3_al_2":1203,"a46i3_al_3":0,"total":1878}},
{"type":"Feature","geometry":{"type":"Polygon","coordinates":[[[-79.8811,-3.74778],[-79.90714,-3.73676],[-79.91644,-3.73966],[-79.92715,-3.71747],[-79.93965,-3.70457],[-79.95263,-3.70607],[-79.9685,-3.72617],[-79.97127,-3.74468],[-79.98049,-3.75643],[-79.98622,-3.77563],[-80.00122,-3.78953],[-79.99363,-3.80858],[-79.99588,-3.82375],[-79.986,-3.84228],[-79.95421,-3.82829],[-79.94272,-3.83219],[-79.93127,-3.8261],[-79.89408,-3.82765],[-79.87249,-3.82129],[-79.87589,-3.80581],[-79.86888,-3.78409],[-79.85031,-3.75958],[-79.85355,-3.75297],[-79.87463,-3.7569],[-79.8811,-3.74778]]]},"properties":{"DPA_CANTON":"0708","DPA_DESCAN":"MARCABELÍ","DPA_PROVIN":"07","DPA_DESPRO":"EL ORO","a45i3_muy":0,"a45i3_alta":45,"a45i3_al_1":41,"a46i3_muy":0,"a46i3_alta":0,"a46i3_al_1":4,"a46i3_al_2":128,"a46i3_al_3":0,"total":218}},
{"type":"Feature","geometry":{"type":"Polygon","coordinates":[[[-79.60027,-3.17869],[-79.62314,-3.18671],[-79.65625,-3.18832],[-79.66344,-3.20002],[-79.68261,-3.21844],[-79.67781,-3.24448],[-79.70054,-3.26869],[-79.7316,-3.27175],[-79.76465,-3.27802],[-79.78962,-3.25438],[-79.81567,-3.25944],[-79.83889,-3.2744],[-79.83889,-3.27998],[-79.87053,-3.31294],[-79.86211,-3.32247],[-79.86312,-3.33939],[-79.88609,-3.34711],[-79.89719,-3.36934],[-79.88449,-3.38271],[-79.88074,-3.3769],[-79.86345,-3.38011],[-79.85471,-3.36481],[-79.83217,-3.362],[-79.81743,-3.36589],[-79.80784,-3.38424],[-79.80854,-3.40591],[-79.79694,-3.41905],[-79.79136,-3.43278],[-79.76504,-3.46238],[-79.74027,-3.46427],[-79.73648,-3.45768],[-79.71904,-3.45491],[-79.70821,-3.42909],[-79.70124,-3.42455],[-79.71191,-3.40293],[-79.70163,-3.37898],[-79.69304,-3.36968],[-79.68131,-3.37424],[-79.66499,-3.37006],[-79.66973,-3.36082],[-79.66946,-3.33883],[-79.63911,-3.33859],[-79.63066,-3.34735],[-79.61161,-3.34311],[-79.6051,-3.33065],[-79.59191,-3.33073],[-79.58061,-3.37116],[-79.5892,-3.37959],[-79.58306,-3.3896],[-79.56607,-3.39282],[-79.55567,-3.38743],[-79.54896,-3.36453],[-79.56313,-3.35907],[-79.58477,-3.3375],[-79.58013,-3.32508],[-79.5966,-3.32241],[-79.61082,-3.32933],[-79.63167,-3.32117],[-79.65615,-3.32599],[-79.66034,-3.31861],[-79.64448,-3.30254],[-79.63331,-3.26782],[-79.63678,-3.24827],[-79.62216,-3.22731],[-79.6021,-3.21616],[-79.60027,-3.17869]]]},"properties":{"DPA_CANTON":"0709","DPA_DESCAN":"PASAJE","DPA_PROVIN":"07","DPA_DESPRO":"EL ORO","a45i3_muy":312,"a45i3_alta":301,"a45i3_al_1":480,"a46i3_muy":2,"a46i3_alta":2,"a46i3_al_1":34,"a46i3_al_2":1641,"a46i3_al_3":0,"total":2772}},
{"type":"Feature","geometry":{"type":"Polygon","coordinates":[[[-79.65292,-3.64147],[-79.67087,-3.64341],[-79.68014,-3.6506],[-79.69366,-3.63878],[-79.70243,-3.61649],[-79.70256,-3.60311],[-79.71414,-3.57927],[-79.73979,-3.57571],[-79.7546,-3.58872],[-79.76297,-3.60678],[-79.77982,-3.61735],[-79.78253,-3.63489],[-79.80755,-3.64098],[-79.80808,-3.63053],[-79.83121,-3.61925],[-79.86861,-3.59967],[-79.8868,-3.60759],[-79.89763,-3.5991],[-79.92864,-3.59662],[-79.94395,-3.6142],[-79.93621,-3.6512],[-79.93093,-3.65921],[-79.93321,-3.67665],[-79.95263,-3.70607],[-79.93965,-3.70457],[-79.92715,-3.71747],[-79.91644,-3.73966],[-79.90714,-3.73676],[-79.8811,-3.74778],[-79.87472,-3.73693],[-79.85506,-3.72265],[-79.8268,-3.73042],[-79.80473,-3.72865],[-79.79151,-3.7668],[-79.814,-3.78628],[-79.81366,-3.80805],[-79.84405,-3.81035],[-79.85366,-3.82451],[-79.81951,-3.8404],[-79.80181,-3.84202],[-79.78553,-3.84451],[-79.74589,-3.83146],[-79.72072,-3.83071],[-79.70614,-3.82235],[-79.68547,-3.79673],[-79.68488,-3.78391],[-79.67021,-3.77286],[-79.64664,-3.77053],[-79.64393,-3.74863],[-79.6327,-3.71803],[-79.63343,-3.71124],[-79.64571,-3.67814],[-79.63754,-3.66742],[-79.65292,-3.64147]]]},"properties":{"DPA_CANTON":"0710","DPA_DESCAN":"PIÑAS","DPA_PROVIN":"07","DPA_DESPRO":"EL ORO","a45i3_muy":0,"a45i3_alta":115,"a45i3_al_1":129,"a46i3_muy":0,"a46i3_alta":2,"a46i3_al_1":9,"a46i3_al_2":389,"a46i3_al_3":0,"total":644}},
{"type":"Feature","geometry":{"type":"Polygon","coordinates":[[[-79.37296,-3.68092],[-79.40489,-3.66718],[-79.41627,-3.67444],[-79.44778,-3.68036],[-79.46157,-3.6798],[-79.48461,-3.69142],[-79.51479,-3.69578],[-79.53377,-3.70606],[-79.55773,-3.71399],[-79.56177,-3.70397],[-79.58019,-3.70059],[-79.58978,-3.70383],[-79.61551,-3.70191],[-79.63343,-3.71124],[-79.6327,-3.71803],[-79.64393,-3.74863],[-79.64664,-3.77053],[-79.63265,-3.76355],[-79.61907,-3.75012],[-79.60736,-3.75236],[-79.60234,-3.76511],[-79.58387,-3.7907],[-79.57629,-3.79553],[-79.55945,-3.80308],[-79.54655,-3.7986],[-79.51688,-3.78839],[-79.50102,-3.78974],[-79.4926,-3.80104],[-79.47661,-3.8013],[-79.44894,-3.81305],[-79.43569,-3.8066],[-79.42875,-3.79421],[-79.4064,-3.786],[-79.40316,-3.7531],[-79.41598,-3.72569],[-79.39737,-3.70808],[-79.38358,-3.70237],[-79.37296,-3.68092]]]},"properties":{"DPA_CANTON":"0711","DPA_DESCAN":"PORTOVELO","DPA_PROVIN":"07","DPA_DESPRO":"EL ORO","a45i3_muy":0,"a45i3_alta":120,"a45i3_al_1":94,"a46i3_muy":0,"a46i3_alta":1,"a46i3_al_1":5,"a46i3_al_2":297,"a46i3_al_3":0,"total":517}},
{"type":"Feature","geometry":{"type":"Polygon","coordinates":[[[-79.88449,-3.38271],[-79.89776,-3.38726],[-79.89935,-3.40222],[-79.91248,-3.4264],[-79.93811,-3.43347],[-79.94817,-3.42866],[-79.96196,-3.43553],[-79.97562,-3.43332],[-79.98676,-3.4158],[-80.00743,-3.40135],[-79.99667,-3.38996],[-80.00743,-3.37329],[-80.01602,-3.37288],[-80.02329,-3.35833],[-80.03716,-3.34723],[-80.03177,-3.30936],[-80.00642,-3.26213],[-80.02169,-3.2415],[-80.02591,-3.21296],[-80.04127,-3.22118],[-80.06054,-3.27617],[-80.08502,-3.30718],[-80.1099,-3.32285],[-80.11961,-3.33341],[-80.13192,-3.33769],[-80.151,-3.33485],[-80.16214,-3.34072],[-80.23612,-3.33725],[-80.27165,-3.32681],[-80.28911,-3.35593],[-80.31369,-3.39213],[-80.27745,-3.41517],[-80.25969,-3.41152],[-80.22159,-3.43559],[-80.20149,-3.43275],[-80.16377,-3.4224],[-80.15276,-3.42057],[-80.13933,-3.41571],[-80.11468,-3.41575],[-80.08893,-3.41934],[-80.06545,-3.41614],[-80.06107,-3.39469],[-80.04148,-3.39291],[-80.02861,-3.41034],[-80.02524,-3.43731],[-80.01373,-3.4615],[-80.01126,-3.4851],[-80.01801,-3.49184],[-80.0178,-3.51945],[-80.03123,-3.53433],[-80.02021,-3.55449],[-80.02269,-3.56477],[-79.99165,-3.57265],[-79.98768,-3.59848],[-79.97594,-3.60505],[-79.95965,-3.60281],[-79.94395,-3.6142],[-79.92864,-3.59662],[-79.89763,-3.5991],[-79.8868,-3.60759],[-79.86861,-3.59967],[-79.83121,-3.61925],[-79.81821,-3.61807],[-79.80574,-3.60308],[-79.80203,-3.59076],[-79.77171,-3.58682],[-79.77567,-3.56502],[-79.80378,-3.57157],[-79.8194,-3.54854],[-79.82956,-3.54383],[-79.83739,-3.5312],[-79.82988,-3.51878],[-79.80195,-3.52371],[-79.79628,-3.51905],[-79.79207,-3.49315],[-79.77734,-3.46968],[-79.76504,-3.46238],[-79.79136,-3.43278],[-79.79694,-3.41905],[-79.80854,-3.40591],[-79.80784,-3.38424],[-79.81743,-3.36589],[-79.83217,-3.362],[-79.85471,-3.36481],[-79.86345,-3.38011],[-79.88074,-3.3769],[-79.88449,-3.38271]]]},"properties":{"DPA_CANTON":"0712","DPA_DESCAN":"SANTA ROSA","DPA_PROVIN":"07","DPA_DESPRO":"EL ORO","a45i3_muy":274,"a45i3_alta":266,"a45i3_al_1":448,"a46i3_muy":7,"a46i3_alta":3,"a46i3_al_1":40,"a46i3_al_2":1780,"a46i3_al_3":0,"total":2818}},
{"type":"Feature","geometry":{"type":"Polygon","coordinates":[[[-79.47996,-3.31763],[-79.51445,-3.30765],[-79.55393,-3.31643],[-79.56933,-3.31471],[-79.58013,-3.32508],[-79.58477,-3.3375],[-79.56313,-3.35907],[-79.54896,-3.36453],[-79.55567,-3.38743],[-79.55374,-3.41989],[-79.54415,-3.43359],[-79.54796,-3.45641],[-79.53777,-3.47195],[-79.54704,-3.50718],[-79.53908,-3.53955],[-79.54317,-3.54743],[-79.57745,-3.53857],[-79.60072,-3.54141],[-79.61266,-3.5501],[-79.61806,-3.5735],[-79.64109,-3.60481],[-79.64936,-3.62157],[-79.65292,-3.64147],[-79.63754,-3.66742],[-79.64571,-3.67814],[-79.63343,-3.71124],[-79.61551,-3.70191],[-79.58978,-3.70383],[-79.58019,-3.70059],[-79.56177,-3.70397],[-79.55773,-3.71399],[-79.53377,-3.70606],[-79.51479,-3.69578],[-79.48461,-3.69142],[-79.46157,-3.6798],[-79.44778,-3.68036],[-79.41627,-3.67444],[-79.40489,-3.66718],[-79.37296,-3.68092],[-79.36634,-3.66011],[-79.36796,-3.64818],[-79.38029,-3.62807],[-79.39129,-3.62185],[-79.39705,-3.61005],[-79.41561,-3.607],[-79.42159,-3.58256],[-79.43138,-3.57962],[-79.44843,-3.59855],[-79.45436,-3.61052],[-79.47278,-3.62086],[-79.48235,-3.6361],[-79.49865,-3.60961],[-79.48229,-3.58807],[-79.47742,-3.56773],[-79.48205,-3.56091],[-79.48189,-3.53816],[-79.47431,-3.52402],[-79.48124,-3.51647],[-79.46953,-3.50286],[-79.45925,-3.49869],[-79.44421,-3.47039],[-79.42567,-3.45639],[-79.42213,-3.44333],[-79.43386,-3.42966],[-79.46128,-3.43149],[-79.4615,-3.42268],[-79.47471,-3.39741],[-79.46887,-3.36105],[-79.46027,-3.34268],[-79.46152,-3.33017],[-79.47996,-3.31763]]]},"properties":{"DPA_CANTON":"0713","DPA_DESCAN":"ZARUMA","DPA_PROVIN":"07","DPA_DESPRO":"EL ORO","a45i3_muy":0,"a45i3_alta":214,"a45i3_al_1":123,"a46i3_muy":0,"a46i3_alta":0,"a46i3_al_1":15,"a46i3_al_2":499,"a46i3_al_3":0,"total":851}},
{"type":"Feature","geometry":{"type":"Polygon","coordinates":[[[-79.9685,-3.72617],[-79.97625,-3.71161],[-80.00395,-3.71161],[-80.01684,-3.71762],[-80.02367,-3.70949],[-80.05454,-3.72242],[-80.05881,-3.7327],[-80.09278,-3.74318],[-80.11028,-3.75549],[-80.12355,-3.78139],[-80.13995,-3.78139],[-80.15319,-3.76678],[-80.16872,-3.77442],[-80.19305,-3.77442],[-80.16086,-3.80332],[-80.16302,-3.82804],[-80.15305,-3.84838],[-80.15884,-3.87011],[-80.135,-3.88896],[-80.12767,-3.88867],[-80.11136,-3.88457],[-80.06341,-3.88217],[-80.0418,-3.87254],[-80.03128,-3.87357],[-79.99823,-3.85613],[-79.986,-3.84228],[-79.99588,-3.82375],[-79.99363,-3.80858],[-80.00122,-3.78953],[-79.98622,-3.77563],[-79.98049,-3.75643],[-79.97127,-3.74468],[-79.9685,-3.72617]]]},"properties":{"DPA_CANTON":"0714","DPA_DESCAN":"LAS LAJAS","DPA_PROVIN":"07","DPA_DESPRO":"EL ORO","a45i3_muy":0,"a45i3_alta":39,"a45i3_al_1":35,"a46i3_muy":0,"a46i3_alta":0,"a46i3_al_1":0,"a46i3_al_2":110,"a46i3_al_3":0,"total":184}},
{"type":"Feature","geometry":{"type":"Polygon","coordinates":[[[-79.41237,0.57172],[-79.41409,0.58781],[-79.40651,0.60325],[-79.41806,0.61664],[-79.42542,0.63457],[-79.43839,0.63229],[-79.45048,0.64445],[-79.46776,0.65189],[-79.47569,0.67205],[-79.48609,0.67995],[-79.49312,0.70997],[-79.49376,0.74422],[-79.50062,0.75305],[-79.50285,0.7745],[-79.51109,0.78653],[-79.51298,0.80669],[-79.50347,0.82853],[-79.48959,0.81016],[-79.48345,0.82168],[-79.46429,0.83818],[-79.46492,0.84558],[-79.48263,0.85419],[-79.48186,0.87099],[-79.474,0.90014],[-79.47992,0.90753],[-79.47462,0.93184],[-79.46643,0.93867],[-79.46433,0.95279],[-79.4539,0.96381],[-79.45503,0.98721],[-79.4666,1.02183],[-79.4594,1.04965],[-79.55374,0.99372],[-79.58051,0.9873],[-79.60935,0.98512],[-79.65199,0.99412],[-79.70945,0.96839],[-79.73158,0.96693],[-79.74509,0.95991],[-79.73091,0.925],[-79.74598,0.91246],[-79.74978,0.89932],[-79.74507,0.88184],[-79.7531,0.87459],[-79.75569,0.8496],[-79.74715,0.82154],[-79.75967,0.80879],[-79.76097,0.79149],[-79.78515,0.7688],[-79.79484,0.74631],[-79.78587,0.73538],[-79.79346,0.70754],[-79.80714,0.70471],[-79.80795,0.68247],[-79.82237,0.66234],[-79.83248,0.6348],[-79.83276,0.61809],[-79.81269,0.60019],[-79.81361,0.58877],[-79.79543,0.57624],[-79.78618,0.58922],[-79.76459,0.59095],[-79.75898,0.60743],[-79.74268,0.5973],[-79.74056,0.58944],[-79.72684,0.60885],[-79.70301,0.62058],[-79.6886,0.61118],[-79.66771,0.62112],[-79.6516,0.62029],[-79.63941,0.63085],[-79.62557,0.62913],[-79.61332,0.63908],[-79.60506,0.65603],[-79.56573,0.67518],[-79.55043,0.67291],[-79.53816,0.66429],[-79.49238,0.644],[-79.48724,0.63044],[-79.47343,0.63062],[-79.46639,0.61477],[-79.44508,0.5873],[-79.43756,0.5709],[-79.42731,0.57629],[-79.41237,0.57172]]]},"properties":{"DPA_CANTON":"0801","DPA_DESCAN":"ESMERALDAS","DPA_PROVIN":"08","DPA_DESPRO":"ESMERALDAS","a45i3_muy":3593,"a45i3_alta":120,"a45i3_al_1":1489,"a46i3_muy":47,"a46i3_alta":0,"a46i3_al_1":195,"a46i3_al_2":7277,"a46i3_al_3":0,"total":12721}},
{"type":"Feature","geometry":{"type":"Polygon","coordinates":[[[-78.55734,0.49651],[-78.57409,0.49332],[-78.59228,0.50662],[-78.59412,0.5445],[-78.60341,0.55331],[-78.6012,0.57213],[-78.61132,0.58539],[-78.62583,0.58619],[-78.61958,0.60077],[-78.63205,0.60435],[-78.63982,0.62241],[-78.64271,0.64815],[-78.65257,0.64773],[-78.65981,0.66322],[-78.68196,0.67636],[-78.67857,0.69472],[-78.73383,0.75314],[-78.73152,0.76313],[-78.73968,0.78094],[-78.73049,0.81023],[-78.72168,0.82595],[-78.7228,0.84232],[-78.73894,0.85808],[-78.74724,0.84439],[-78.76386,0.84935],[-78.77344,0.84176],[-78.77643,0.86495],[-78.78691,0.88096],[-78.79794,0.88635],[-78.8118,0.88147],[-78.83103,0.89151],[-78.8441,0.89146],[-78.84101,0.90451],[-78.86648,0.91126],[-78.86315,0.92775],[-78.85139,0.93546],[-78.86402,0.94978],[-78.86399,0.98259],[-78.85348,0.97836],[-78.83908,0.9826],[-78.835,1.00648],[-78.82225,1.02144],[-78.83546,1.03112],[-78.83356,1.04477],[-78.84927,1.05331],[-78.86598,1.05606],[-78.8767,1.06298],[-78.89306,1.06448],[-78.90851,1.07184],[-78.91298,1.08482],[-78.92493,1.08104],[-78.92582,1.07009],[-78.93983,1.07146],[-78.95619,1.06678],[-78.96497,1.07022],[-78.97091,1.08466],[-78.98725,1.08694],[-78.97814,1.10289],[-78.98233,1.13226],[-78.9575,1.13542],[-78.95425,1.15169],[-78.96888,1.15581],[-78.96483,1.16795],[-78.94517,1.17236],[-78.95312,1.19074],[-78.93708,1.19379],[-78.95946,1.22056],[-78.93525,1.23911],[-78.93146,1.2583],[-78.92201,1.26189],[-78.91199,1.24371],[-78.89379,1.25427],[-78.89197,1.27234],[-78.88012,1.27484],[-78.88629,1.29192],[-78.87593,1.3021],[-78.8821,1.31555],[-78.88334,1.36093],[-78.89237,1.37791],[-78.90605,1.37634],[-78.93644,1.33862],[-78.97659,1.29688],[-78.98306,1.28157],[-79.00881,1.26979],[-79.02527,1.25343],[-79.04805,1.24043],[-79.05112,1.22173],[-79.0638,1.21094],[-79.09107,1.16795],[-79.1291,1.12324],[-79.154,1.10284],[-79.20962,1.08242],[-79.21547,1.06226],[-79.15326,1.03923],[-79.12059,1.01062],[-79.13197,1.00059],[-79.14198,0.98221],[-79.15233,0.95424],[-79.18136,0.95803],[-79.19595,0.94336],[-79.19424,0.93441],[-79.20394,0.92458],[-79.22081,0.91988],[-79.22685,0.9066],[-79.21219,0.90291],[-79.20774,0.87995],[-79.21808,0.85261],[-79.21077,0.85134],[-79.19246,0.83619],[-79.19312,0.82801],[-79.21337,0.80656],[-79.22767,0.80291],[-79.23346,0.79001],[-79.24641,0.78948],[-79.28223,0.74312],[-79.2924,0.72407],[-79.30085,0.71705],[-79.29878,0.68668],[-79.28608,0.67499],[-79.26908,0.67821],[-79.24385,0.622],[-79.23391,0.61888],[-79.23379,0.60589],[-79.21387,0.58982],[-79.21938,0.57871],[-79.23222,0.57552],[-79.22534,0.55159],[-79.23137,0.54665],[-79.22271,0.52187],[-79.19441,0.52128],[-79.18715,0.50107],[-79.17259,0.49866],[-79.16111,0.49053],[-79.15851,0.47704],[-79.1467,0.47509],[-79.14104,0.46526],[-79.12255,0.46353],[-79.11286,0.47061],[-79.06775,0.48973],[-79.04304,0.49211],[-79.04302,0.47996],[-79.03176,0.46662],[-79.01862,0.46503],[-79.02149,0.45345],[-79.01699,0.43527],[-79.00547,0.41836],[-79.00416,0.39476],[-79.01078,0.37727],[-79.03332,0.34712],[-79.04097,0.35154],[-79.05641,0.32283],[-79.04277,0.30317],[-79.02261,0.30693],[-78.9838,0.33122],[-78.95904,0.35154],[-78.94347,0.38202],[-78.911,0.40154],[-78.91101,0.36265],[-78.89533,0.368],[-78.89254,0.38624],[-78.87252,0.39867],[-78.85599,0.42486],[-78.83363,0.4356],[-78.8162,0.42621],[-78.81409,0.41797],[-78.79332,0.41025],[-78.78663,0.40143],[-78.7655,0.40779],[-78.74819,0.401],[-78.71776,0.40277],[-78.70603,0.3974],[-78.69924,0.38302],[-78.68075,0.37395],[-78.64843,0.38353],[-78.64132,0.39714],[-78.61706,0.41061],[-78.60677,0.45294],[-78.59234,0.46775],[-78.58215,0.46876],[-78.5603,0.48259],[-78.55734,0.49651]]]},"properties":{"DPA_CANTON":"0802","DPA_DESCAN":"ELOY ALFARO","DPA_PROVIN":"08","DPA_DESPRO":"ESMERALDAS","a45i3_muy":1340,"a45i3_alta":80,"a45i3_al_1":357,"a46i3_muy":12,"a46i3_alta":0,"a46i3_al_1":71,"a46i3_al_2":2572,"a46i3_al_3":0,"total":4432}},
{"type":"Feature","geometry":{"type":"Polygon","coordinates":[[[-79.98738,0.81742],[-80.01568,0.81898],[-80.06022,0.81571],[-80.08045,0.79265],[-80.0996,0.75242],[-80.0948,0.71994],[-80.10217,0.69539],[-80.10047,0.681],[-80.08685,0.6501],[-80.06841,0.65305],[-80.04484,0.63184],[-80.02696,0.60503],[-80.01411,0.57664],[-80.00294,0.5661],[-80.00973,0.55009],[-80.01126,0.53159],[-80.01886,0.5121],[-80.03117,0.5097],[-80.04182,0.49523],[-80.05537,0.46613],[-80.05039,0.46048],[-80.03996,0.43093],[-80.02525,0.41742],[-80.03409,0.40254],[-80.02613,0.37886],[-80.03002,0.37388],[-80.00582,0.35704],[-79.99486,0.34371],[-79.98798,0.2925],[-79.98078,0.27307],[-79.97111,0.26335],[-79.94538,0.26192],[-79.93174,0.25404],[-79.91863,0.2759],[-79.90367,0.27756],[-79.89525,0.31257],[-79.8855,0.32214],[-79.86426,0.31468],[-79.83214,0.32439],[-79.83084,0.33908],[-79.81929,0.35665],[-79.81865,0.37166],[-79.80613,0.38824],[-79.79532,0.38813],[-79.77882,0.39831],[-79.77298,0.41153],[-79.78874,0.41717],[-79.78177,0.42893],[-79.7912,0.4557],[-79.8066,0.46527],[-79.79987,0.47379],[-79.81555,0.51156],[-79.80554,0.52065],[-79.78882,0.51787],[-79.75547,0.5251],[-79.75382,0.54253],[-79.75844,0.55293],[-79.74056,0.58944],[-79.74268,0.5973],[-79.75898,0.60743],[-79.76459,0.59095],[-79.78618,0.58922],[-79.79543,0.57624],[-79.81361,0.58877],[-79.81269,0.60019],[-79.83276,0.61809],[-79.83248,0.6348],[-79.85834,0.67234],[-79.8747,0.66625],[-79.89806,0.66732],[-79.91911,0.68492],[-79.92184,0.70489],[-79.92721,0.70921],[-79.9363,0.73318],[-79.95618,0.73539],[-79.96239,0.72664],[-79.97412,0.72648],[-79.98367,0.74119],[-80.00949,0.72728],[-80.01458,0.73216],[-80.01294,0.74984],[-80.0059,0.76308],[-80.00624,0.7914],[-79.99167,0.79883],[-79.98738,0.81742]]]},"properties":{"DPA_CANTON":"0803","DPA_DESCAN":"MUISNE","DPA_PROVIN":"08","DPA_DESPRO":"ESMERALDAS","a45i3_muy":1338,"a45i3_alta":16,"a45i3_al_1":343,"a46i3_muy":15,"a46i3_alta":0,"a46i3_al_1":60,"a46i3_al_2":1954,"a46i3_al_3":0,"total":3726}},
{"type":"Feature","geometry":{"type":"Polygon","coordinates":[[[-79.41237,0.57172],[-79.42731,0.57629],[-79.43756,0.5709],[-79.44508,0.5873],[-79.46639,0.61477],[-79.47343,0.63062],[-79.48724,0.63044],[-79.49238,0.644],[-79.53816,0.66429],[-79.55043,0.67291],[-79.56573,0.67518],[-79.60506,0.65603],[-79.61332,0.63908],[-79.62557,0.62913],[-79.63941,0.63085],[-79.6516,0.62029],[-79.66771,0.62112],[-79.6886,0.61118],[-79.70301,0.62058],[-79.72684,0.60885],[-79.74056,0.58944],[-79.75844,0.55293],[-79.75382,0.54253],[-79.75547,0.5251],[-79.78882,0.51787],[-79.80554,0.52065],[-79.81555,0.51156],[-79.79987,0.47379],[-79.8066,0.46527],[-79.7912,0.4557],[-79.78177,0.42893],[-79.78874,0.41717],[-79.77298,0.41153],[-79.77882,0.39831],[-79.79532,0.38813],[-79.80613,0.38824],[-79.81865,0.37166],[-79.81929,0.35665],[-79.83084,0.33908],[-79.83214,0.32439],[-79.81716,0.33187],[-79.80521,0.36305],[-79.77947,0.37709],[-79.7623,0.38181],[-79.72872,0.37505],[-79.71677,0.36592],[-79.70566,0.34317],[-79.72067,0.32562],[-79.71653,0.30573],[-79.71808,0.29277],[-79.69749,0.28952],[-79.68654,0.2742],[-79.67328,0.27583],[-79.66601,0.26436],[-79.68646,0.22726],[-79.70479,0.21179],[-79.7101,0.18478],[-79.67703,0.16367],[-79.66533,0.17808],[-79.65204,0.16047],[-79.64056,0.15241],[-79.62773,0.15775],[-79.60892,0.13138],[-79.59851,0.12271],[-79.56936,0.11455],[-79.58024,0.10691],[-79.59191,0.08561],[-79.60286,0.08227],[-79.59721,0.06392],[-79.61644,0.05691],[-79.62377,0.04366],[-79.62297,0.01384],[-79.61203,0.00931],[-79.6124,-0.00807],[-79.60576,-0.02147],[-79.57993,-0.01835],[-79.55238,-0.02515],[-79.5157,-0.02648],[-79.47158,-0.03102],[-79.44864,-0.03968],[-79.44719,-0.02659],[-79.45593,-0.00188],[-79.44656,0.00467],[-79.42448,0.00482],[-79.42885,0.02341],[-79.40695,0.02589],[-79.36798,0.02242],[-79.37149,0.03281],[-79.3659,0.05657],[-79.35474,0.06742],[-79.3481,0.09665],[-79.33076,0.11864],[-79.3316,0.13792],[-79.32491,0.1562],[-79.31395,0.15789],[-79.30448,0.17965],[-79.32863,0.20907],[-79.34727,0.21145],[-79.35333,0.22775],[-79.36276,0.23636],[-79.35164,0.24631],[-79.319,0.25465],[-79.29575,0.26772],[-79.29143,0.2822],[-79.28185,0.28558],[-79.27902,0.30924],[-79.27304,0.32233],[-79.27204,0.3369],[-79.2585,0.34135],[-79.23186,0.33963],[-79.20605,0.34451],[-79.18859,0.34126],[-79.18242,0.34642],[-79.16345,0.34776],[-79.14362,0.3416],[-79.07981,0.3337],[-79.07037,0.3239],[-79.05641,0.32283],[-79.04097,0.35154],[-79.03332,0.34712],[-79.01078,0.37727],[-79.00416,0.39476],[-79.00547,0.41836],[-79.01699,0.43527],[-79.02149,0.45345],[-79.01862,0.46503],[-79.03176,0.46662],[-79.04302,0.47996],[-79.04304,0.49211],[-79.06775,0.48973],[-79.11286,0.47061],[-79.12255,0.46353],[-79.14104,0.46526],[-79.1467,0.47509],[-79.15851,0.47704],[-79.16111,0.49053],[-79.17259,0.49866],[-79.18715,0.50107],[-79.19441,0.52128],[-79.22271,0.52187],[-79.23137,0.54665],[-79.22534,0.55159],[-79.23222,0.57552],[-79.2463,0.59075],[-79.26065,0.59218],[-79.26553,0.58099],[-79.30019,0.58101],[-79.31213,0.57321],[-79.33524,0.59327],[-79.36352,0.59154],[-79.39383,0.59326],[-79.41237,0.57172]]]},"properties":{"DPA_CANTON":"0804","DPA_DESCAN":"QUININDÉ","DPA_PROVIN":"08","DPA_DESPRO":"ESMERALDAS","a45i3_muy":3920,"a45i3_alta":0,"a45i3_al_1":1142,"a46i3_muy":42,"a46i3_alta":0,"a46i3_al_1":161,"a46i3_al_2":5997,"a46i3_al_3":0,"total":11262}},
{"type":"Feature","geometry":{"type":"Polygon","coordinates":[[[-78.50876,1.18894],[-78.52087,1.21384],[-78.53951,1.22976],[-78.54518,1.24475],[-78.55412,1.2512],[-78.59344,1.23861],[-78.61443,1.24633],[-78.62745,1.26189],[-78.6493,1.27707],[-78.66275,1.3209],[-78.67513,1.3226],[-78.68509,1.33312],[-78.70281,1.33955],[-78.70969,1.35869],[-78.72081,1.3693],[-78.73172,1.36845],[-78.74703,1.37887],[-78.75888,1.39386],[-78.77948,1.39212],[-78.78257,1.40568],[-78.7961,1.41097],[-78.80223,1.42822],[-78.83537,1.44201],[-78.86869,1.46958],[-78.88282,1.44636],[-78.88342,1.41405],[-78.8912,1.39898],[-78.88601,1.38311],[-78.89237,1.37791],[-78.88334,1.36093],[-78.8821,1.31555],[-78.87593,1.3021],[-78.88629,1.29192],[-78.88012,1.27484],[-78.89197,1.27234],[-78.89379,1.25427],[-78.91199,1.24371],[-78.92201,1.26189],[-78.93146,1.2583],[-78.93525,1.23911],[-78.95946,1.22056],[-78.93708,1.19379],[-78.95312,1.19074],[-78.94517,1.17236],[-78.96483,1.16795],[-78.96888,1.15581],[-78.95425,1.15169],[-78.9575,1.13542],[-78.98233,1.13226],[-78.97814,1.10289],[-78.98725,1.08694],[-78.97091,1.08466],[-78.96497,1.07022],[-78.95619,1.06678],[-78.93983,1.07146],[-78.92582,1.07009],[-78.92493,1.08104],[-78.91298,1.08482],[-78.90851,1.07184],[-78.89306,1.06448],[-78.8767,1.06298],[-78.86598,1.05606],[-78.84927,1.05331],[-78.83356,1.04477],[-78.83546,1.03112],[-78.82225,1.02144],[-78.835,1.00648],[-78.83908,0.9826],[-78.85348,0.97836],[-78.86399,0.98259],[-78.86402,0.94978],[-78.85139,0.93546],[-78.86315,0.92775],[-78.86648,0.91126],[-78.84101,0.90451],[-78.8441,0.89146],[-78.83103,0.89151],[-78.8118,0.88147],[-78.79794,0.88635],[-78.78691,0.88096],[-78.77643,0.86495],[-78.77344,0.84176],[-78.76386,0.84935],[-78.74724,0.84439],[-78.73894,0.85808],[-78.7228,0.84232],[-78.72168,0.82595],[-78.73049,0.81023],[-78.73968,0.78094],[-78.73152,0.76313],[-78.73383,0.75314],[-78.67857,0.69472],[-78.68196,0.67636],[-78.65981,0.66322],[-78.65257,0.64773],[-78.64271,0.64815],[-78.63982,0.62241],[-78.63205,0.60435],[-78.61958,0.60077],[-78.62583,0.58619],[-78.61132,0.58539],[-78.6012,0.57213],[-78.60341,0.55331],[-78.59412,0.5445],[-78.59228,0.50662],[-78.57409,0.49332],[-78.55734,0.49651],[-78.55443,0.51628],[-78.51913,0.53056],[-78.50629,0.54367],[-78.49043,0.54507],[-78.46524,0.53201],[-78.45397,0.54132],[-78.44719,0.55685],[-78.43027,0.57204],[-78.42639,0.58593],[-78.43315,0.60831],[-78.46078,0.62881],[-78.46655,0.65102],[-78.47761,0.66611],[-78.4794,0.67847],[-78.49012,0.69152],[-78.49235,0.70587],[-78.50932,0.70897],[-78.52133,0.73092],[-78.51866,0.75711],[-78.53245,0.76816],[-78.50754,0.77502],[-78.49389,0.76733],[-78.46737,0.77383],[-78.45925,0.7831],[-78.44271,0.80581],[-78.44839,0.83768],[-78.45449,0.84252],[-78.45061,0.86295],[-78.4535,0.87599],[-78.46009,0.88377],[-78.48833,0.88676],[-78.49912,0.89407],[-78.52023,0.91798],[-78.5322,0.92303],[-78.53345,0.93233],[-78.54683,0.94158],[-78.53633,0.98056],[-78.5477,1.01096],[-78.54423,1.04531],[-78.51893,1.06832],[-78.50468,1.07191],[-78.50056,1.09056],[-78.50774,1.09563],[-78.50313,1.12846],[-78.50876,1.18894]]]},"properties":{"DPA_CANTON":"0805","DPA_DESCAN":"SAN LORENZO","DPA_PROVIN":"08","DPA_DESPRO":"ESMERALDAS","a45i3_muy":901,"a45i3_alta":302,"a45i3_al_1":471,"a46i3_muy":13,"a46i3_alta":3,"a46i3_al_1":68,"a46i3_al_2":2533,"a46i3_al_3":0,"total":4291}},
{"type":"Feature","geometry":{"type":"Polygon","coordinates":[[[-79.83248,0.6348],[-79.82237,0.66234],[-79.80795,0.68247],[-79.80714,0.70471],[-79.79346,0.70754],[-79.78587,0.73538],[-79.79484,0.74631],[-79.78515,0.7688],[-79.76097,0.79149],[-79.75967,0.80879],[-79.74715,0.82154],[-79.75569,0.8496],[-79.7531,0.87459],[-79.74507,0.88184],[-79.74978,0.89932],[-79.74598,0.91246],[-79.73091,0.925],[-79.74509,0.95991],[-79.7628,0.94054],[-79.77914,0.92778],[-79.80727,0.89598],[-79.86901,0.86399],[-79.88157,0.87155],[-79.90547,0.85269],[-79.9152,0.85478],[-79.94783,0.82911],[-79.98738,0.81742],[-79.99167,0.79883],[-80.00624,0.7914],[-80.0059,0.76308],[-80.01294,0.74984],[-80.01458,0.73216],[-80.00949,0.72728],[-79.98367,0.74119],[-79.97412,0.72648],[-79.96239,0.72664],[-79.95618,0.73539],[-79.9363,0.73318],[-79.92721,0.70921],[-79.92184,0.70489],[-79.91911,0.68492],[-79.89806,0.66732],[-79.8747,0.66625],[-79.85834,0.67234],[-79.83248,0.6348]]]},"properties":{"DPA_CANTON":"0806","DPA_DESCAN":"ATACAMES","DPA_PROVIN":"08","DPA_DESPRO":"ESMERALDAS","a45i3_muy":1589,"a45i3_alta":0,"a45i3_al_1":622,"a46i3_muy":13,"a46i3_alta":0,"a46i3_al_1":55,"a46i3_al_2":2591,"a46i3_al_3":0,"total":4870}},
{"type":"Feature","geometry":{"type":"Polygon","coordinates":[[[-79.20962,1.08242],[-79.25051,1.0729],[-79.25949,1.08721],[-79.29474,1.07774],[-79.30334,1.08229],[-79.34031,1.071],[-79.38347,1.07151],[-79.39273,1.08315],[-79.41596,1.07641],[-79.4594,1.04965],[-79.4666,1.02183],[-79.45503,0.98721],[-79.4539,0.96381],[-79.46433,0.95279],[-79.46643,0.93867],[-79.47462,0.93184],[-79.47992,0.90753],[-79.474,0.90014],[-79.48186,0.87099],[-79.48263,0.85419],[-79.46492,0.84558],[-79.46429,0.83818],[-79.48345,0.82168],[-79.48959,0.81016],[-79.50347,0.82853],[-79.51298,0.80669],[-79.51109,0.78653],[-79.50285,0.7745],[-79.50062,0.75305],[-79.49376,0.74422],[-79.49312,0.70997],[-79.48609,0.67995],[-79.47569,0.67205],[-79.46776,0.65189],[-79.45048,0.64445],[-79.43839,0.63229],[-79.42542,0.63457],[-79.41806,0.61664],[-79.40651,0.60325],[-79.41409,0.58781],[-79.41237,0.57172],[-79.39383,0.59326],[-79.36352,0.59154],[-79.33524,0.59327],[-79.31213,0.57321],[-79.30019,0.58101],[-79.26553,0.58099],[-79.26065,0.59218],[-79.2463,0.59075],[-79.23222,0.57552],[-79.21938,0.57871],[-79.21387,0.58982],[-79.23379,0.60589],[-79.23391,0.61888],[-79.24385,0.622],[-79.26908,0.67821],[-79.28608,0.67499],[-79.29878,0.68668],[-79.30085,0.71705],[-79.2924,0.72407],[-79.28223,0.74312],[-79.24641,0.78948],[-79.23346,0.79001],[-79.22767,0.80291],[-79.21337,0.80656],[-79.19312,0.82801],[-79.19246,0.83619],[-79.21077,0.85134],[-79.21808,0.85261],[-79.20774,0.87995],[-79.21219,0.90291],[-79.22685,0.9066],[-79.22081,0.91988],[-79.20394,0.92458],[-79.19424,0.93441],[-79.19595,0.94336],[-79.18136,0.95803],[-79.15233,0.95424],[-79.14198,0.98221],[-79.13197,1.00059],[-79.12059,1.01062],[-79.15326,1.03923],[-79.21547,1.06226],[-79.20962,1.08242]]]},"properties":{"DPA_CANTON":"0807","DPA_DESCAN":"RIOVERDE","DPA_PROVIN":"08","DPA_DESPRO":"ESMERALDAS","a45i3_muy":1091,"a45i3_alta":0,"a45i3_al_1":296,"a46i3_muy":16,"a46i3_alta":0,"a46i3_al_1":47,"a46i3_al_2":1824,"a46i3_al_3":0,"total":3274}},
{"type":"Feature","geometry":{"type":"MultiPolygon","coordinates":[[[[-79.76377,-3.06226],[-79.7454,-3.04516],[-79.73405,-3.00999],[-79.71355,-3.01525],[-79.71594,-2.9946],[-79.72924,-2.98251],[-79.74529,-2.98559],[-79.77132,-2.97105],[-79.77586,-2.95259],[-79.78661,-2.94386],[-79.79802,-2.95279],[-79.82456,-2.94617],[-79.8399,-2.97045],[-79.84905,-2.97519],[-79.84596,-2.99968],[-79.86983,-3.04874],[-79.87081,-3.05989],[-79.85533,-3.04849],[-79.83778,-3.05495],[-79.81553,-3.04996],[-79.77537,-3.0643],[-79.76377,-3.06226]]],[[[-80.03258,-2.67558],[-80.06381,-2.6797],[-80.07883,-2.68775],[-80.09272,-2.68653],[-80.11145,-2.69287],[-80.12375,-2.70685],[-80.15493,-2.71784],[-80.17467,-2.71955],[-80.18257,-2.72776],[-80.20315,-2.73018],[-80.2193,-2.73911],[-80.2175,-2.7605],[-80.22121,-2.77033],[-80.23496,-2.78329],[-80.25238,-2.82888],[-80.25741,-2.83128],[-80.25857,-2.85404],[-80.26298,-2.86203],[-80.26082,-2.90303],[-80.26208,-2.95596],[-80.26657,-2.98702],[-80.27394,-3.0049],[-80.2658,-3.00974],[-80.25736,-3.02686],[-80.23764,-3.03295],[-80.21146,-3.03458],[-80.19269,-3.04117],[-80.17068,-3.02762],[-80.16928,-3.01764],[-80.13982,-3.02297],[-80.12424,-3.02049],[-80.12392,-3.00875],[-80.0976,-2.97145],[-80.09391,-2.93347],[-80.08529,-2.93604],[-80.06562,-2.92805],[-80.04118,-2.88745],[-80.038,-2.87471],[-80.02277,-2.8473],[-80.00894,-2.83349],[-80.00214,-2.81656],[-79.9791,-2.8045],[-79.96598,-2.79376],[-79.93128,-2.79265],[-79.90648,-2.76831],[-79.89991,-2.74433],[-79.91929,-2.73105],[-79.9511,-2.71562],[-79.96761,-2.7118],[-79.98834,-2.69181],[-80.01414,-2.67884],[-80.03258,-2.67558]]],[[[-79.83965,-2.6595],[-79.83545,-2.65062],[-79.83496,-2.61257],[-79.81659,-2.55278],[-79.82563,-2.51943],[-79.83981,-2.48225],[-79.85179,-2.4739],[-79.85974,-2.49697],[-79.86353,-2.53983],[-79.88569,-2.62058],[-79.88917,-2.64776],[-79.85625,-2.66457],[-79.83965,-2.6595]]],[[[-79.79447,-2.53032],[-79.78393,-2.52025],[-79.8023,-2.49021],[-79.80501,-2.44842],[-79.81896,-2.41901],[-79.83685,-2.41205],[-79.8413,-2.45424],[-79.83284,-2.46673],[-79.82514,-2.49272],[-79.80414,-2.52558],[-79.79447,-2.53032]]],[[[-79.93801,-2.03128],[-79.95702,-2.01292],[-79.96784,-1.98673],[-79.99173,-1.9633],[-80,-1.97809],[-80.00166,-1.98158],[-80.00501,-1.98436],[-80.00673,-1.98931],[-80.03587,-1.99212],[-80.03165,-2.01444],[-80.04022,-2.0288],[-80.05168,-2.03771],[-80.07514,-2.03867],[-80.08097,-2.04956],[-80.10553,-2.05488],[-80.10598,-2.07072],[-80.11844,-2.07723],[-80.12673,-2.09907],[-80.13883,-2.11368],[-80.15071,-2.11934],[-80.16089,-2.10378],[-80.17939,-2.1107],[-80.18839,-2.10472],[-80.22738,-2.10211],[-80.2418,-2.10433],[-80.24456,-2.09864],[-80.25335,-2.10485],[-80.24412,-2.12829],[-80.25045,-2.15505],[-80.24065,-2.1673],[-80.23738,-2.18789],[-80.22574,-2.19249],[-80.20032,-2.21066],[-80.20786,-2.22518],[-80.21903,-2.23284],[-80.22826,-2.22983],[-80.23486,-2.25185],[-80.24538,-2.246],[-80.26351,-2.2441],[-80.26475,-2.26463],[-80.28336,-2.27361],[-80.28183,-2.30062],[-80.28894,-2.30451],[-80.28282,-2.3349],[-80.29972,-2.34278],[-80.30796,-2.33959],[-80.32903,-2.34691],[-80.35439,-2.34845],[-80.36055,-2.34257],[-80.37417,-2.34679],[-80.37345,-2.35889],[-80.38149,-2.36606],[-80.38025,-2.37885],[-80.39546,-2.37639],[-80.41029,-2.38573],[-80.42661,-2.38169],[-80.43113,-2.37459],[-80.44755,-2.37459],[-80.44645,-2.39762],[-80.46136,-2.41398],[-80.45933,-2.4359],[-80.45258,-2.4549],[-80.466,-2.47749],[-80.44939,-2.46706],[-80.42271,-2.4708],[-80.39752,-2.46585],[-80.38635,-2.48528],[-80.38924,-2.50282],[-80.38693,-2.5213],[-80.3774,-2.52315],[-80.37714,-2.58137],[-80.37297,-2.60662],[-80.36452,-2.61896],[-80.35482,-2.64116],[-80.35867,-2.67151],[-80.34792,-2.67373],[-80.31132,-2.70163],[-80.30915,-2.71733],[-80.28074,-2.73458],[-80.25843,-2.74296],[-80.24903,-2.73845],[-80.24121,-2.70673],[-80.25361,-2.68327],[-80.25758,-2.64787],[-80.23017,-2.63675],[-80.21543,-2.61957],[-80.21366,-2.60822],[-80.19752,-2.60005],[-80.1731,-2.59648],[-80.15928,-2.56674],[-80.14552,-2.56927],[-80.10715,-2.52888],[-80.08381,-2.49146],[-80.07838,-2.47448],[-80.06695,-2.46183],[-80.05402,-2.43163],[-80.0497,-2.40651],[-80.03282,-2.38998],[-80.02942,-2.36324],[-80.01352,-2.34235],[-79.98871,-2.3457],[-79.96913,-2.33599],[-79.96065,-2.32107],[-79.93625,-2.30035],[-79.90846,-2.30532],[-79.91698,-2.31702],[-79.93851,-2.31457],[-79.97416,-2.35981],[-79.98499,-2.36725],[-80.00442,-2.36421],[-80.00441,-2.38223],[-80.01083,-2.38677],[-80.01143,-2.40597],[-80.02598,-2.43482],[-80.02227,-2.44433],[-80.03201,-2.47241],[-80.03575,-2.49992],[-80.01637,-2.50727],[-80.0177,-2.53089],[-80.02347,-2.54574],[-80.03551,-2.55688],[-80.05137,-2.55495],[-80.06598,-2.56814],[-80.06181,-2.58026],[-80.06837,-2.59015],[-80.05848,-2.61281],[-80.03847,-2.61736],[-80.03051,-2.61386],[-79.98952,-2.65146],[-79.93766,-2.65556],[-79.93962,-2.61415],[-79.92712,-2.58961],[-79.918,-2.58996],[-79.89909,-2.57416],[-79.89185,-2.55265],[-79.88605,-2.52364],[-79.8793,-2.51122],[-79.87108,-2.4831],[-79.86552,-2.45325],[-79.85582,-2.43155],[-79.86106,-2.41249],[-79.85986,-2.39661],[-79.83326,-2.39541],[-79.81313,-2.41498],[-79.79746,-2.44768],[-79.79504,-2.48557],[-79.76965,-2.52108],[-79.76899,-2.53343],[-79.78435,-2.54309],[-79.79327,-2.56941],[-79.79497,-2.58961],[-79.80364,-2.61904],[-79.80164,-2.63801],[-79.78684,-2.64468],[-79.78601,-2.65278],[-79.75412,-2.64325],[-79.73464,-2.62775],[-79.72485,-2.61416],[-79.72349,-2.61277],[-79.72367,-2.59455],[-79.72738,-2.58452],[-79.72816,-2.57411],[-79.71992,-2.55948],[-79.72993,-2.54641],[-79.73576,-2.51324],[-79.75197,-2.4852],[-79.74824,-2.46522],[-79.77155,-2.45179],[-79.77876,-2.43868],[-79.76863,-2.42786],[-79.77792,-2.41046],[-79.77586,-2.38757],[-79.78261,-2.37732],[-79.77618,-2.35771],[-79.78471,-2.35233],[-79.77184,-2.33311],[-79.77583,-2.32479],[-79.80178,-2.32852],[-79.82448,-2.33943],[-79.83647,-2.33935],[-79.8369,-2.31169],[-79.84278,-2.2702],[-79.85996,-2.25435],[-79.88122,-2.22442],[-79.87952,-2.20748],[-79.86697,-2.18521],[-79.86651,-2.177],[-79.87729,-2.12937],[-79.87568,-2.11589],[-79.89298,-2.08381],[-79.89305,-2.06975],[-79.88333,-2.06113],[-79.88753,-2.0551],[-79.90821,-2.05303],[-79.93233,-2.06492],[-79.93909,-2.04782],[-79.93793,-2.03142],[-79.93801,-2.03128]]]]},"properties":{"DPA_CANTON":"0901","DPA_DESCAN":"GUAYAQUIL","DPA_PROVIN":"09","DPA_DESPRO":"GUAYAS","a45i3_muy":10599,"a45i3_alta":719,"a45i3_al_1":7530,"a46i3_muy":269,"a46i3_alta":19,"a46i3_al_1":1211,"a46i3_al_2":48587,"a46i3_al_3":0,"total":68934}},
{"type":"Feature","geometry":{"type":"Polygon","coordinates":[[[-79.45601,-1.9167],[-79.47804,-1.90873],[-79.48934,-1.88425],[-79.50256,-1.88709],[-79.51628,-1.88164],[-79.5556,-1.88555],[-79.56255,-1.89899],[-79.59574,-1.90767],[-79.60397,-1.90417],[-79.61999,-1.91294],[-79.63711,-1.89914],[-79.64819,-1.8992],[-79.64819,-1.92193],[-79.64848,-1.93178],[-79.65725,-1.9392],[-79.63765,-1.97826],[-79.60889,-1.98243],[-79.57757,-2.01671],[-79.55972,-2.02986],[-79.52193,-1.97152],[-79.52477,-1.99987],[-79.51375,-1.99408],[-79.50264,-1.99663],[-79.47666,-1.9843],[-79.44292,-1.93834],[-79.45601,-1.9167]]]},"properties":{"DPA_CANTON":"0902","DPA_DESCAN":"ALFREDO BAQUERIZO MORENO (JUJÁN)","DPA_PROVIN":"09","DPA_DESPRO":"GUAYAS","a45i3_muy":311,"a45i3_alta":0,"a45i3_al_1":219,"a46i3_muy":9,"a46i3_alta":0,"a46i3_al_1":26,"a46i3_al_2":1000,"a46i3_al_3":0,"total":1565}},
{"type":"Feature","geometry":{"type":"Polygon","coordinates":[[[-79.64525,-2.98948],[-79.63552,-2.9776],[-79.64585,-2.9561],[-79.63468,-2.95086],[-79.60827,-2.92101],[-79.59384,-2.91777],[-79.58575,-2.90182],[-79.60096,-2.90335],[-79.62014,-2.89893],[-79.62015,-2.89213],[-79.59493,-2.89556],[-79.56122,-2.89556],[-79.55077,-2.88954],[-79.55619,-2.87764],[-79.5917,-2.8766],[-79.60139,-2.85775],[-79.62225,-2.85452],[-79.64719,-2.84271],[-79.67032,-2.82485],[-79.67526,-2.80917],[-79.68424,-2.80652],[-79.70523,-2.81044],[-79.72259,-2.81871],[-79.75503,-2.81468],[-79.78928,-2.79047],[-79.81655,-2.79213],[-79.81942,-2.8273],[-79.81595,-2.84503],[-79.83475,-2.87443],[-79.85209,-2.89051],[-79.85402,-2.94099],[-79.85348,-2.97387],[-79.8399,-2.97045],[-79.82456,-2.94617],[-79.79802,-2.95279],[-79.78661,-2.94386],[-79.77586,-2.95259],[-79.77132,-2.97105],[-79.74529,-2.98559],[-79.72587,-2.97921],[-79.70945,-2.97312],[-79.68957,-2.9767],[-79.66995,-2.97151],[-79.64525,-2.98948]]]},"properties":{"DPA_CANTON":"0903","DPA_DESCAN":"BALAO","DPA_PROVIN":"09","DPA_DESPRO":"GUAYAS","a45i3_muy":422,"a45i3_alta":0,"a45i3_al_1":334,"a46i3_muy":3,"a46i3_alta":0,"a46i3_al_1":18,"a46i3_al_2":914,"a46i3_al_3":0,"total":1691}},
{"type":"Feature","geometry":{"type":"Polygon","coordinates":[[[-79.6511,-1.11426],[-79.66075,-1.11343],[-79.69257,-1.08796],[-79.7097,-1.09646],[-79.72422,-1.09577],[-79.73625,-1.08698],[-79.74556,-1.09994],[-79.7487,-1.11617],[-79.75974,-1.1113],[-79.79001,-1.11057],[-79.80372,-1.11715],[-79.83085,-1.10731],[-79.83033,-1.09327],[-79.84371,-1.08183],[-79.86151,-1.10002],[-79.8746,-1.10392],[-79.90362,-1.12665],[-79.90872,-1.13945],[-79.92765,-1.14646],[-79.9404,-1.15573],[-79.95521,-1.13859],[-79.96566,-1.14202],[-79.9646,-1.15664],[-79.97021,-1.16862],[-79.94962,-1.16799],[-79.95037,-1.17885],[-79.96326,-1.1854],[-79.97485,-1.17573],[-79.9863,-1.17636],[-79.9935,-1.19367],[-80.0108,-1.20495],[-80.02045,-1.24273],[-80.03784,-1.25392],[-80.03495,-1.27395],[-80.04717,-1.28737],[-80.06955,-1.29713],[-80.08997,-1.32309],[-80.09704,-1.32681],[-80.09906,-1.32629],[-80.10976,-1.32283],[-80.13754,-1.32412],[-80.15376,-1.36676],[-80.14216,-1.38071],[-80.14486,-1.40721],[-80.13044,-1.40882],[-80.12535,-1.41199],[-80.09363,-1.37997],[-80.08683,-1.36733],[-80.07056,-1.35278],[-80.03028,-1.36167],[-80.02637,-1.38085],[-80.02901,-1.39339],[-80.02228,-1.40134],[-80.04263,-1.44211],[-80.03525,-1.44972],[-80.01044,-1.45161],[-79.98793,-1.48545],[-79.99704,-1.4926],[-79.97196,-1.51071],[-79.96514,-1.50709],[-79.93822,-1.52773],[-79.90657,-1.52773],[-79.89932,-1.52316],[-79.89866,-1.50373],[-79.87894,-1.50963],[-79.87295,-1.50872],[-79.86985,-1.50361],[-79.87338,-1.49758],[-79.86811,-1.47643],[-79.87153,-1.45827],[-79.86471,-1.45035],[-79.8682,-1.43544],[-79.86105,-1.42146],[-79.84806,-1.38672],[-79.83068,-1.36834],[-79.81315,-1.35507],[-79.80277,-1.33986],[-79.79801,-1.32006],[-79.78776,-1.30041],[-79.77644,-1.29095],[-79.77893,-1.27917],[-79.76671,-1.27024],[-79.76423,-1.25993],[-79.75221,-1.24436],[-79.75838,-1.23638],[-79.74758,-1.21877],[-79.749,-1.19676],[-79.73665,-1.18039],[-79.71802,-1.17917],[-79.71672,-1.15508],[-79.68976,-1.15338],[-79.67135,-1.11406],[-79.66227,-1.12182],[-79.6511,-1.11426]]]},"properties":{"DPA_CANTON":"0904","DPA_DESCAN":"BALZAR","DPA_PROVIN":"09","DPA_DESPRO":"GUAYAS","a45i3_muy":1378,"a45i3_alta":0,"a45i3_al_1":674,"a46i3_muy":14,"a46i3_alta":0,"a46i3_al_1":55,"a46i3_al_2":2844,"a46i3_al_3":0,"total":4965}},
{"type":"Feature","geometry":{"type":"Polygon","coordinates":[[[-79.87538,-1.50991],[-79.87894,-1.50963],[-79.88055,-1.50743],[-79.88485,-1.50661],[-79.88712,-1.50358],[-79.89866,-1.50373],[-79.89932,-1.52316],[-79.90657,-1.52773],[-79.93822,-1.52773],[-79.96514,-1.50709],[-79.97196,-1.51071],[-79.99704,-1.4926],[-79.98793,-1.48545],[-80.01044,-1.45161],[-80.03525,-1.44972],[-80.04263,-1.44211],[-80.02228,-1.40134],[-80.02901,-1.39339],[-80.02637,-1.38085],[-80.03028,-1.36167],[-80.07056,-1.35278],[-80.08683,-1.36733],[-80.09363,-1.37997],[-80.12535,-1.41199],[-80.13044,-1.40882],[-80.15396,-1.40804],[-80.16977,-1.41611],[-80.19545,-1.42202],[-80.19213,-1.43525],[-80.19806,-1.44884],[-80.19776,-1.46263],[-80.19294,-1.47182],[-80.20413,-1.48233],[-80.20591,-1.49665],[-80.19777,-1.51459],[-80.1755,-1.52844],[-80.1927,-1.55082],[-80.22021,-1.57432],[-80.23536,-1.5742],[-80.24515,-1.56627],[-80.28202,-1.57074],[-80.25259,-1.61615],[-80.22363,-1.61615],[-80.22796,-1.62498],[-80.22011,-1.63591],[-80.22387,-1.64935],[-80.21667,-1.66648],[-80.20971,-1.66999],[-80.21058,-1.69296],[-80.19812,-1.68391],[-80.20137,-1.66871],[-80.1899,-1.66513],[-80.17377,-1.65201],[-80.15606,-1.65109],[-80.14989,-1.64612],[-80.14589,-1.64616],[-80.13905,-1.64585],[-80.12861,-1.64917],[-80.12742,-1.6474],[-80.10143,-1.62672],[-80.07039,-1.64668],[-80.03787,-1.63947],[-80.035,-1.6347],[-80.01188,-1.64044],[-80.00037,-1.63241],[-79.99162,-1.61763],[-79.98278,-1.62713],[-79.96432,-1.59065],[-79.91755,-1.59183],[-79.91,-1.55044],[-79.89066,-1.55044],[-79.88729,-1.54226],[-79.87482,-1.54226],[-79.8707,-1.5377],[-79.87538,-1.50991]]]},"properties":{"DPA_CANTON":"0905","DPA_DESCAN":"COLIMES","DPA_PROVIN":"09","DPA_DESPRO":"GUAYAS","a45i3_muy":504,"a45i3_alta":107,"a45i3_al_1":359,"a46i3_muy":7,"a46i3_alta":3,"a46i3_al_1":33,"a46i3_al_2":1148,"a46i3_al_3":0,"total":2161}},
{"type":"Feature","geometry":{"type":"Polygon","coordinates":[[[-79.8222,-1.90999],[-79.8348,-1.90909],[-79.85119,-1.89913],[-79.86247,-1.87357],[-79.86043,-1.8527],[-79.87113,-1.84214],[-79.87165,-1.82334],[-79.88596,-1.82601],[-79.90209,-1.80495],[-79.90815,-1.78279],[-79.89897,-1.77357],[-79.92722,-1.77357],[-79.94562,-1.78602],[-79.96215,-1.78888],[-79.97269,-1.78206],[-80.01451,-1.78496],[-80.03469,-1.79296],[-80.04891,-1.7843],[-80.05082,-1.79006],[-80.05631,-1.79415],[-80.06816,-1.82154],[-80.06345,-1.83806],[-80.05325,-1.85003],[-80.06375,-1.87049],[-80.04317,-1.88201],[-80.0192,-1.88898],[-80.0097,-1.88549],[-79.99431,-1.89183],[-80.00692,-1.91654],[-79.99861,-1.92978],[-80.00851,-1.93801],[-79.99719,-1.9632],[-80,-1.97809],[-79.99173,-1.9633],[-79.96784,-1.98673],[-79.95702,-2.01292],[-79.93801,-2.03128],[-79.93793,-2.03142],[-79.93909,-2.04782],[-79.93233,-2.06492],[-79.90821,-2.05303],[-79.88753,-2.0551],[-79.88333,-2.06113],[-79.87288,-2.06203],[-79.86399,-2.05333],[-79.8624,-2.02703],[-79.8487,-2.0164],[-79.84698,-1.98681],[-79.83267,-1.98823],[-79.82748,-1.97921],[-79.83479,-1.9608],[-79.83403,-1.94493],[-79.83889,-1.92955],[-79.81469,-1.92216],[-79.8222,-1.90999]]]},"properties":{"DPA_CANTON":"0906","DPA_DESCAN":"DAULE","DPA_PROVIN":"09","DPA_DESPRO":"GUAYAS","a45i3_muy":1742,"a45i3_alta":33,"a45i3_al_1":1316,"a46i3_muy":24,"a46i3_alta":0,"a46i3_al_1":115,"a46i3_al_2":4349,"a46i3_al_3":0,"total":7579}},
{"type":"Feature","geometry":{"type":"Polygon","coordinates":[[[-79.81768,-2.09652],[-79.83952,-2.08744],[-79.84947,-2.10033],[-79.84834,-2.14065],[-79.85258,-2.15508],[-79.86288,-2.16865],[-79.86697,-2.18521],[-79.87952,-2.20748],[-79.88122,-2.22442],[-79.85996,-2.25435],[-79.84278,-2.2702],[-79.8369,-2.31169],[-79.83647,-2.33935],[-79.82448,-2.33943],[-79.80178,-2.32852],[-79.77583,-2.32479],[-79.77184,-2.33311],[-79.73221,-2.30898],[-79.72717,-2.29659],[-79.71464,-2.28816],[-79.69701,-2.28775],[-79.67976,-2.27776],[-79.69086,-2.27091],[-79.68756,-2.23961],[-79.7033,-2.23584],[-79.69924,-2.21343],[-79.70309,-2.19284],[-79.71429,-2.19016],[-79.72353,-2.1982],[-79.76662,-2.14602],[-79.77922,-2.15531],[-79.79098,-2.13907],[-79.80333,-2.13931],[-79.82015,-2.12786],[-79.81768,-2.09652]]]},"properties":{"DPA_CANTON":"0907","DPA_DESCAN":"DURÁN","DPA_PROVIN":"09","DPA_DESPRO":"GUAYAS","a45i3_muy":876,"a45i3_alta":475,"a45i3_al_1":1067,"a46i3_muy":11,"a46i3_alta":16,"a46i3_al_1":120,"a46i3_al_2":6041,"a46i3_al_3":0,"total":8606}},
{"type":"Feature","geometry":{"type":"Polygon","coordinates":[[[-79.5276,-0.91507],[-79.51173,-0.86447],[-79.52501,-0.86158],[-79.53505,-0.84788],[-79.56052,-0.85186],[-79.57668,-0.84441],[-79.60761,-0.85327],[-79.61941,-0.85967],[-79.62963,-0.87737],[-79.64401,-0.88119],[-79.65275,-0.89647],[-79.66292,-0.90337],[-79.6706,-0.89134],[-79.68517,-0.90331],[-79.7051,-0.88321],[-79.73023,-0.88379],[-79.75373,-0.9305],[-79.77083,-0.94674],[-79.77442,-0.98011],[-79.7876,-0.97757],[-79.8005,-0.98955],[-79.79744,-1.0041],[-79.80454,-1.0102],[-79.8002,-1.02281],[-79.81242,-1.03335],[-79.81276,-1.04586],[-79.83342,-1.05016],[-79.84371,-1.08183],[-79.83033,-1.09327],[-79.83085,-1.10731],[-79.80372,-1.11715],[-79.79001,-1.11057],[-79.75974,-1.1113],[-79.7487,-1.11617],[-79.74556,-1.09994],[-79.73625,-1.08698],[-79.72422,-1.09577],[-79.7097,-1.09646],[-79.69257,-1.08796],[-79.66075,-1.11343],[-79.64934,-1.11126],[-79.63219,-1.0872],[-79.625,-1.08039],[-79.61668,-1.06405],[-79.59724,-1.072],[-79.57491,-1.04778],[-79.57791,-1.02821],[-79.57351,-1.0021],[-79.55753,-0.97915],[-79.53946,-0.97779],[-79.52463,-0.97169],[-79.54449,-0.95548],[-79.54696,-0.94259],[-79.5276,-0.91507]]]},"properties":{"DPA_CANTON":"0908","DPA_DESCAN":"EL EMPALME","DPA_PROVIN":"09","DPA_DESPRO":"GUAYAS","a45i3_muy":1903,"a45i3_alta":0,"a45i3_al_1":991,"a46i3_muy":22,"a46i3_alta":0,"a46i3_al_1":99,"a46i3_al_2":3707,"a46i3_al_3":0,"total":6722}},
{"type":"Feature","geometry":{"type":"Polygon","coordinates":[[[-79.14295,-2.21258],[-79.16905,-2.21506],[-79.22402,-2.21076],[-79.24301,-2.21939],[-79.25457,-2.21766],[-79.26531,-2.221],[-79.27565,-2.27994],[-79.28853,-2.28343],[-79.31764,-2.26277],[-79.343,-2.25767],[-79.343,-2.26745],[-79.36096,-2.27944],[-79.36989,-2.27444],[-79.41002,-2.28447],[-79.4273,-2.29704],[-79.45151,-2.2982],[-79.48862,-2.2965],[-79.52214,-2.27198],[-79.55508,-2.2556],[-79.56523,-2.26845],[-79.56625,-2.32555],[-79.58355,-2.3787],[-79.606,-2.3787],[-79.606,-2.40173],[-79.5914,-2.40569],[-79.53573,-2.4019],[-79.47437,-2.37303],[-79.47533,-2.38146],[-79.45969,-2.39519],[-79.44891,-2.39269],[-79.43512,-2.40151],[-79.41868,-2.37833],[-79.4314,-2.37935],[-79.43065,-2.35926],[-79.42005,-2.35955],[-79.41602,-2.33589],[-79.40175,-2.3431],[-79.39334,-2.35875],[-79.36724,-2.36035],[-79.34967,-2.36946],[-79.33597,-2.37153],[-79.33181,-2.38511],[-79.30633,-2.40102],[-79.27498,-2.38808],[-79.26373,-2.38949],[-79.26477,-2.37466],[-79.2461,-2.3498],[-79.23002,-2.34576],[-79.22456,-2.35382],[-79.19962,-2.33484],[-79.19326,-2.32256],[-79.19791,-2.31029],[-79.17537,-2.30379],[-79.17291,-2.28498],[-79.14295,-2.23478],[-79.14295,-2.21258]]]},"properties":{"DPA_CANTON":"0909","DPA_DESCAN":"EL TRIUNFO","DPA_PROVIN":"09","DPA_DESPRO":"GUAYAS","a45i3_muy":644,"a45i3_alta":0,"a45i3_al_1":638,"a46i3_muy":14,"a46i3_alta":0,"a46i3_al_1":46,"a46i3_al_2":1968,"a46i3_al_3":0,"total":3310}},
{"type":"Feature","geometry":{"type":"Polygon","coordinates":[[[-79.51972,-1.99976],[-79.52477,-1.99987],[-79.52193,-1.97152],[-79.55972,-2.02986],[-79.57757,-2.01671],[-79.60492,-1.98796],[-79.63912,-2.05944],[-79.65182,-2.07512],[-79.62931,-2.09425],[-79.65174,-2.1111],[-79.65468,-2.13358],[-79.66774,-2.14994],[-79.65341,-2.16561],[-79.6252,-2.17812],[-79.60985,-2.19405],[-79.60534,-2.20517],[-79.58005,-2.22446],[-79.55771,-2.23284],[-79.54432,-2.23281],[-79.53866,-2.2412],[-79.51953,-2.24523],[-79.51342,-2.23934],[-79.49747,-2.23142],[-79.49833,-2.15894],[-79.48068,-2.14987],[-79.47332,-2.13109],[-79.46079,-2.1311],[-79.46311,-2.10885],[-79.47421,-2.06278],[-79.48613,-2.05397],[-79.50295,-2.05116],[-79.5249,-2.03439],[-79.51972,-1.99976]]]},"properties":{"DPA_CANTON":"0910","DPA_DESCAN":"MILAGRO","DPA_PROVIN":"09","DPA_DESPRO":"GUAYAS","a45i3_muy":427,"a45i3_alta":1152,"a45i3_al_1":1580,"a46i3_muy":2,"a46i3_alta":25,"a46i3_al_1":120,"a46i3_al_2":5219,"a46i3_al_3":0,"total":8525}},
{"type":"Feature","geometry":{"type":"Polygon","coordinates":[[[-79.56978,-2.33594],[-79.58712,-2.32553],[-79.62015,-2.31438],[-79.6388,-2.29842],[-79.67777,-2.30141],[-79.70161,-2.29717],[-79.73221,-2.30898],[-79.77184,-2.33311],[-79.78471,-2.35233],[-79.77618,-2.35771],[-79.78261,-2.37732],[-79.77586,-2.38757],[-79.77792,-2.41046],[-79.76863,-2.42786],[-79.77876,-2.43868],[-79.77155,-2.45179],[-79.74824,-2.46522],[-79.75197,-2.4852],[-79.73576,-2.51324],[-79.72993,-2.54641],[-79.71992,-2.55948],[-79.72816,-2.57411],[-79.72738,-2.58452],[-79.72367,-2.59455],[-79.72349,-2.61277],[-79.72485,-2.61416],[-79.73464,-2.62775],[-79.75412,-2.64325],[-79.78601,-2.65278],[-79.79445,-2.6685],[-79.79044,-2.68851],[-79.79305,-2.73547],[-79.80557,-2.77794],[-79.8014,-2.78845],[-79.78928,-2.79047],[-79.75503,-2.81468],[-79.72259,-2.81871],[-79.70523,-2.81044],[-79.68424,-2.80652],[-79.67526,-2.80917],[-79.66128,-2.82064],[-79.63778,-2.81551],[-79.63104,-2.82375],[-79.61694,-2.81381],[-79.50294,-2.76774],[-79.4883,-2.69298],[-79.48697,-2.67785],[-79.46004,-2.65739],[-79.4731,-2.60757],[-79.45231,-2.60757],[-79.44052,-2.60318],[-79.425,-2.60678],[-79.425,-2.55577],[-79.42829,-2.5531],[-79.42829,-2.51804],[-79.41168,-2.52063],[-79.39749,-2.5169],[-79.3917,-2.52965],[-79.37919,-2.52965],[-79.39338,-2.49822],[-79.4188,-2.49799],[-79.43423,-2.50285],[-79.45289,-2.49858],[-79.47413,-2.50914],[-79.48848,-2.51095],[-79.50566,-2.49957],[-79.52234,-2.50535],[-79.52419,-2.48785],[-79.51284,-2.48644],[-79.48948,-2.46645],[-79.47695,-2.4645],[-79.46694,-2.44916],[-79.43627,-2.43868],[-79.42525,-2.43062],[-79.44812,-2.42007],[-79.43512,-2.40151],[-79.44891,-2.39269],[-79.45969,-2.39519],[-79.47533,-2.38146],[-79.47437,-2.37303],[-79.53573,-2.4019],[-79.5914,-2.40569],[-79.606,-2.40173],[-79.606,-2.3787],[-79.58355,-2.3787],[-79.56978,-2.33594]]]},"properties":{"DPA_CANTON":"0911","DPA_DESCAN":"NARANJAL","DPA_PROVIN":"09","DPA_DESPRO":"GUAYAS","a45i3_muy":1047,"a45i3_alta":0,"a45i3_al_1":710,"a46i3_muy":14,"a46i3_alta":0,"a46i3_al_1":70,"a46i3_al_2":2969,"a46i3_al_3":0,"total":4810}},
{"type":"Feature","geometry":{"type":"Polygon","coordinates":[[[-79.2807,-2.14549],[-79.28699,-2.14119],[-79.28813,-2.13563],[-79.29591,-2.12683],[-79.32984,-2.12318],[-79.33875,-2.102],[-79.3565,-2.08608],[-79.39053,-2.09036],[-79.4161,-2.09028],[-79.41129,-2.10896],[-79.41981,-2.10973],[-79.44028,-2.09448],[-79.45278,-2.10311],[-79.45691,-2.10103],[-79.46161,-2.10613],[-79.4612,-2.10885],[-79.4593,-2.11124],[-79.46097,-2.11346],[-79.4603,-2.12352],[-79.46079,-2.1311],[-79.47332,-2.13109],[-79.48068,-2.14987],[-79.49833,-2.15894],[-79.49747,-2.23142],[-79.47828,-2.22489],[-79.46137,-2.22839],[-79.43913,-2.20622],[-79.42139,-2.20522],[-79.39989,-2.18945],[-79.38921,-2.19167],[-79.37455,-2.18472],[-79.31155,-2.18091],[-79.28661,-2.18671],[-79.2807,-2.14549]]]},"properties":{"DPA_CANTON":"0912","DPA_DESCAN":"NARANJITO","DPA_PROVIN":"09","DPA_DESPRO":"GUAYAS","a45i3_muy":374,"a45i3_alta":0,"a45i3_al_1":356,"a46i3_muy":7,"a46i3_alta":0,"a46i3_al_1":29,"a46i3_al_2":1274,"a46i3_al_3":0,"total":2040}},
{"type":"Feature","geometry":{"type":"Polygon","coordinates":[[[-79.88787,-1.71732],[-79.88571,-1.71571],[-79.88257,-1.71563],[-79.87986,-1.71258],[-79.86632,-1.71549],[-79.86071,-1.69935],[-79.86565,-1.68484],[-79.87893,-1.67642],[-79.87827,-1.66358],[-79.86884,-1.65907],[-79.86768,-1.64504],[-79.85626,-1.63138],[-79.87132,-1.60186],[-79.8644,-1.58361],[-79.85555,-1.58006],[-79.85443,-1.56563],[-79.86381,-1.56448],[-79.87154,-1.55486],[-79.86866,-1.54299],[-79.88729,-1.54226],[-79.89066,-1.55044],[-79.91,-1.55044],[-79.91755,-1.59183],[-79.96432,-1.59065],[-79.98278,-1.62713],[-79.99162,-1.61763],[-80.00037,-1.63241],[-80.01188,-1.64044],[-79.99245,-1.6519],[-79.98735,-1.66872],[-79.94157,-1.68493],[-79.94593,-1.69929],[-79.92562,-1.71213],[-79.92289,-1.69893],[-79.90197,-1.69418],[-79.90018,-1.71396],[-79.88787,-1.71732]]]},"properties":{"DPA_CANTON":"0913","DPA_DESCAN":"PALESTINA","DPA_PROVIN":"09","DPA_DESPRO":"GUAYAS","a45i3_muy":297,"a45i3_alta":0,"a45i3_al_1":185,"a46i3_muy":4,"a46i3_alta":0,"a46i3_al_1":20,"a46i3_al_2":671,"a46i3_al_3":0,"total":1177}},
{"type":"Feature","geometry":{"type":"Polygon","coordinates":[[[-80.27168,-2.08197],[-80.27179,-2.07933],[-80.26901,-2.07476],[-80.26469,-2.06987],[-80.25666,-2.05607],[-80.25993,-2.04713],[-80.25461,-2.02634],[-80.25906,-2.0175],[-80.25529,-1.98134],[-80.26307,-1.96269],[-80.25583,-1.94275],[-80.23743,-1.94285],[-80.20516,-1.90857],[-80.2025,-1.89618],[-80.18491,-1.87418],[-80.16407,-1.86534],[-80.15003,-1.86798],[-80.15035,-1.83501],[-80.13623,-1.82488],[-80.11638,-1.79557],[-80.12602,-1.79329],[-80.13151,-1.77325],[-80.158,-1.7569],[-80.16075,-1.7357],[-80.16881,-1.73639],[-80.16256,-1.68391],[-80.15351,-1.6661],[-80.15322,-1.65811],[-80.14734,-1.65053],[-80.14589,-1.64616],[-80.14989,-1.64612],[-80.15606,-1.65109],[-80.17377,-1.65201],[-80.1899,-1.66513],[-80.20137,-1.66871],[-80.19812,-1.68391],[-80.21058,-1.69296],[-80.23926,-1.69347],[-80.26479,-1.6783],[-80.28835,-1.67914],[-80.29993,-1.68715],[-80.28292,-1.70301],[-80.29797,-1.70678],[-80.31308,-1.69034],[-80.32461,-1.69125],[-80.33497,-1.70625],[-80.33398,-1.72387],[-80.35117,-1.72314],[-80.36245,-1.73946],[-80.38258,-1.75178],[-80.39028,-1.77183],[-80.40545,-1.77453],[-80.41915,-1.78631],[-80.42577,-1.80842],[-80.41691,-1.81394],[-80.40749,-1.83149],[-80.4282,-1.83647],[-80.42757,-1.85451],[-80.43911,-1.85895],[-80.42994,-1.89539],[-80.43004,-1.92145],[-80.44042,-1.94314],[-80.43699,-1.95658],[-80.4174,-1.96983],[-80.41416,-1.98126],[-80.37181,-1.98757],[-80.36409,-1.99409],[-80.34174,-2.00125],[-80.34427,-2.01675],[-80.34017,-2.02882],[-80.32594,-2.04047],[-80.31353,-2.07488],[-80.29089,-2.09143],[-80.27881,-2.07825],[-80.27168,-2.08197]]]},"properties":{"DPA_CANTON":"0914","DPA_DESCAN":"PEDRO CARBO","DPA_PROVIN":"09","DPA_DESPRO":"GUAYAS","a45i3_muy":990,"a45i3_alta":0,"a45i3_al_1":703,"a46i3_muy":19,"a46i3_alta":0,"a46i3_al_1":53,"a46i3_al_2":2174,"a46i3_al_3":0,"total":3939}},
{"type":"Feature","geometry":{"type":"Polygon","coordinates":[[[-79.67102,-1.91011],[-79.67561,-1.9161],[-79.70635,-1.93345],[-79.71497,-1.94582],[-79.72335,-1.9258],[-79.76065,-1.90821],[-79.76866,-1.89075],[-79.80375,-1.86387],[-79.80939,-1.89048],[-79.82359,-1.89564],[-79.8222,-1.90999],[-79.81469,-1.92216],[-79.83889,-1.92955],[-79.83403,-1.94493],[-79.83479,-1.9608],[-79.82748,-1.97921],[-79.83267,-1.98823],[-79.84698,-1.98681],[-79.8487,-2.0164],[-79.8624,-2.02703],[-79.86399,-2.05333],[-79.87288,-2.06203],[-79.88333,-2.06113],[-79.89305,-2.06975],[-79.89298,-2.08381],[-79.87568,-2.11589],[-79.87729,-2.12937],[-79.86651,-2.177],[-79.86288,-2.16865],[-79.85258,-2.15508],[-79.84834,-2.14065],[-79.84947,-2.10033],[-79.83952,-2.08744],[-79.81768,-2.09652],[-79.79688,-2.09503],[-79.79081,-2.08634],[-79.80201,-2.07462],[-79.80773,-2.05556],[-79.80241,-2.03927],[-79.79342,-2.03252],[-79.76802,-2.03406],[-79.74454,-2.02913],[-79.71977,-2.03194],[-79.71461,-2.02852],[-79.6678,-2.02918],[-79.66177,-2.00811],[-79.67575,-1.99217],[-79.66551,-1.97379],[-79.67918,-1.95483],[-79.65725,-1.9392],[-79.64848,-1.93178],[-79.64819,-1.92193],[-79.65301,-1.92101],[-79.65637,-1.92314],[-79.66017,-1.91543],[-79.67102,-1.91011]]]},"properties":{"DPA_CANTON":"0916","DPA_DESCAN":"SAMBORONDÓN","DPA_PROVIN":"09","DPA_DESPRO":"GUAYAS","a45i3_muy":422,"a45i3_alta":158,"a45i3_al_1":539,"a46i3_muy":13,"a46i3_alta":3,"a46i3_al_1":52,"a46i3_al_2":1741,"a46i3_al_3":0,"total":2928}},
{"type":"Feature","geometry":{"type":"Polygon","coordinates":[[[-80.01188,-1.64044],[-80.035,-1.6347],[-80.03787,-1.63947],[-80.07039,-1.64668],[-80.10143,-1.62672],[-80.12861,-1.64917],[-80.14525,-1.64353],[-80.14589,-1.64616],[-80.14756,-1.64814],[-80.14734,-1.65053],[-80.15322,-1.65811],[-80.15351,-1.6661],[-80.16256,-1.68391],[-80.16881,-1.73639],[-80.16075,-1.7357],[-80.15263,-1.75771],[-80.13961,-1.74644],[-80.09825,-1.73595],[-80.08814,-1.7526],[-80.07145,-1.75941],[-80.06797,-1.7789],[-80.05355,-1.7836],[-80.0506,-1.7883],[-80.04891,-1.7843],[-80.03469,-1.79296],[-80.01451,-1.78496],[-79.97269,-1.78206],[-79.96215,-1.78888],[-79.94562,-1.78602],[-79.92722,-1.77357],[-79.89897,-1.77357],[-79.89931,-1.75563],[-79.89444,-1.73177],[-79.89555,-1.72571],[-79.88787,-1.71732],[-79.90018,-1.71396],[-79.90197,-1.69418],[-79.92289,-1.69893],[-79.92562,-1.71213],[-79.94593,-1.69929],[-79.94157,-1.68493],[-79.98735,-1.66872],[-79.99245,-1.6519],[-80.01188,-1.64044]]]},"properties":{"DPA_CANTON":"0918","DPA_DESCAN":"SANTA LUCÍA","DPA_PROVIN":"09","DPA_DESPRO":"GUAYAS","a45i3_muy":747,"a45i3_alta":0,"a45i3_al_1":596,"a46i3_muy":10,"a46i3_alta":0,"a46i3_al_1":34,"a46i3_al_2":1703,"a46i3_al_3":0,"total":3090}},
{"type":"Feature","geometry":{"type":"Polygon","coordinates":[[[-79.74748,-1.73764],[-79.77837,-1.72061],[-79.79402,-1.71946],[-79.81445,-1.70769],[-79.82451,-1.70845],[-79.83194,-1.693],[-79.82984,-1.68154],[-79.85533,-1.66483],[-79.83765,-1.65482],[-79.85274,-1.64418],[-79.86297,-1.64369],[-79.86884,-1.65907],[-79.87827,-1.66358],[-79.87893,-1.67642],[-79.86565,-1.68484],[-79.86071,-1.69935],[-79.86632,-1.71549],[-79.88571,-1.71571],[-79.88831,-1.71991],[-79.89155,-1.72321],[-79.89555,-1.72571],[-79.89931,-1.75563],[-79.89897,-1.77357],[-79.90815,-1.78279],[-79.90209,-1.80495],[-79.88596,-1.82601],[-79.87165,-1.82334],[-79.87113,-1.84214],[-79.86043,-1.8527],[-79.86247,-1.87357],[-79.85119,-1.89913],[-79.8348,-1.90909],[-79.8222,-1.90999],[-79.82359,-1.89564],[-79.80939,-1.89048],[-79.80375,-1.86387],[-79.76866,-1.89075],[-79.76065,-1.90821],[-79.72335,-1.9258],[-79.71497,-1.94582],[-79.70635,-1.93345],[-79.67561,-1.9161],[-79.67102,-1.91011],[-79.6701,-1.898],[-79.68311,-1.88158],[-79.6868,-1.86772],[-79.69881,-1.86888],[-79.71698,-1.85062],[-79.73184,-1.84059],[-79.72844,-1.8258],[-79.73037,-1.8091],[-79.74882,-1.78319],[-79.74338,-1.74611],[-79.74748,-1.73764]]]},"properties":{"DPA_CANTON":"0919","DPA_DESCAN":"SALITRE","DPA_PROVIN":"09","DPA_DESPRO":"GUAYAS","a45i3_muy":1233,"a45i3_alta":0,"a45i3_al_1":866,"a46i3_muy":17,"a46i3_alta":0,"a46i3_al_1":60,"a46i3_al_2":2575,"a46i3_al_3":0,"total":4751}},
{"type":"Feature","geometry":{"type":"Polygon","coordinates":[[[-79.60492,-1.98796],[-79.60889,-1.98243],[-79.63765,-1.97826],[-79.65725,-1.9392],[-79.67918,-1.95483],[-79.66551,-1.97379],[-79.67575,-1.99217],[-79.66177,-2.00811],[-79.6678,-2.02918],[-79.71461,-2.02852],[-79.71977,-2.03194],[-79.74454,-2.02913],[-79.76802,-2.03406],[-79.79342,-2.03252],[-79.80241,-2.03927],[-79.80773,-2.05556],[-79.80201,-2.07462],[-79.79081,-2.08634],[-79.79688,-2.09503],[-79.81768,-2.09652],[-79.82015,-2.12786],[-79.80333,-2.13931],[-79.79098,-2.13907],[-79.77922,-2.15531],[-79.76662,-2.14602],[-79.72353,-2.1982],[-79.71429,-2.19016],[-79.70309,-2.19284],[-79.69924,-2.21343],[-79.7033,-2.23584],[-79.68756,-2.23961],[-79.69086,-2.27091],[-79.67976,-2.27776],[-79.69701,-2.28775],[-79.71464,-2.28816],[-79.72717,-2.29659],[-79.73221,-2.30898],[-79.70161,-2.29717],[-79.67777,-2.30141],[-79.6388,-2.29842],[-79.62015,-2.31438],[-79.58712,-2.32553],[-79.56978,-2.33594],[-79.56625,-2.32555],[-79.56523,-2.26845],[-79.55508,-2.2556],[-79.52214,-2.27198],[-79.51342,-2.23934],[-79.51953,-2.24523],[-79.53866,-2.2412],[-79.54432,-2.23281],[-79.55771,-2.23284],[-79.58005,-2.22446],[-79.60534,-2.20517],[-79.60985,-2.19405],[-79.6252,-2.17812],[-79.65341,-2.16561],[-79.66774,-2.14994],[-79.65468,-2.13358],[-79.65174,-2.1111],[-79.62931,-2.09425],[-79.65182,-2.07512],[-79.63912,-2.05944],[-79.60492,-1.98796]]]},"properties":{"DPA_CANTON":"0920","DPA_DESCAN":"SAN JACINTO DE YAGUACHI","DPA_PROVIN":"09","DPA_DESPRO":"GUAYAS","a45i3_muy":834,"a45i3_alta":0,"a45i3_al_1":846,"a46i3_muy":11,"a46i3_alta":0,"a46i3_al_1":48,"a46i3_al_2":2547,"a46i3_al_3":0,"total":4286}},
{"type":"Feature","geometry":{"type":"Polygon","coordinates":[[[-80.36452,-2.61896],[-80.37297,-2.60662],[-80.37714,-2.58137],[-80.3774,-2.52315],[-80.38693,-2.5213],[-80.38924,-2.50282],[-80.38635,-2.48528],[-80.39752,-2.46585],[-80.42271,-2.4708],[-80.44939,-2.46706],[-80.46373,-2.48092],[-80.45974,-2.49137],[-80.47583,-2.49142],[-80.49241,-2.5003],[-80.52194,-2.48916],[-80.5406,-2.48929],[-80.55441,-2.49575],[-80.56355,-2.50677],[-80.49667,-2.57162],[-80.45036,-2.62884],[-80.43579,-2.64109],[-80.40971,-2.64461],[-80.39798,-2.63757],[-80.386,-2.64575],[-80.36446,-2.67401],[-80.32571,-2.70366],[-80.31132,-2.70163],[-80.34792,-2.67373],[-80.35867,-2.67151],[-80.35482,-2.64116],[-80.36452,-2.61896]]]},"properties":{"DPA_CANTON":"0921","DPA_DESCAN":"PLAYAS","DPA_PROVIN":"09","DPA_DESPRO":"GUAYAS","a45i3_muy":539,"a45i3_alta":0,"a45i3_al_1":710,"a46i3_muy":6,"a46i3_alta":0,"a46i3_al_1":31,"a46i3_al_2":1960,"a46i3_al_3":0,"total":3246}},
{"type":"Feature","geometry":{"type":"Polygon","coordinates":[[[-79.27369,-2.11212],[-79.27121,-2.1041],[-79.29135,-2.09745],[-79.31729,-2.08182],[-79.31724,-2.06311],[-79.33676,-2.02683],[-79.35551,-2.00357],[-79.35886,-1.9894],[-79.36956,-1.97189],[-79.39949,-1.96638],[-79.41145,-1.95532],[-79.40835,-1.94218],[-79.41864,-1.9384],[-79.44292,-1.93834],[-79.47666,-1.9843],[-79.50264,-1.99663],[-79.51972,-1.99976],[-79.5249,-2.03439],[-79.50295,-2.05116],[-79.48613,-2.05397],[-79.47421,-2.06278],[-79.46311,-2.10885],[-79.46161,-2.10613],[-79.4591,-2.10411],[-79.45693,-2.10454],[-79.45691,-2.10103],[-79.45278,-2.10311],[-79.44028,-2.09448],[-79.41981,-2.10973],[-79.41129,-2.10896],[-79.4161,-2.09028],[-79.39053,-2.09036],[-79.3565,-2.08608],[-79.33875,-2.102],[-79.32984,-2.12318],[-79.29591,-2.12683],[-79.29428,-2.13107],[-79.28813,-2.13563],[-79.28699,-2.14119],[-79.28274,-2.14141],[-79.2763,-2.14804],[-79.26723,-2.14105],[-79.28024,-2.12526],[-79.27369,-2.11212]]]},"properties":{"DPA_CANTON":"0922","DPA_DESCAN":"SIMÓN BOLÍVAR","DPA_PROVIN":"09","DPA_DESPRO":"GUAYAS","a45i3_muy":360,"a45i3_alta":0,"a45i3_al_1":312,"a46i3_muy":3,"a46i3_alta":0,"a46i3_al_1":27,"a46i3_al_2":1167,"a46i3_al_3":0,"total":1869}},
{"type":"Feature","geometry":{"type":"Polygon","coordinates":[[[-79.28661,-2.18671],[-79.31155,-2.18091],[-79.37455,-2.18472],[-79.38921,-2.19167],[-79.39989,-2.18945],[-79.42139,-2.20522],[-79.43913,-2.20622],[-79.46137,-2.22839],[-79.47828,-2.22489],[-79.49747,-2.23142],[-79.51342,-2.23934],[-79.52214,-2.27198],[-79.48862,-2.2965],[-79.45151,-2.2982],[-79.4273,-2.29704],[-79.41002,-2.28447],[-79.36989,-2.27444],[-79.36096,-2.27944],[-79.343,-2.26745],[-79.343,-2.25767],[-79.31764,-2.26277],[-79.28853,-2.28343],[-79.27565,-2.27994],[-79.26531,-2.221],[-79.25457,-2.21766],[-79.24834,-2.19635],[-79.28661,-2.18671]]]},"properties":{"DPA_CANTON":"0923","DPA_DESCAN":"CORONEL MARCELINO MARIDUEÑA","DPA_PROVIN":"09","DPA_DESPRO":"GUAYAS","a45i3_muy":0,"a45i3_alta":61,"a45i3_al_1":69,"a46i3_muy":0,"a46i3_alta":0,"a46i3_al_1":1,"a46i3_al_2":223,"a46i3_al_3":0,"total":354}},
{"type":"Feature","geometry":{"type":"Polygon","coordinates":[[[-80.0506,-1.7883],[-80.05355,-1.7836],[-80.06797,-1.7789],[-80.07145,-1.75941],[-80.07761,-1.77416],[-80.07697,-1.78727],[-80.08811,-1.79254],[-80.09365,-1.82031],[-80.09155,-1.83236],[-80.10556,-1.83988],[-80.11334,-1.86401],[-80.12351,-1.86325],[-80.12278,-1.90437],[-80.06027,-1.9073],[-80.05491,-1.88352],[-80.04914,-1.88107],[-80.06375,-1.87049],[-80.05325,-1.85003],[-80.06345,-1.83806],[-80.06816,-1.82154],[-80.05631,-1.79415],[-80.0506,-1.7883]]]},"properties":{"DPA_CANTON":"0924","DPA_DESCAN":"LOMAS DE SARGENTILLO","DPA_PROVIN":"09","DPA_DESPRO":"GUAYAS","a45i3_muy":285,"a45i3_alta":0,"a45i3_al_1":246,"a46i3_muy":4,"a46i3_alta":0,"a46i3_al_1":16,"a46i3_al_2":888,"a46i3_al_3":0,"total":1439}},
{"type":"Feature","geometry":{"type":"Polygon","coordinates":[[[-80.04317,-1.88201],[-80.04914,-1.88107],[-80.05491,-1.88352],[-80.06027,-1.9073],[-80.09404,-1.97661],[-80.11075,-1.98536],[-80.11022,-1.99915],[-80.09515,-2.00141],[-80.08972,-2.01528],[-80.0995,-2.02595],[-80.09582,-2.04226],[-80.09975,-2.05095],[-80.08097,-2.04956],[-80.07514,-2.03867],[-80.05168,-2.03771],[-80.04022,-2.0288],[-80.03165,-2.01444],[-80.03587,-1.99212],[-80.00673,-1.98931],[-80.00166,-1.98158],[-80.00268,-1.97676],[-80.00811,-1.97037],[-79.99719,-1.9632],[-80.00851,-1.93801],[-79.99861,-1.92978],[-80.00692,-1.91654],[-79.99431,-1.89183],[-80.0097,-1.88549],[-80.0192,-1.88898],[-80.04317,-1.88201]]]},"properties":{"DPA_CANTON":"0925","DPA_DESCAN":"NOBOL","DPA_PROVIN":"09","DPA_DESPRO":"GUAYAS","a45i3_muy":471,"a45i3_alta":0,"a45i3_al_1":516,"a46i3_muy":2,"a46i3_alta":0,"a46i3_al_1":23,"a46i3_al_2":1124,"a46i3_al_3":0,"total":2136}},
{"type":"Feature","geometry":{"type":"Polygon","coordinates":[[[-79.12699,-2.20271],[-79.13215,-2.17474],[-79.11665,-2.16266],[-79.11019,-2.14465],[-79.12166,-2.13705],[-79.11645,-2.12537],[-79.12729,-2.11773],[-79.16209,-2.12199],[-79.17553,-2.14587],[-79.21897,-2.12494],[-79.22826,-2.11768],[-79.23581,-2.104],[-79.24443,-2.11031],[-79.23854,-2.11573],[-79.2459,-2.12512],[-79.27246,-2.1132],[-79.28024,-2.12526],[-79.26723,-2.14105],[-79.2682,-2.14992],[-79.2763,-2.14804],[-79.2807,-2.14549],[-79.28661,-2.18671],[-79.24834,-2.19635],[-79.22198,-2.19936],[-79.19357,-2.19143],[-79.15767,-2.20338],[-79.12699,-2.20271]]]},"properties":{"DPA_CANTON":"0927","DPA_DESCAN":"GENERAL  ANTONIO ELIZALDE","DPA_PROVIN":"09","DPA_DESPRO":"GUAYAS","a45i3_muy":128,"a45i3_alta":0,"a45i3_al_1":101,"a46i3_muy":0,"a46i3_alta":0,"a46i3_al_1":8,"a46i3_al_2":336,"a46i3_al_3":0,"total":573}},
{"type":"Feature","geometry":{"type":"Polygon","coordinates":[[[-80.07145,-1.75941],[-80.08814,-1.7526],[-80.09825,-1.73595],[-80.13961,-1.74644],[-80.15263,-1.75771],[-80.13151,-1.77325],[-80.12602,-1.79329],[-80.11638,-1.79557],[-80.13623,-1.82488],[-80.15035,-1.83501],[-80.15003,-1.86798],[-80.16407,-1.86534],[-80.18491,-1.87418],[-80.2025,-1.89618],[-80.20516,-1.90857],[-80.23743,-1.94285],[-80.25583,-1.94275],[-80.26307,-1.96269],[-80.25529,-1.98134],[-80.25906,-2.0175],[-80.25461,-2.02634],[-80.25993,-2.04713],[-80.25666,-2.05607],[-80.26469,-2.06987],[-80.27179,-2.07933],[-80.26434,-2.09015],[-80.26425,-2.09504],[-80.25602,-2.10393],[-80.24456,-2.09864],[-80.2418,-2.10433],[-80.22738,-2.10211],[-80.18839,-2.10472],[-80.17939,-2.1107],[-80.16089,-2.10378],[-80.15071,-2.11934],[-80.13883,-2.11368],[-80.12673,-2.09907],[-80.11844,-2.07723],[-80.10598,-2.07072],[-80.10553,-2.05488],[-80.09975,-2.05095],[-80.09582,-2.04226],[-80.0995,-2.02595],[-80.08972,-2.01528],[-80.09515,-2.00141],[-80.11022,-1.99915],[-80.11075,-1.98536],[-80.09404,-1.97661],[-80.06027,-1.9073],[-80.12278,-1.90437],[-80.12351,-1.86325],[-80.11334,-1.86401],[-80.10556,-1.83988],[-80.09155,-1.83236],[-80.09365,-1.82031],[-80.08811,-1.79254],[-80.07697,-1.78727],[-80.07761,-1.77416],[-80.07145,-1.75941]]]},"properties":{"DPA_CANTON":"0928","DPA_DESCAN":"ISIDRO AYORA","DPA_PROVIN":"09","DPA_DESPRO":"GUAYAS","a45i3_muy":241,"a45i3_alta":0,"a45i3_al_1":189,"a46i3_muy":3,"a46i3_alta":0,"a46i3_al_1":22,"a46i3_al_2":597,"a46i3_al_3":0,"total":1052}},
{"type":"Feature","geometry":{"type":"Polygon","coordinates":[[[-78.4535,0.87599],[-78.45061,0.86295],[-78.45449,0.84252],[-78.44839,0.83768],[-78.44271,0.80581],[-78.45925,0.7831],[-78.45092,0.77771],[-78.45906,0.75738],[-78.44919,0.7413],[-78.43248,0.73872],[-78.41461,0.71924],[-78.39485,0.70705],[-78.37501,0.68103],[-78.35874,0.66627],[-78.33918,0.65499],[-78.31949,0.65964],[-78.28871,0.65295],[-78.27664,0.6427],[-78.27853,0.61657],[-78.24857,0.6044],[-78.24535,0.59654],[-78.26066,0.58309],[-78.26805,0.56508],[-78.24923,0.55885],[-78.24069,0.56672],[-78.23271,0.58531],[-78.21133,0.58953],[-78.19721,0.57219],[-78.17693,0.57792],[-78.17989,0.55652],[-78.18678,0.54486],[-78.18325,0.53586],[-78.15363,0.51557],[-78.16985,0.49228],[-78.1527,0.45778],[-78.13649,0.4585],[-78.12349,0.44628],[-78.13399,0.40204],[-78.14732,0.3797],[-78.14776,0.36194],[-78.1659,0.36383],[-78.17817,0.35906],[-78.18744,0.34612],[-78.1783,0.34056],[-78.19038,0.30902],[-78.18907,0.29171],[-78.18067,0.2698],[-78.18246,0.25936],[-78.16338,0.24561],[-78.12665,0.22644],[-78.14037,0.21907],[-78.12896,0.20586],[-78.13933,0.19086],[-78.12964,0.18695],[-78.1353,0.16999],[-78.14836,0.1588],[-78.1341,0.1527],[-78.10774,0.15849],[-78.09233,0.18633],[-78.04531,0.19084],[-78.03138,0.18825],[-78.02963,0.20221],[-78.03373,0.23638],[-78.02677,0.26305],[-78.03379,0.28655],[-78.01748,0.29273],[-78.01677,0.30823],[-78.01046,0.32693],[-77.98943,0.33866],[-77.98374,0.35122],[-77.9772,0.38643],[-77.96939,0.3994],[-77.96235,0.43312],[-77.97408,0.4418],[-77.99332,0.44876],[-77.9991,0.46428],[-78.0111,0.47356],[-78.074,0.47533],[-78.08979,0.47975],[-78.10483,0.49601],[-78.11146,0.52033],[-78.12787,0.52676],[-78.13053,0.55194],[-78.12533,0.57099],[-78.13872,0.58116],[-78.142,0.59128],[-78.13299,0.61028],[-78.14089,0.62534],[-78.1526,0.62625],[-78.16855,0.65959],[-78.18678,0.66883],[-78.19824,0.68642],[-78.20444,0.70355],[-78.20436,0.71809],[-78.23481,0.74508],[-78.25196,0.75321],[-78.26732,0.76733],[-78.26638,0.77905],[-78.29357,0.79426],[-78.3018,0.79236],[-78.32689,0.82009],[-78.34053,0.82371],[-78.34698,0.81664],[-78.36426,0.8256],[-78.38643,0.82509],[-78.40896,0.84494],[-78.42267,0.85309],[-78.4355,0.87299],[-78.4535,0.87599]]]},"properties":{"DPA_CANTON":"1001","DPA_DESCAN":"IBARRA","DPA_PROVIN":"10","DPA_DESPRO":"IMBABURA","a45i3_muy":781,"a45i3_alta":822,"a45i3_al_1":1026,"a46i3_muy":7,"a46i3_alta":8,"a46i3_al_1":85,"a46i3_al_2":3540,"a46i3_al_3":0,"total":6269}},
{"type":"Feature","geometry":{"type":"Polygon","coordinates":[[[-78.18246,0.25936],[-78.18067,0.2698],[-78.18907,0.29171],[-78.19038,0.30902],[-78.1783,0.34056],[-78.18744,0.34612],[-78.17817,0.35906],[-78.1659,0.36383],[-78.14776,0.36194],[-78.14732,0.3797],[-78.13399,0.40204],[-78.15314,0.39202],[-78.17108,0.39457],[-78.18985,0.3791],[-78.2151,0.37213],[-78.23502,0.35824],[-78.23147,0.35077],[-78.24,0.33844],[-78.24453,0.3051],[-78.24162,0.29125],[-78.22469,0.2885],[-78.21697,0.27929],[-78.197,0.27526],[-78.18246,0.25936]]]},"properties":{"DPA_CANTON":"1002","DPA_DESCAN":"ANTONIO ANTE","DPA_PROVIN":"10","DPA_DESPRO":"IMBABURA","a45i3_muy":323,"a45i3_alta":219,"a45i3_al_1":343,"a46i3_muy":7,"a46i3_alta":1,"a46i3_al_1":22,"a46i3_al_2":1176,"a46i3_al_3":0,"total":2091}},
{"type":"Feature","geometry":{"type":"Polygon","coordinates":[[[-78.2151,0.37213],[-78.23586,0.38439],[-78.26755,0.39726],[-78.27906,0.40652],[-78.2968,0.40668],[-78.30945,0.41639],[-78.32225,0.43603],[-78.32316,0.46944],[-78.35182,0.51102],[-78.36701,0.51655],[-78.3759,0.53652],[-78.3786,0.55578],[-78.3886,0.5677],[-78.41073,0.58224],[-78.42639,0.58593],[-78.43027,0.57204],[-78.44719,0.55685],[-78.45397,0.54132],[-78.46524,0.53201],[-78.49043,0.54507],[-78.50629,0.54367],[-78.51913,0.53056],[-78.55443,0.51628],[-78.55734,0.49651],[-78.5603,0.48259],[-78.58215,0.46876],[-78.59234,0.46775],[-78.60677,0.45294],[-78.61706,0.41061],[-78.64132,0.39714],[-78.64843,0.38353],[-78.68075,0.37395],[-78.69924,0.38302],[-78.70603,0.3974],[-78.71776,0.40277],[-78.74819,0.401],[-78.7655,0.40779],[-78.78663,0.40143],[-78.79332,0.41025],[-78.81409,0.41797],[-78.8162,0.42621],[-78.83363,0.4356],[-78.85599,0.42486],[-78.87252,0.39867],[-78.89254,0.38624],[-78.89533,0.368],[-78.91101,0.36265],[-78.911,0.40154],[-78.94347,0.38202],[-78.95904,0.35154],[-78.9838,0.33122],[-79.02261,0.30693],[-79.04277,0.30317],[-79.05641,0.32283],[-79.07037,0.3239],[-79.07981,0.3337],[-79.14362,0.3416],[-79.16345,0.34776],[-79.18242,0.34642],[-79.18859,0.34126],[-79.20605,0.34451],[-79.23186,0.33963],[-79.2585,0.34135],[-79.27204,0.3369],[-79.27304,0.32233],[-79.26747,0.31787],[-79.23397,0.32665],[-79.21425,0.31946],[-79.20533,0.32228],[-79.17876,0.31242],[-79.16069,0.31756],[-79.14987,0.3163],[-79.14409,0.31857],[-79.14158,0.32161],[-79.13342,0.32087],[-79.11365,0.30531],[-79.08464,0.30009],[-79.06822,0.30908],[-79.05931,0.3072],[-79.05648,0.29357],[-79.03112,0.29253],[-79.03144,0.28303],[-79.01434,0.26891],[-79.01653,0.23776],[-79.00772,0.22423],[-78.99187,0.21198],[-78.9783,0.21178],[-78.97145,0.22002],[-78.96376,0.21724],[-78.94769,0.20392],[-78.9287,0.21894],[-78.90933,0.21337],[-78.8808,0.22229],[-78.8695,0.23381],[-78.8336,0.24146],[-78.81115,0.23053],[-78.77703,0.24335],[-78.75387,0.24013],[-78.73503,0.22675],[-78.71844,0.21962],[-78.69929,0.21705],[-78.68861,0.22301],[-78.67474,0.21048],[-78.64954,0.21481],[-78.63545,0.20737],[-78.62499,0.21804],[-78.60741,0.23633],[-78.59475,0.23477],[-78.59247,0.25276],[-78.58188,0.2659],[-78.55086,0.26708],[-78.53235,0.28079],[-78.51341,0.28894],[-78.51824,0.30812],[-78.50926,0.31724],[-78.49048,0.32485],[-78.48626,0.31181],[-78.46588,0.32528],[-78.46049,0.33375],[-78.4465,0.334],[-78.42747,0.32295],[-78.41214,0.32835],[-78.40402,0.31129],[-78.39431,0.32315],[-78.38127,0.29418],[-78.3699,0.28203],[-78.34854,0.27628],[-78.32914,0.26236],[-78.30646,0.26442],[-78.27255,0.25969],[-78.26709,0.2729],[-78.25566,0.28214],[-78.24453,0.3051],[-78.24,0.33844],[-78.23147,0.35077],[-78.23502,0.35824],[-78.2151,0.37213]]]},"properties":{"DPA_CANTON":"1003","DPA_DESCAN":"COTACACHI","DPA_PROVIN":"10","DPA_DESPRO":"IMBABURA","a45i3_muy":622,"a45i3_alta":380,"a45i3_al_1":475,"a46i3_muy":10,"a46i3_alta":6,"a46i3_al_1":36,"a46i3_al_2":1740,"a46i3_al_3":0,"total":3269}},
{"type":"Feature","geometry":{"type":"Polygon","coordinates":[[[-78.24453,0.3051],[-78.25566,0.28214],[-78.26709,0.2729],[-78.27255,0.25969],[-78.30646,0.26442],[-78.32914,0.26236],[-78.34854,0.27628],[-78.3699,0.28203],[-78.38127,0.29418],[-78.39431,0.32315],[-78.40402,0.31129],[-78.41214,0.32835],[-78.42747,0.32295],[-78.4465,0.334],[-78.46049,0.33375],[-78.46588,0.32528],[-78.48626,0.31181],[-78.49048,0.32485],[-78.50926,0.31724],[-78.51824,0.30812],[-78.51341,0.28894],[-78.53235,0.28079],[-78.55086,0.26708],[-78.58188,0.2659],[-78.59247,0.25276],[-78.59475,0.23477],[-78.60741,0.23633],[-78.62499,0.21804],[-78.57561,0.22529],[-78.56553,0.22169],[-78.56218,0.20787],[-78.53586,0.20657],[-78.52415,0.21336],[-78.51928,0.22801],[-78.51016,0.22657],[-78.51016,0.24383],[-78.48838,0.26805],[-78.46635,0.25968],[-78.45727,0.2445],[-78.4456,0.20928],[-78.43258,0.1961],[-78.41575,0.21669],[-78.40236,0.24067],[-78.37653,0.25656],[-78.3563,0.24365],[-78.35398,0.23047],[-78.34388,0.23027],[-78.35084,0.21046],[-78.35816,0.20259],[-78.36653,0.17833],[-78.35498,0.17486],[-78.34323,0.19142],[-78.33068,0.19142],[-78.30693,0.18299],[-78.30005,0.1726],[-78.30104,0.15449],[-78.28515,0.15117],[-78.28995,0.13467],[-78.28291,0.12868],[-78.26682,0.13777],[-78.24256,0.12265],[-78.22896,0.12207],[-78.18556,0.13409],[-78.15552,0.14113],[-78.14836,0.1588],[-78.1353,0.16999],[-78.12964,0.18695],[-78.13933,0.19086],[-78.12896,0.20586],[-78.14037,0.21907],[-78.12665,0.22644],[-78.16338,0.24561],[-78.18246,0.25936],[-78.197,0.27526],[-78.21697,0.27929],[-78.22469,0.2885],[-78.24162,0.29125],[-78.24453,0.3051]]]},"properties":{"DPA_CANTON":"1004","DPA_DESCAN":"OTAVALO","DPA_PROVIN":"10","DPA_DESPRO":"IMBABURA","a45i3_muy":1637,"a45i3_alta":138,"a45i3_al_1":1014,"a46i3_muy":25,"a46i3_alta":0,"a46i3_al_1":59,"a46i3_al_2":3372,"a46i3_al_3":0,"total":6245}},
{"type":"Feature","geometry":{"type":"Polygon","coordinates":[[[-77.81104,0.35415],[-77.83444,0.34428],[-77.83796,0.35651],[-77.85323,0.36496],[-77.86698,0.3817],[-77.89677,0.38999],[-77.90721,0.39864],[-77.92372,0.40157],[-77.94488,0.43149],[-77.96235,0.43312],[-77.96939,0.3994],[-77.9772,0.38643],[-77.98374,0.35122],[-77.98943,0.33866],[-78.01046,0.32693],[-78.01677,0.30823],[-78.01748,0.29273],[-78.03379,0.28655],[-78.02677,0.26305],[-78.03373,0.23638],[-78.02963,0.20221],[-78.03138,0.18825],[-78.00189,0.17204],[-77.98424,0.17351],[-77.96724,0.16874],[-77.9652,0.1579],[-77.95691,0.15781],[-77.93876,0.1804],[-77.92395,0.18177],[-77.92576,0.19566],[-77.90474,0.20584],[-77.88606,0.19974],[-77.87047,0.20778],[-77.87232,0.21803],[-77.85206,0.24761],[-77.84764,0.25901],[-77.82918,0.27406],[-77.84532,0.27912],[-77.85046,0.30649],[-77.83622,0.31258],[-77.82395,0.32562],[-77.82045,0.3442],[-77.81104,0.35415]]]},"properties":{"DPA_CANTON":"1005","DPA_DESCAN":"PIMAMPIRO","DPA_PROVIN":"10","DPA_DESPRO":"IMBABURA","a45i3_muy":121,"a45i3_alta":36,"a45i3_al_1":105,"a46i3_muy":2,"a46i3_alta":1,"a46i3_al_1":8,"a46i3_al_2":320,"a46i3_al_3":0,"total":593}},
{"type":"Feature","geometry":{"type":"Polygon","coordinates":[[[-78.45925,0.7831],[-78.46737,0.77383],[-78.49389,0.76733],[-78.50754,0.77502],[-78.53245,0.76816],[-78.51866,0.75711],[-78.52133,0.73092],[-78.50932,0.70897],[-78.49235,0.70587],[-78.49012,0.69152],[-78.4794,0.67847],[-78.47761,0.66611],[-78.46655,0.65102],[-78.46078,0.62881],[-78.43315,0.60831],[-78.42639,0.58593],[-78.41073,0.58224],[-78.3886,0.5677],[-78.3786,0.55578],[-78.3759,0.53652],[-78.36701,0.51655],[-78.35182,0.51102],[-78.32316,0.46944],[-78.32225,0.43603],[-78.30945,0.41639],[-78.2968,0.40668],[-78.27906,0.40652],[-78.26755,0.39726],[-78.23586,0.38439],[-78.2151,0.37213],[-78.18985,0.3791],[-78.17108,0.39457],[-78.15314,0.39202],[-78.13399,0.40204],[-78.12349,0.44628],[-78.13649,0.4585],[-78.1527,0.45778],[-78.16985,0.49228],[-78.15363,0.51557],[-78.18325,0.53586],[-78.18678,0.54486],[-78.17989,0.55652],[-78.17693,0.57792],[-78.19721,0.57219],[-78.21133,0.58953],[-78.23271,0.58531],[-78.24069,0.56672],[-78.24923,0.55885],[-78.26805,0.56508],[-78.26066,0.58309],[-78.24535,0.59654],[-78.24857,0.6044],[-78.27853,0.61657],[-78.27664,0.6427],[-78.28871,0.65295],[-78.31949,0.65964],[-78.33918,0.65499],[-78.35874,0.66627],[-78.37501,0.68103],[-78.39485,0.70705],[-78.41461,0.71924],[-78.43248,0.73872],[-78.44919,0.7413],[-78.45906,0.75738],[-78.45092,0.77771],[-78.45925,0.7831]]]},"properties":{"DPA_CANTON":"1006","DPA_DESCAN":"SAN MIGUEL DE URCUQUÍ","DPA_PROVIN":"10","DPA_DESPRO":"IMBABURA","a45i3_muy":0,"a45i3_alta":252,"a45i3_al_1":167,"a46i3_muy":0,"a46i3_alta":2,"a46i3_al_1":7,"a46i3_al_2":498,"a46i3_al_3":0,"total":926}},
{"type":"Feature","geometry":{"type":"Polygon","coordinates":[[[-79.19529,-3.73062],[-79.20341,-3.71035],[-79.22114,-3.70744],[-79.21892,-3.69911],[-79.23287,-3.67975],[-79.24649,-3.6825],[-79.25441,-3.67262],[-79.26868,-3.67915],[-79.27922,-3.69025],[-79.28781,-3.68564],[-79.30767,-3.70029],[-79.30791,-3.71021],[-79.3177,-3.72081],[-79.32608,-3.7158],[-79.32773,-3.69903],[-79.34737,-3.6981],[-79.36156,-3.67826],[-79.37296,-3.68092],[-79.38358,-3.70237],[-79.39737,-3.70808],[-79.41598,-3.72569],[-79.40316,-3.7531],[-79.4064,-3.786],[-79.42875,-3.79421],[-79.43569,-3.8066],[-79.44894,-3.81305],[-79.47661,-3.8013],[-79.4926,-3.80104],[-79.50102,-3.78974],[-79.51688,-3.78839],[-79.54655,-3.7986],[-79.52753,-3.81665],[-79.52236,-3.82862],[-79.47871,-3.8488],[-79.46645,-3.85204],[-79.45344,-3.8776],[-79.45983,-3.89639],[-79.44747,-3.89564],[-79.43812,-3.88763],[-79.42098,-3.89473],[-79.4051,-3.91532],[-79.39837,-3.89221],[-79.36571,-3.88348],[-79.34923,-3.88629],[-79.34255,-3.90673],[-79.33015,-3.90639],[-79.31878,-3.92982],[-79.31822,-3.94681],[-79.33007,-3.96998],[-79.31122,-3.98595],[-79.28031,-3.99297],[-79.26067,-3.99383],[-79.25553,-4.01431],[-79.24343,-4.02631],[-79.22465,-4.06334],[-79.22903,-4.08646],[-79.22351,-4.10121],[-79.22533,-4.12284],[-79.23612,-4.13507],[-79.24644,-4.1348],[-79.25438,-4.14668],[-79.27047,-4.14586],[-79.28284,-4.15994],[-79.30434,-4.16631],[-79.30955,-4.17905],[-79.32456,-4.18603],[-79.32877,-4.19638],[-79.32771,-4.22425],[-79.34101,-4.24193],[-79.32815,-4.2729],[-79.33137,-4.27713],[-79.32413,-4.29353],[-79.33086,-4.30352],[-79.32348,-4.32169],[-79.33178,-4.34005],[-79.32399,-4.35377],[-79.31463,-4.35478],[-79.31104,-4.38041],[-79.31772,-4.40426],[-79.31163,-4.42362],[-79.3081,-4.45011],[-79.31575,-4.45698],[-79.30384,-4.46317],[-79.30984,-4.47785],[-79.30942,-4.49371],[-79.32399,-4.50854],[-79.31556,-4.51031],[-79.29664,-4.49277],[-79.29142,-4.47909],[-79.27163,-4.47366],[-79.26328,-4.48809],[-79.24838,-4.48259],[-79.2197,-4.49676],[-79.21047,-4.51101],[-79.18924,-4.47425],[-79.18152,-4.47868],[-79.16562,-4.47035],[-79.15941,-4.45221],[-79.14666,-4.44782],[-79.14342,-4.43465],[-79.12003,-4.42616],[-79.11085,-4.40492],[-79.11523,-4.39151],[-79.10936,-4.38016],[-79.10783,-4.35932],[-79.11373,-4.34333],[-79.10895,-4.33398],[-79.12102,-4.30834],[-79.10609,-4.28804],[-79.11454,-4.26693],[-79.10596,-4.2605],[-79.10683,-4.22894],[-79.10075,-4.21119],[-79.1063,-4.20678],[-79.10799,-4.18569],[-79.13516,-4.16122],[-79.14373,-4.16303],[-79.15799,-4.15118],[-79.15931,-4.1212],[-79.16274,-4.11485],[-79.15347,-4.06696],[-79.14452,-4.06148],[-79.13639,-4.03573],[-79.14601,-4.01754],[-79.14341,-3.97399],[-79.15013,-3.96309],[-79.14009,-3.95021],[-79.14832,-3.92529],[-79.14266,-3.90169],[-79.12911,-3.88877],[-79.13304,-3.86851],[-79.14555,-3.85459],[-79.14029,-3.84735],[-79.14349,-3.82144],[-79.15682,-3.81637],[-79.16044,-3.80475],[-79.1759,-3.79531],[-79.17808,-3.77056],[-79.19103,-3.75013],[-79.19529,-3.73062]]]},"properties":{"DPA_CANTON":"1101","DPA_DESCAN":"LOJA","DPA_PROVIN":"11","DPA_DESPRO":"LOJA","a45i3_muy":753,"a45i3_alta":591,"a45i3_al_1":675,"a46i3_muy":13,"a46i3_alta":0,"a46i3_al_1":64,"a46i3_al_2":3807,"a46i3_al_3":0,"total":5903}},
{"type":"Feature","geometry":{"type":"Polygon","coordinates":[[[-79.60801,-4.17585],[-79.61584,-4.17988],[-79.64083,-4.17929],[-79.6514,-4.17306],[-79.67572,-4.17203],[-79.68185,-4.17593],[-79.72377,-4.15094],[-79.72341,-4.17446],[-79.73266,-4.21411],[-79.75103,-4.21638],[-79.75452,-4.23049],[-79.74633,-4.24103],[-79.73482,-4.24046],[-79.72384,-4.25434],[-79.74348,-4.25551],[-79.75484,-4.27046],[-79.76984,-4.27797],[-79.75429,-4.28671],[-79.7467,-4.30061],[-79.7331,-4.30843],[-79.73468,-4.32194],[-79.74579,-4.32952],[-79.7296,-4.34715],[-79.73205,-4.36152],[-79.71836,-4.37149],[-79.71894,-4.39653],[-79.68904,-4.41487],[-79.68148,-4.42767],[-79.67849,-4.44842],[-79.65513,-4.43414],[-79.64484,-4.43368],[-79.61669,-4.44601],[-79.60259,-4.45602],[-79.57979,-4.48858],[-79.58066,-4.49824],[-79.55003,-4.5139],[-79.5442,-4.52587],[-79.52142,-4.52616],[-79.51407,-4.51628],[-79.50525,-4.49784],[-79.48235,-4.4814],[-79.48794,-4.46234],[-79.48703,-4.43226],[-79.44073,-4.40601],[-79.42591,-4.38065],[-79.43067,-4.36002],[-79.44025,-4.34662],[-79.43602,-4.32893],[-79.4671,-4.31544],[-79.47202,-4.29922],[-79.46982,-4.2851],[-79.48803,-4.29745],[-79.50016,-4.292],[-79.50542,-4.27199],[-79.52186,-4.27592],[-79.52491,-4.25916],[-79.54279,-4.24901],[-79.54593,-4.24043],[-79.56344,-4.24859],[-79.57754,-4.24687],[-79.5829,-4.21081],[-79.59099,-4.19148],[-79.60801,-4.17585]]]},"properties":{"DPA_CANTON":"1102","DPA_DESCAN":"CALVAS","DPA_PROVIN":"11","DPA_DESPRO":"LOJA","a45i3_muy":159,"a45i3_alta":217,"a45i3_al_1":100,"a46i3_muy":3,"a46i3_alta":2,"a46i3_al_1":17,"a46i3_al_2":703,"a46i3_al_3":0,"total":1201}},
{"type":"Feature","geometry":{"type":"Polygon","coordinates":[[[-79.54655,-3.7986],[-79.55945,-3.80308],[-79.57629,-3.79553],[-79.57178,-3.80022],[-79.58306,-3.8367],[-79.57454,-3.84544],[-79.55708,-3.88275],[-79.54322,-3.89931],[-79.54787,-3.91193],[-79.53313,-3.92808],[-79.53993,-3.94927],[-79.53696,-3.96977],[-79.52542,-3.98486],[-79.52278,-4.00084],[-79.52023,-4.02443],[-79.51206,-4.02947],[-79.48747,-4.0271],[-79.47604,-4.0296],[-79.45947,-4.02134],[-79.44424,-4.00258],[-79.42513,-4.003],[-79.39998,-4.01066],[-79.38047,-4.05556],[-79.35916,-4.06697],[-79.35746,-4.08632],[-79.34374,-4.09974],[-79.33227,-4.13425],[-79.34408,-4.15224],[-79.33369,-4.16044],[-79.32456,-4.18603],[-79.30955,-4.17905],[-79.30434,-4.16631],[-79.28284,-4.15994],[-79.27047,-4.14586],[-79.25438,-4.14668],[-79.24644,-4.1348],[-79.23612,-4.13507],[-79.22533,-4.12284],[-79.22351,-4.10121],[-79.22903,-4.08646],[-79.22465,-4.06334],[-79.24343,-4.02631],[-79.25553,-4.01431],[-79.26067,-3.99383],[-79.28031,-3.99297],[-79.31122,-3.98595],[-79.33007,-3.96998],[-79.31822,-3.94681],[-79.31878,-3.92982],[-79.33015,-3.90639],[-79.34255,-3.90673],[-79.34923,-3.88629],[-79.36571,-3.88348],[-79.39837,-3.89221],[-79.4051,-3.91532],[-79.42098,-3.89473],[-79.43812,-3.88763],[-79.44747,-3.89564],[-79.45983,-3.89639],[-79.45344,-3.8776],[-79.46645,-3.85204],[-79.47871,-3.8488],[-79.52236,-3.82862],[-79.52753,-3.81665],[-79.54655,-3.7986]]]},"properties":{"DPA_CANTON":"1103","DPA_DESCAN":"CATAMAYO","DPA_PROVIN":"11","DPA_DESPRO":"LOJA","a45i3_muy":154,"a45i3_alta":132,"a45i3_al_1":157,"a46i3_muy":3,"a46i3_alta":2,"a46i3_al_1":23,"a46i3_al_2":888,"a46i3_al_3":0,"total":1359}},
{"type":"Feature","geometry":{"type":"Polygon","coordinates":[[[-79.96959,-4.05729],[-79.99477,-4.07567],[-80.01047,-4.0525],[-80.02333,-4.07219],[-80.05238,-4.06879],[-80.05847,-4.08117],[-80.07639,-4.08281],[-80.0702,-4.11728],[-80.08583,-4.1252],[-80.0914,-4.14302],[-80.10554,-4.16692],[-80.12062,-4.17423],[-80.12766,-4.16144],[-80.14843,-4.14679],[-80.16546,-4.15552],[-80.17729,-4.16958],[-80.18008,-4.18004],[-80.1947,-4.18293],[-80.23712,-4.21543],[-80.22106,-4.2397],[-80.20293,-4.24709],[-80.19726,-4.26573],[-80.1885,-4.2649],[-80.1751,-4.2373],[-80.14102,-4.23779],[-80.11692,-4.23311],[-80.10678,-4.24119],[-80.12029,-4.26625],[-80.12999,-4.26783],[-80.12047,-4.27664],[-80.10208,-4.26522],[-80.07834,-4.261],[-80.06173,-4.24118],[-80.0406,-4.23146],[-80.02026,-4.23381],[-79.98739,-4.22769],[-79.97277,-4.23472],[-79.95901,-4.22832],[-79.95237,-4.21064],[-79.92838,-4.21515],[-79.9083,-4.21292],[-79.8845,-4.20479],[-79.8612,-4.17672],[-79.8614,-4.15612],[-79.84502,-4.14893],[-79.88033,-4.13629],[-79.90096,-4.11582],[-79.9003,-4.1088],[-79.91313,-4.07945],[-79.91885,-4.07353],[-79.95026,-4.07476],[-79.9584,-4.06051],[-79.96959,-4.05729]]]},"properties":{"DPA_CANTON":"1104","DPA_DESCAN":"CELICA","DPA_PROVIN":"11","DPA_DESPRO":"LOJA","a45i3_muy":0,"a45i3_alta":261,"a45i3_al_1":81,"a46i3_muy":0,"a46i3_alta":7,"a46i3_al_1":16,"a46i3_al_2":411,"a46i3_al_3":0,"total":776}},
{"type":"Feature","geometry":{"type":"Polygon","coordinates":[[[-79.57629,-3.79553],[-79.58387,-3.7907],[-79.60234,-3.76511],[-79.60736,-3.75236],[-79.61907,-3.75012],[-79.63265,-3.76355],[-79.64664,-3.77053],[-79.67021,-3.77286],[-79.68488,-3.78391],[-79.68547,-3.79673],[-79.70614,-3.82235],[-79.72072,-3.83071],[-79.74589,-3.83146],[-79.78553,-3.84451],[-79.80181,-3.84202],[-79.81143,-3.85051],[-79.79428,-3.86767],[-79.79166,-3.88516],[-79.77902,-3.91958],[-79.76112,-3.92115],[-79.74119,-3.91587],[-79.73285,-3.89996],[-79.72139,-3.90557],[-79.71343,-3.91851],[-79.70934,-3.94589],[-79.68348,-3.93314],[-79.67915,-3.93302],[-79.65739,-3.90538],[-79.63736,-3.9079],[-79.62323,-3.9017],[-79.60077,-3.91377],[-79.58694,-3.90159],[-79.55708,-3.88275],[-79.57454,-3.84544],[-79.58306,-3.8367],[-79.57178,-3.80022],[-79.57629,-3.79553]]]},"properties":{"DPA_CANTON":"1105","DPA_DESCAN":"CHAGUARPAMBA","DPA_PROVIN":"11","DPA_DESPRO":"LOJA","a45i3_muy":0,"a45i3_alta":85,"a45i3_al_1":40,"a46i3_muy":0,"a46i3_alta":0,"a46i3_al_1":0,"a46i3_al_2":165,"a46i3_al_3":0,"total":290}},
{"type":"Feature","geometry":{"type":"Polygon","coordinates":[[[-79.31575,-4.45698],[-79.32845,-4.44529],[-79.34566,-4.4509],[-79.3516,-4.43868],[-79.3513,-4.42412],[-79.36832,-4.41646],[-79.37392,-4.40729],[-79.38559,-4.41365],[-79.39796,-4.41208],[-79.40767,-4.40067],[-79.42326,-4.39899],[-79.44073,-4.40601],[-79.48703,-4.43226],[-79.48794,-4.46234],[-79.48235,-4.4814],[-79.50525,-4.49784],[-79.51407,-4.51628],[-79.48915,-4.52742],[-79.48472,-4.53679],[-79.47962,-4.57218],[-79.49344,-4.57805],[-79.48606,-4.6281],[-79.4696,-4.64112],[-79.46304,-4.65495],[-79.45751,-4.70135],[-79.44627,-4.7206],[-79.43279,-4.73415],[-79.42767,-4.7473],[-79.41436,-4.72155],[-79.40207,-4.72206],[-79.39294,-4.69328],[-79.39476,-4.6789],[-79.38089,-4.65729],[-79.35926,-4.6495],[-79.3533,-4.62572],[-79.33339,-4.60623],[-79.32742,-4.57773],[-79.33717,-4.5477],[-79.32783,-4.53179],[-79.32399,-4.50854],[-79.30942,-4.49371],[-79.30984,-4.47785],[-79.30384,-4.46317],[-79.31575,-4.45698]]]},"properties":{"DPA_CANTON":"1106","DPA_DESCAN":"ESPÍNDOLA","DPA_PROVIN":"11","DPA_DESPRO":"LOJA","a45i3_muy":0,"a45i3_alta":301,"a45i3_al_1":88,"a46i3_muy":0,"a46i3_alta":4,"a46i3_al_1":17,"a46i3_al_2":451,"a46i3_al_3":0,"total":861}},
{"type":"Feature","geometry":{"type":"Polygon","coordinates":[[[-79.32456,-4.18603],[-79.33369,-4.16044],[-79.34408,-4.15224],[-79.33227,-4.13425],[-79.34374,-4.09974],[-79.35746,-4.08632],[-79.35916,-4.06697],[-79.38047,-4.05556],[-79.39998,-4.01066],[-79.42513,-4.003],[-79.44424,-4.00258],[-79.45947,-4.02134],[-79.47604,-4.0296],[-79.48747,-4.0271],[-79.51206,-4.02947],[-79.52447,-4.05701],[-79.53715,-4.07767],[-79.54413,-4.07805],[-79.55963,-4.10182],[-79.57333,-4.10363],[-79.57434,-4.11453],[-79.5882,-4.13162],[-79.60135,-4.1681],[-79.60801,-4.17585],[-79.59099,-4.19148],[-79.5829,-4.21081],[-79.57754,-4.24687],[-79.56344,-4.24859],[-79.54593,-4.24043],[-79.54279,-4.24901],[-79.52491,-4.25916],[-79.52186,-4.27592],[-79.50542,-4.27199],[-79.50016,-4.292],[-79.48803,-4.29745],[-79.46982,-4.2851],[-79.46404,-4.26182],[-79.45784,-4.25859],[-79.41801,-4.26364],[-79.40683,-4.25163],[-79.39488,-4.24735],[-79.39057,-4.25817],[-79.37598,-4.26965],[-79.3737,-4.28424],[-79.3433,-4.28787],[-79.33137,-4.27713],[-79.32815,-4.2729],[-79.34101,-4.24193],[-79.32771,-4.22425],[-79.32877,-4.19638],[-79.32456,-4.18603]]]},"properties":{"DPA_CANTON":"1107","DPA_DESCAN":"GONZANAMÁ","DPA_PROVIN":"11","DPA_DESPRO":"LOJA","a45i3_muy":0,"a45i3_alta":159,"a45i3_al_1":69,"a46i3_muy":0,"a46i3_alta":1,"a46i3_al_1":3,"a46i3_al_2":273,"a46i3_al_3":0,"total":505}},
{"type":"Feature","geometry":{"type":"Polygon","coordinates":[[[-79.75095,-4.48376],[-79.75377,-4.46111],[-79.76328,-4.43917],[-79.78755,-4.40655],[-79.7858,-4.39732],[-79.79283,-4.36893],[-79.81999,-4.33924],[-79.83482,-4.34271],[-79.83757,-4.31578],[-79.86387,-4.29146],[-79.88001,-4.28531],[-79.87123,-4.27619],[-79.85979,-4.29102],[-79.84988,-4.27252],[-79.85795,-4.25662],[-79.86112,-4.22366],[-79.87238,-4.20844],[-79.8845,-4.20479],[-79.9083,-4.21292],[-79.92838,-4.21515],[-79.95237,-4.21064],[-79.95901,-4.22832],[-79.97277,-4.23472],[-79.98739,-4.22769],[-80.02026,-4.23381],[-80.0406,-4.23146],[-80.06173,-4.24118],[-80.07834,-4.261],[-80.10208,-4.26522],[-80.12047,-4.27664],[-80.12999,-4.26783],[-80.14215,-4.28583],[-80.13587,-4.29647],[-80.09722,-4.29444],[-80.06099,-4.311],[-80.05486,-4.3273],[-80.04059,-4.33571],[-80.03481,-4.34896],[-80.01409,-4.35736],[-80.00893,-4.36876],[-79.98827,-4.38111],[-79.97709,-4.37963],[-79.9593,-4.39555],[-79.92872,-4.39374],[-79.91939,-4.38586],[-79.884,-4.41027],[-79.8703,-4.41413],[-79.8571,-4.43338],[-79.85319,-4.45169],[-79.81229,-4.49128],[-79.79323,-4.49382],[-79.75095,-4.48376]]]},"properties":{"DPA_CANTON":"1108","DPA_DESCAN":"MACARÁ","DPA_PROVIN":"11","DPA_DESPRO":"LOJA","a45i3_muy":55,"a45i3_alta":158,"a45i3_al_1":96,"a46i3_muy":0,"a46i3_alta":1,"a46i3_al_1":9,"a46i3_al_2":468,"a46i3_al_3":0,"total":787}},
{"type":"Feature","geometry":{"type":"Polygon","coordinates":[[[-79.85366,-3.82451],[-79.87249,-3.82129],[-79.89408,-3.82765],[-79.93127,-3.8261],[-79.94272,-3.83219],[-79.95421,-3.82829],[-79.986,-3.84228],[-79.99823,-3.85613],[-79.9861,-3.8765],[-79.97058,-3.88665],[-79.95546,-3.888],[-79.94285,-3.89826],[-79.93837,-3.91053],[-79.91291,-3.93073],[-79.90945,-3.96209],[-79.89454,-3.99802],[-79.8806,-4.00183],[-79.87598,-4.02844],[-79.91573,-4.04012],[-79.9491,-4.02037],[-79.97109,-4.02732],[-79.97562,-4.04611],[-79.96959,-4.05729],[-79.9584,-4.06051],[-79.95026,-4.07476],[-79.91885,-4.07353],[-79.91313,-4.07945],[-79.9003,-4.1088],[-79.90096,-4.11582],[-79.88033,-4.13629],[-79.84502,-4.14893],[-79.83152,-4.13096],[-79.82346,-4.1349],[-79.80805,-4.11609],[-79.78883,-4.12343],[-79.78692,-4.13017],[-79.75611,-4.1417],[-79.72548,-4.14722],[-79.72377,-4.15094],[-79.68185,-4.17593],[-79.67572,-4.17203],[-79.6514,-4.17306],[-79.64083,-4.17929],[-79.61584,-4.17988],[-79.60801,-4.17585],[-79.60135,-4.1681],[-79.5882,-4.13162],[-79.57434,-4.11453],[-79.57333,-4.10363],[-79.55963,-4.10182],[-79.54413,-4.07805],[-79.53715,-4.07767],[-79.52447,-4.05701],[-79.51206,-4.02947],[-79.52023,-4.02443],[-79.52278,-4.00084],[-79.55905,-3.96973],[-79.57459,-3.97687],[-79.61699,-3.96119],[-79.6434,-3.97508],[-79.65932,-3.9574],[-79.66444,-3.94506],[-79.67925,-3.94506],[-79.68348,-3.93314],[-79.70934,-3.94589],[-79.71343,-3.91851],[-79.72139,-3.90557],[-79.73285,-3.89996],[-79.74119,-3.91587],[-79.76112,-3.92115],[-79.77902,-3.91958],[-79.79166,-3.88516],[-79.79428,-3.86767],[-79.81143,-3.85051],[-79.80181,-3.84202],[-79.81951,-3.8404],[-79.85366,-3.82451]]]},"properties":{"DPA_CANTON":"1109","DPA_DESCAN":"PALTAS","DPA_PROVIN":"11","DPA_DESPRO":"LOJA","a45i3_muy":42,"a45i3_alta":315,"a45i3_al_1":144,"a46i3_muy":0,"a46i3_alta":3,"a46i3_al_1":12,"a46i3_al_2":683,"a46i3_al_3":0,"total":1199}},
{"type":"Feature","geometry":{"type":"Polygon","coordinates":[[[-79.96959,-4.05729],[-79.97562,-4.04611],[-79.97109,-4.02732],[-79.9491,-4.02037],[-79.91573,-4.04012],[-79.87598,-4.02844],[-79.8806,-4.00183],[-79.89454,-3.99802],[-79.90945,-3.96209],[-79.91291,-3.93073],[-79.93837,-3.91053],[-79.94285,-3.89826],[-79.95546,-3.888],[-79.97058,-3.88665],[-79.9861,-3.8765],[-79.99823,-3.85613],[-80.03128,-3.87357],[-80.0418,-3.87254],[-80.06341,-3.88217],[-80.11136,-3.88457],[-80.12767,-3.88867],[-80.12679,-3.89478],[-80.14073,-3.91295],[-80.15815,-3.91288],[-80.17106,-3.92524],[-80.18553,-3.92796],[-80.18769,-3.9363],[-80.21539,-3.95571],[-80.22269,-3.95152],[-80.24066,-3.95639],[-80.24181,-3.96834],[-80.25409,-3.97958],[-80.26282,-3.99999],[-80.27246,-4.0079],[-80.29568,-4.01604],[-80.29392,-4.03662],[-80.27971,-4.03795],[-80.2706,-4.05785],[-80.25531,-4.061],[-80.24078,-4.05753],[-80.23304,-4.06411],[-80.19119,-4.04609],[-80.17227,-4.04862],[-80.16903,-4.04272],[-80.14119,-4.03038],[-80.12725,-4.02729],[-80.11075,-4.04113],[-80.09803,-4.0412],[-80.08902,-4.06139],[-80.06055,-4.04407],[-80.01946,-4.04026],[-80.01047,-4.0525],[-79.99477,-4.07567],[-79.96959,-4.05729]]]},"properties":{"DPA_CANTON":"1110","DPA_DESCAN":"PUYANGO","DPA_PROVIN":"11","DPA_DESPRO":"LOJA","a45i3_muy":83,"a45i3_alta":96,"a45i3_al_1":110,"a46i3_muy":0,"a46i3_alta":0,"a46i3_al_1":14,"a46i3_al_2":417,"a46i3_al_3":0,"total":720}},
{"type":"Feature","geometry":{"type":"Polygon","coordinates":[[[-79.30168,-3.3676],[-79.30515,-3.35758],[-79.32937,-3.34885],[-79.33435,-3.33981],[-79.38165,-3.3467],[-79.42281,-3.34167],[-79.46152,-3.33017],[-79.46027,-3.34268],[-79.46887,-3.36105],[-79.47471,-3.39741],[-79.4615,-3.42268],[-79.46128,-3.43149],[-79.43386,-3.42966],[-79.42213,-3.44333],[-79.42567,-3.45639],[-79.44421,-3.47039],[-79.45925,-3.49869],[-79.46953,-3.50286],[-79.48124,-3.51647],[-79.47431,-3.52402],[-79.48189,-3.53816],[-79.48205,-3.56091],[-79.47742,-3.56773],[-79.48229,-3.58807],[-79.49865,-3.60961],[-79.48235,-3.6361],[-79.47278,-3.62086],[-79.45436,-3.61052],[-79.44843,-3.59855],[-79.43138,-3.57962],[-79.42159,-3.58256],[-79.41561,-3.607],[-79.39705,-3.61005],[-79.39129,-3.62185],[-79.38029,-3.62807],[-79.36796,-3.64818],[-79.36634,-3.66011],[-79.37296,-3.68092],[-79.36156,-3.67826],[-79.34737,-3.6981],[-79.32773,-3.69903],[-79.32608,-3.7158],[-79.3177,-3.72081],[-79.30791,-3.71021],[-79.30767,-3.70029],[-79.28781,-3.68564],[-79.27922,-3.69025],[-79.26868,-3.67915],[-79.25441,-3.67262],[-79.24649,-3.6825],[-79.23287,-3.67975],[-79.21892,-3.69911],[-79.22114,-3.70744],[-79.20341,-3.71035],[-79.19529,-3.73062],[-79.19438,-3.72213],[-79.17592,-3.71104],[-79.16222,-3.71549],[-79.15732,-3.70202],[-79.15419,-3.69225],[-79.15767,-3.66308],[-79.13845,-3.66155],[-79.10664,-3.64535],[-79.11048,-3.63362],[-79.09513,-3.62499],[-79.11683,-3.60954],[-79.11805,-3.60147],[-79.13344,-3.59841],[-79.13958,-3.55845],[-79.13315,-3.54066],[-79.14386,-3.52082],[-79.15891,-3.50381],[-79.15604,-3.489],[-79.16055,-3.47153],[-79.17272,-3.46717],[-79.17972,-3.45707],[-79.18028,-3.4425],[-79.20846,-3.44892],[-79.22234,-3.46242],[-79.23146,-3.46246],[-79.25647,-3.47567],[-79.2768,-3.47662],[-79.28916,-3.46695],[-79.28969,-3.4578],[-79.30345,-3.42877],[-79.30261,-3.41215],[-79.30845,-3.39994],[-79.30168,-3.3676]]]},"properties":{"DPA_CANTON":"1111","DPA_DESCAN":"SARAGURO","DPA_PROVIN":"11","DPA_DESPRO":"LOJA","a45i3_muy":425,"a45i3_alta":89,"a45i3_al_1":178,"a46i3_muy":3,"a46i3_alta":1,"a46i3_al_1":18,"a46i3_al_2":864,"a46i3_al_3":0,"total":1578}},
{"type":"Feature","geometry":{"type":"Polygon","coordinates":[[[-79.72377,-4.15094],[-79.72548,-4.14722],[-79.75611,-4.1417],[-79.78692,-4.13017],[-79.78883,-4.12343],[-79.80805,-4.11609],[-79.82346,-4.1349],[-79.83152,-4.13096],[-79.84502,-4.14893],[-79.8614,-4.15612],[-79.8612,-4.17672],[-79.8845,-4.20479],[-79.87238,-4.20844],[-79.86112,-4.22366],[-79.85795,-4.25662],[-79.84988,-4.27252],[-79.85979,-4.29102],[-79.87123,-4.27619],[-79.88001,-4.28531],[-79.86387,-4.29146],[-79.83757,-4.31578],[-79.83482,-4.34271],[-79.81999,-4.33924],[-79.79283,-4.36893],[-79.7858,-4.39732],[-79.78755,-4.40655],[-79.76328,-4.43917],[-79.75377,-4.46111],[-79.75095,-4.48376],[-79.71996,-4.46809],[-79.70819,-4.4721],[-79.67849,-4.44842],[-79.68148,-4.42767],[-79.68904,-4.41487],[-79.71894,-4.39653],[-79.71836,-4.37149],[-79.73205,-4.36152],[-79.7296,-4.34715],[-79.74579,-4.32952],[-79.73468,-4.32194],[-79.7331,-4.30843],[-79.7467,-4.30061],[-79.75429,-4.28671],[-79.76984,-4.27797],[-79.75484,-4.27046],[-79.74348,-4.25551],[-79.72384,-4.25434],[-79.73482,-4.24046],[-79.74633,-4.24103],[-79.75452,-4.23049],[-79.75103,-4.21638],[-79.73266,-4.21411],[-79.72341,-4.17446],[-79.72377,-4.15094]]]},"properties":{"DPA_CANTON":"1112","DPA_DESCAN":"SOZORANGA","DPA_PROVIN":"11","DPA_DESPRO":"LOJA","a45i3_muy":0,"a45i3_alta":137,"a45i3_al_1":39,"a46i3_muy":0,"a46i3_alta":0,"a46i3_al_1":4,"a46i3_al_2":197,"a46i3_al_3":0,"total":377}},
{"type":"Feature","geometry":{"type":"Polygon","coordinates":[[[-80.29568,-4.01604],[-80.32419,-4.01103],[-80.33886,-3.99232],[-80.35362,-3.99456],[-80.36664,-3.98176],[-80.37502,-3.9893],[-80.38912,-3.98927],[-80.39858,-3.98121],[-80.41262,-3.99146],[-80.43017,-3.98945],[-80.44653,-3.99688],[-80.45091,-4.03095],[-80.46805,-4.03419],[-80.4768,-4.06744],[-80.47534,-4.08124],[-80.48635,-4.08229],[-80.47692,-4.10278],[-80.44907,-4.12905],[-80.44914,-4.20885],[-80.43488,-4.19609],[-80.41921,-4.20225],[-80.40905,-4.21742],[-80.38783,-4.20203],[-80.37189,-4.1975],[-80.35505,-4.2185],[-80.33999,-4.20857],[-80.32937,-4.22299],[-80.35265,-4.25831],[-80.36775,-4.27008],[-80.36774,-4.28221],[-80.38529,-4.29115],[-80.41233,-4.31687],[-80.42672,-4.33579],[-80.42941,-4.35172],[-80.4532,-4.38201],[-80.44911,-4.39241],[-80.45345,-4.40698],[-80.44965,-4.44274],[-80.43839,-4.45641],[-80.41956,-4.46008],[-80.40189,-4.47019],[-80.38783,-4.48681],[-80.38166,-4.47733],[-80.36239,-4.4795],[-80.35705,-4.47332],[-80.33101,-4.46518],[-80.32322,-4.45414],[-80.31275,-4.45241],[-80.29064,-4.43416],[-80.2956,-4.4263],[-80.28639,-4.40971],[-80.27453,-4.404],[-80.26635,-4.41146],[-80.24843,-4.39311],[-80.22377,-4.37935],[-80.21713,-4.36475],[-80.21961,-4.35497],[-80.20471,-4.34964],[-80.19855,-4.33715],[-80.18591,-4.33465],[-80.18566,-4.31666],[-80.17944,-4.30094],[-80.15702,-4.30436],[-80.14215,-4.28583],[-80.12999,-4.26783],[-80.12029,-4.26625],[-80.10678,-4.24119],[-80.11692,-4.23311],[-80.14102,-4.23779],[-80.1751,-4.2373],[-80.1885,-4.2649],[-80.19726,-4.26573],[-80.20293,-4.24709],[-80.22106,-4.2397],[-80.23712,-4.21543],[-80.1947,-4.18293],[-80.18008,-4.18004],[-80.17729,-4.16958],[-80.18645,-4.16659],[-80.19715,-4.12964],[-80.19869,-4.10553],[-80.20773,-4.09609],[-80.21162,-4.07252],[-80.23304,-4.06411],[-80.24078,-4.05753],[-80.25531,-4.061],[-80.2706,-4.05785],[-80.27971,-4.03795],[-80.29392,-4.03662],[-80.29568,-4.01604]]]},"properties":{"DPA_CANTON":"1113","DPA_DESCAN":"ZAPOTILLO","DPA_PROVIN":"11","DPA_DESPRO":"LOJA","a45i3_muy":0,"a45i3_alta":239,"a45i3_al_1":111,"a46i3_muy":0,"a46i3_alta":3,"a46i3_al_1":17,"a46i3_al_2":398,"a46i3_al_3":0,"total":768}},
{"type":"Feature","geometry":{"type":"Polygon","coordinates":[[[-80.01047,-4.0525],[-80.01946,-4.04026],[-80.06055,-4.04407],[-80.08902,-4.06139],[-80.09803,-4.0412],[-80.11075,-4.04113],[-80.12725,-4.02729],[-80.14119,-4.03038],[-80.16903,-4.04272],[-80.17227,-4.04862],[-80.19119,-4.04609],[-80.23304,-4.06411],[-80.21162,-4.07252],[-80.20773,-4.09609],[-80.19869,-4.10553],[-80.19715,-4.12964],[-80.18645,-4.16659],[-80.17729,-4.16958],[-80.16546,-4.15552],[-80.14843,-4.14679],[-80.12766,-4.16144],[-80.12062,-4.17423],[-80.10554,-4.16692],[-80.0914,-4.14302],[-80.08583,-4.1252],[-80.0702,-4.11728],[-80.07639,-4.08281],[-80.05847,-4.08117],[-80.05238,-4.06879],[-80.02333,-4.07219],[-80.01047,-4.0525]]]},"properties":{"DPA_CANTON":"1114","DPA_DESCAN":"PINDAL","DPA_PROVIN":"11","DPA_DESPRO":"LOJA","a45i3_muy":0,"a45i3_alta":167,"a45i3_al_1":82,"a46i3_muy":0,"a46i3_alta":1,"a46i3_al_1":7,"a46i3_al_2":324,"a46i3_al_3":0,"total":581}},
{"type":"Feature","geometry":{"type":"Polygon","coordinates":[[[-79.33137,-4.27713],[-79.3433,-4.28787],[-79.3737,-4.28424],[-79.37598,-4.26965],[-79.39057,-4.25817],[-79.39488,-4.24735],[-79.40683,-4.25163],[-79.41801,-4.26364],[-79.45784,-4.25859],[-79.46404,-4.26182],[-79.46982,-4.2851],[-79.47202,-4.29922],[-79.4671,-4.31544],[-79.43602,-4.32893],[-79.44025,-4.34662],[-79.43067,-4.36002],[-79.42591,-4.38065],[-79.44073,-4.40601],[-79.42326,-4.39899],[-79.40767,-4.40067],[-79.39796,-4.41208],[-79.38559,-4.41365],[-79.37392,-4.40729],[-79.36832,-4.41646],[-79.3513,-4.42412],[-79.3516,-4.43868],[-79.34566,-4.4509],[-79.32845,-4.44529],[-79.31575,-4.45698],[-79.3081,-4.45011],[-79.31163,-4.42362],[-79.31772,-4.40426],[-79.31104,-4.38041],[-79.31463,-4.35478],[-79.32399,-4.35377],[-79.33178,-4.34005],[-79.32348,-4.32169],[-79.33086,-4.30352],[-79.32413,-4.29353],[-79.33137,-4.27713]]]},"properties":{"DPA_CANTON":"1115","DPA_DESCAN":"QUILANGA","DPA_PROVIN":"11","DPA_DESPRO":"LOJA","a45i3_muy":0,"a45i3_alta":37,"a45i3_al_1":28,"a46i3_muy":0,"a46i3_alta":0,"a46i3_al_1":4,"a46i3_al_2":85,"a46i3_al_3":0,"total":154}},
{"type":"Feature","geometry":{"type":"Polygon","coordinates":[[[-79.52278,-4.00084],[-79.52542,-3.98486],[-79.53696,-3.96977],[-79.53993,-3.94927],[-79.53313,-3.92808],[-79.54787,-3.91193],[-79.54322,-3.89931],[-79.55708,-3.88275],[-79.58694,-3.90159],[-79.60077,-3.91377],[-79.62323,-3.9017],[-79.63736,-3.9079],[-79.65739,-3.90538],[-79.67915,-3.93302],[-79.68348,-3.93314],[-79.67925,-3.94506],[-79.66444,-3.94506],[-79.65932,-3.9574],[-79.6434,-3.97508],[-79.61699,-3.96119],[-79.57459,-3.97687],[-79.55905,-3.96973],[-79.52278,-4.00084]]]},"properties":{"DPA_CANTON":"1116","DPA_DESCAN":"OLMEDO","DPA_PROVIN":"11","DPA_DESPRO":"LOJA","a45i3_muy":0,"a45i3_alta":71,"a45i3_al_1":24,"a46i3_muy":0,"a46i3_alta":1,"a46i3_al_1":6,"a46i3_al_2":136,"a46i3_al_3":0,"total":238}},
{"type":"Feature","geometry":{"type":"Polygon","coordinates":[[[-79.35565,-1.63774],[-79.36831,-1.65002],[-79.37648,-1.6401],[-79.41449,-1.62671],[-79.42753,-1.6365],[-79.43409,-1.6483],[-79.45948,-1.65898],[-79.46398,-1.67061],[-79.47494,-1.674],[-79.49309,-1.67148],[-79.51813,-1.68267],[-79.54047,-1.67702],[-79.56559,-1.68575],[-79.59467,-1.70033],[-79.61177,-1.70893],[-79.61558,-1.74107],[-79.63,-1.76258],[-79.63382,-1.78321],[-79.62592,-1.79175],[-79.62971,-1.84271],[-79.63543,-1.86301],[-79.66128,-1.85953],[-79.66817,-1.87796],[-79.65903,-1.89163],[-79.6701,-1.898],[-79.67102,-1.91011],[-79.66017,-1.91543],[-79.65637,-1.92314],[-79.65301,-1.92101],[-79.64819,-1.92193],[-79.64819,-1.8992],[-79.63711,-1.89914],[-79.61999,-1.91294],[-79.60397,-1.90417],[-79.59574,-1.90767],[-79.56255,-1.89899],[-79.5556,-1.88555],[-79.51628,-1.88164],[-79.50256,-1.88709],[-79.48934,-1.88425],[-79.47804,-1.90873],[-79.45601,-1.9167],[-79.44292,-1.93834],[-79.41864,-1.9384],[-79.40835,-1.94218],[-79.41145,-1.95532],[-79.39949,-1.96638],[-79.36956,-1.97189],[-79.35886,-1.9894],[-79.35551,-2.00357],[-79.33676,-2.02683],[-79.31724,-2.06311],[-79.31729,-2.08182],[-79.29135,-2.09745],[-79.27121,-2.1041],[-79.27369,-2.11212],[-79.2459,-2.12512],[-79.23854,-2.11573],[-79.24443,-2.11031],[-79.24443,-2.10307],[-79.23581,-2.104],[-79.23156,-2.10817],[-79.21464,-2.11321],[-79.20544,-2.10849],[-79.20935,-2.09433],[-79.18805,-2.07694],[-79.22662,-2.07656],[-79.2476,-2.0483],[-79.26452,-2.03363],[-79.26752,-2.00166],[-79.25333,-2.00461],[-79.24016,-1.99117],[-79.24016,-1.98171],[-79.25603,-1.97824],[-79.25603,-1.94104],[-79.29003,-1.8994],[-79.30997,-1.88745],[-79.32259,-1.89146],[-79.33351,-1.87995],[-79.36811,-1.86854],[-79.39613,-1.86338],[-79.40398,-1.85305],[-79.42049,-1.85942],[-79.43559,-1.84609],[-79.44328,-1.83019],[-79.45808,-1.81939],[-79.45445,-1.80387],[-79.43069,-1.79185],[-79.41837,-1.79526],[-79.38957,-1.78021],[-79.38632,-1.75829],[-79.36999,-1.74329],[-79.35474,-1.74437],[-79.34184,-1.75627],[-79.33204,-1.74742],[-79.30535,-1.73958],[-79.30847,-1.69434],[-79.29133,-1.66946],[-79.28819,-1.66029],[-79.28855,-1.65133],[-79.2972,-1.65401],[-79.30928,-1.65535],[-79.31954,-1.65971],[-79.31994,-1.64764],[-79.34797,-1.64492],[-79.35565,-1.63774]]]},"properties":{"DPA_CANTON":"1201","DPA_DESCAN":"BABAHOYO","DPA_PROVIN":"12","DPA_DESPRO":"LOS RÍOS","a45i3_muy":2069,"a45i3_alta":100,"a45i3_al_1":1161,"a46i3_muy":46,"a46i3_alta":2,"a46i3_al_1":135,"a46i3_al_2":5492,"a46i3_al_3":0,"total":9005}},
{"type":"Feature","geometry":{"type":"Polygon","coordinates":[[[-79.59916,-1.44914],[-79.6116,-1.44635],[-79.62919,-1.46068],[-79.65647,-1.47408],[-79.6361,-1.49548],[-79.64742,-1.51163],[-79.64784,-1.52371],[-79.66028,-1.54166],[-79.68414,-1.54845],[-79.69294,-1.56233],[-79.68402,-1.58268],[-79.68585,-1.60558],[-79.68201,-1.63214],[-79.69517,-1.64354],[-79.70322,-1.63659],[-79.72245,-1.63601],[-79.73757,-1.64773],[-79.73272,-1.66783],[-79.73438,-1.68029],[-79.75183,-1.70276],[-79.74044,-1.7363],[-79.74748,-1.73764],[-79.74338,-1.74611],[-79.74882,-1.78319],[-79.73037,-1.8091],[-79.72844,-1.8258],[-79.73184,-1.84059],[-79.71698,-1.85062],[-79.69881,-1.86888],[-79.6868,-1.86772],[-79.68311,-1.88158],[-79.6701,-1.898],[-79.65903,-1.89163],[-79.66817,-1.87796],[-79.66128,-1.85953],[-79.63543,-1.86301],[-79.62971,-1.84271],[-79.62592,-1.79175],[-79.63382,-1.78321],[-79.63,-1.76258],[-79.61558,-1.74107],[-79.61177,-1.70893],[-79.59467,-1.70033],[-79.59806,-1.67964],[-79.59351,-1.67126],[-79.59822,-1.65768],[-79.57943,-1.63015],[-79.59034,-1.61762],[-79.63386,-1.62345],[-79.63499,-1.61584],[-79.61786,-1.5978],[-79.58723,-1.59509],[-79.57921,-1.57622],[-79.59789,-1.56616],[-79.59971,-1.54183],[-79.59277,-1.53939],[-79.58423,-1.51188],[-79.58457,-1.49138],[-79.57635,-1.47767],[-79.57884,-1.46538],[-79.59601,-1.46125],[-79.59916,-1.44914]]]},"properties":{"DPA_CANTON":"1202","DPA_DESCAN":"BABA","DPA_PROVIN":"12","DPA_DESPRO":"LOS RÍOS","a45i3_muy":1149,"a45i3_alta":0,"a45i3_al_1":589,"a46i3_muy":20,"a46i3_alta":0,"a46i3_al_1":50,"a46i3_al_2":2196,"a46i3_al_3":0,"total":4004}},
{"type":"Feature","geometry":{"type":"Polygon","coordinates":[[[-79.23068,-1.75848],[-79.23486,-1.73271],[-79.24622,-1.72608],[-79.26294,-1.70871],[-79.26959,-1.69198],[-79.27325,-1.66881],[-79.29133,-1.66946],[-79.30847,-1.69434],[-79.30535,-1.73958],[-79.33204,-1.74742],[-79.34184,-1.75627],[-79.35474,-1.74437],[-79.36999,-1.74329],[-79.38632,-1.75829],[-79.38957,-1.78021],[-79.41837,-1.79526],[-79.43069,-1.79185],[-79.45445,-1.80387],[-79.45808,-1.81939],[-79.44328,-1.83019],[-79.43559,-1.84609],[-79.42049,-1.85942],[-79.40398,-1.85305],[-79.39613,-1.86338],[-79.36811,-1.86854],[-79.33351,-1.87995],[-79.32259,-1.89146],[-79.30997,-1.88745],[-79.29003,-1.8994],[-79.25603,-1.94104],[-79.24928,-1.92407],[-79.24621,-1.91617],[-79.24621,-1.85797],[-79.23155,-1.84938],[-79.23562,-1.82942],[-79.24875,-1.81662],[-79.2391,-1.80555],[-79.24898,-1.78746],[-79.24705,-1.7725],[-79.23477,-1.76927],[-79.23068,-1.75848]]]},"properties":{"DPA_CANTON":"1203","DPA_DESCAN":"MONTALVO","DPA_PROVIN":"12","DPA_DESPRO":"LOS RÍOS","a45i3_muy":381,"a45i3_alta":29,"a45i3_al_1":250,"a46i3_muy":7,"a46i3_alta":0,"a46i3_al_1":18,"a46i3_al_2":917,"a46i3_al_3":0,"total":1602}},
{"type":"Feature","geometry":{"type":"Polygon","coordinates":[[[-79.49367,-1.51243],[-79.50345,-1.50204],[-79.50505,-1.48733],[-79.49373,-1.47145],[-79.51832,-1.47359],[-79.50682,-1.45637],[-79.509,-1.43678],[-79.49604,-1.42122],[-79.49237,-1.40174],[-79.54552,-1.36942],[-79.55204,-1.37271],[-79.56144,-1.39126],[-79.56099,-1.41041],[-79.57255,-1.41719],[-79.58251,-1.43473],[-79.5916,-1.43584],[-79.59916,-1.44914],[-79.59601,-1.46125],[-79.57884,-1.46538],[-79.57635,-1.47767],[-79.58457,-1.49138],[-79.58423,-1.51188],[-79.59277,-1.53939],[-79.59971,-1.54183],[-79.59789,-1.56616],[-79.57921,-1.57622],[-79.58723,-1.59509],[-79.61786,-1.5978],[-79.63499,-1.61584],[-79.63386,-1.62345],[-79.59034,-1.61762],[-79.57943,-1.63015],[-79.59822,-1.65768],[-79.59351,-1.67126],[-79.59806,-1.67964],[-79.59467,-1.70033],[-79.56559,-1.68575],[-79.54047,-1.67702],[-79.51813,-1.68267],[-79.49309,-1.67148],[-79.48382,-1.65284],[-79.50106,-1.62932],[-79.48676,-1.61479],[-79.49784,-1.58314],[-79.50074,-1.56423],[-79.49424,-1.55146],[-79.49921,-1.53848],[-79.49367,-1.51243]]]},"properties":{"DPA_CANTON":"1204","DPA_DESCAN":"PUEBLOVIEJO","DPA_PROVIN":"12","DPA_DESPRO":"LOS RÍOS","a45i3_muy":901,"a45i3_alta":0,"a45i3_al_1":458,"a46i3_muy":9,"a46i3_alta":0,"a46i3_al_1":38,"a46i3_al_2":1879,"a46i3_al_3":0,"total":3285}},
{"type":"Feature","geometry":{"type":"Polygon","coordinates":[[[-79.45051,-0.94745],[-79.45772,-0.95835],[-79.46939,-0.95593],[-79.4899,-0.94368],[-79.49918,-0.94786],[-79.51732,-0.93545],[-79.51732,-0.92044],[-79.5276,-0.91507],[-79.54696,-0.94259],[-79.54449,-0.95548],[-79.52463,-0.97169],[-79.53946,-0.97779],[-79.55753,-0.97915],[-79.57351,-1.0021],[-79.57791,-1.02821],[-79.57491,-1.04778],[-79.59724,-1.072],[-79.61668,-1.06405],[-79.60259,-1.07702],[-79.5526,-1.08722],[-79.50231,-1.07872],[-79.49446,-1.06778],[-79.46616,-1.08347],[-79.46463,-1.09061],[-79.44726,-1.10053],[-79.45763,-1.11899],[-79.47052,-1.12463],[-79.46022,-1.15073],[-79.45025,-1.16485],[-79.44362,-1.16501],[-79.43098,-1.17899],[-79.4324,-1.18374],[-79.42738,-1.18843],[-79.42746,-1.19348],[-79.41487,-1.18782],[-79.41077,-1.17468],[-79.41478,-1.14399],[-79.40467,-1.12087],[-79.38387,-1.12284],[-79.37107,-1.13112],[-79.37764,-1.12377],[-79.37748,-1.11047],[-79.38353,-1.11044],[-79.38314,-1.09572],[-79.39362,-1.07814],[-79.38918,-1.06313],[-79.39671,-1.0583],[-79.38633,-1.02071],[-79.38998,-1.01539],[-79.37082,-1.00013],[-79.35846,-0.98337],[-79.36833,-0.96556],[-79.39834,-0.96473],[-79.39694,-0.955],[-79.41417,-0.95611],[-79.43226,-0.94394],[-79.44199,-0.94544],[-79.44419,-0.94987],[-79.45051,-0.94745]]]},"properties":{"DPA_CANTON":"1205","DPA_DESCAN":"QUEVEDO","DPA_PROVIN":"12","DPA_DESPRO":"LOS RÍOS","a45i3_muy":1646,"a45i3_alta":263,"a45i3_al_1":823,"a46i3_muy":32,"a46i3_alta":8,"a46i3_al_1":145,"a46i3_al_2":5749,"a46i3_al_3":0,"total":8666}},
{"type":"Feature","geometry":{"type":"Polygon","coordinates":[[[-79.35565,-1.63774],[-79.34459,-1.63068],[-79.31675,-1.62758],[-79.31675,-1.62076],[-79.30269,-1.60175],[-79.29472,-1.5993],[-79.27933,-1.6107],[-79.27075,-1.58849],[-79.24792,-1.56017],[-79.24478,-1.54502],[-79.25227,-1.54043],[-79.26317,-1.53881],[-79.26718,-1.54246],[-79.28409,-1.52704],[-79.30519,-1.52561],[-79.32183,-1.51272],[-79.31767,-1.49489],[-79.32803,-1.48106],[-79.33402,-1.46051],[-79.34715,-1.47172],[-79.36093,-1.47068],[-79.37255,-1.48599],[-79.38668,-1.49407],[-79.40542,-1.49441],[-79.42534,-1.48814],[-79.43157,-1.50026],[-79.4481,-1.50283],[-79.4621,-1.52031],[-79.46889,-1.50901],[-79.48669,-1.50649],[-79.49367,-1.51243],[-79.49921,-1.53848],[-79.49424,-1.55146],[-79.50074,-1.56423],[-79.49784,-1.58314],[-79.48676,-1.61479],[-79.50106,-1.62932],[-79.48382,-1.65284],[-79.49309,-1.67148],[-79.47494,-1.674],[-79.46398,-1.67061],[-79.45948,-1.65898],[-79.43409,-1.6483],[-79.42753,-1.6365],[-79.41449,-1.62671],[-79.37648,-1.6401],[-79.36831,-1.65002],[-79.35565,-1.63774]]]},"properties":{"DPA_CANTON":"1206","DPA_DESCAN":"URDANETA","DPA_PROVIN":"12","DPA_DESPRO":"LOS RÍOS","a45i3_muy":769,"a45i3_alta":0,"a45i3_al_1":386,"a46i3_muy":12,"a46i3_alta":0,"a46i3_al_1":36,"a46i3_al_2":1502,"a46i3_al_3":0,"total":2705}},
{"type":"Feature","geometry":{"type":"Polygon","coordinates":[[[-79.34715,-1.47172],[-79.35571,-1.45491],[-79.33201,-1.44586],[-79.33639,-1.43613],[-79.3263,-1.41297],[-79.32382,-1.39195],[-79.28887,-1.39363],[-79.29023,-1.36886],[-79.29701,-1.3556],[-79.28026,-1.35383],[-79.27368,-1.33774],[-79.26878,-1.33133],[-79.28254,-1.32808],[-79.29367,-1.33346],[-79.31627,-1.32585],[-79.32056,-1.31384],[-79.33885,-1.29316],[-79.35957,-1.30499],[-79.36251,-1.32281],[-79.36896,-1.32791],[-79.3926,-1.32222],[-79.4103,-1.32677],[-79.41354,-1.27314],[-79.41113,-1.24327],[-79.39975,-1.24011],[-79.40741,-1.2242],[-79.39048,-1.18204],[-79.37818,-1.17456],[-79.37722,-1.14308],[-79.37251,-1.14036],[-79.37107,-1.13112],[-79.38387,-1.12284],[-79.40467,-1.12087],[-79.41478,-1.14399],[-79.41077,-1.17468],[-79.41487,-1.18782],[-79.42746,-1.19348],[-79.43317,-1.19593],[-79.43471,-1.20537],[-79.44343,-1.21839],[-79.43922,-1.22496],[-79.45458,-1.27802],[-79.44883,-1.30863],[-79.45224,-1.32014],[-79.4737,-1.32663],[-79.48315,-1.31846],[-79.49154,-1.32821],[-79.5172,-1.32821],[-79.52214,-1.34202],[-79.53547,-1.35189],[-79.53892,-1.36572],[-79.55204,-1.37271],[-79.54552,-1.36942],[-79.49237,-1.40174],[-79.49604,-1.42122],[-79.509,-1.43678],[-79.50682,-1.45637],[-79.51832,-1.47359],[-79.49373,-1.47145],[-79.50505,-1.48733],[-79.50345,-1.50204],[-79.49367,-1.51243],[-79.48669,-1.50649],[-79.46889,-1.50901],[-79.4621,-1.52031],[-79.4481,-1.50283],[-79.43157,-1.50026],[-79.42534,-1.48814],[-79.40542,-1.49441],[-79.38668,-1.49407],[-79.37255,-1.48599],[-79.36093,-1.47068],[-79.34715,-1.47172]]]},"properties":{"DPA_CANTON":"1207","DPA_DESCAN":"VENTANAS","DPA_PROVIN":"12","DPA_DESPRO":"LOS RÍOS","a45i3_muy":954,"a45i3_alta":211,"a45i3_al_1":561,"a46i3_muy":13,"a46i3_alta":6,"a46i3_al_1":84,"a46i3_al_2":2597,"a46i3_al_3":0,"total":4426}},
{"type":"Feature","geometry":{"type":"Polygon","coordinates":[[[-79.5172,-1.32821],[-79.5047,-1.30549],[-79.51927,-1.30549],[-79.5371,-1.32044],[-79.55291,-1.32101],[-79.56085,-1.32595],[-79.56963,-1.3262],[-79.57652,-1.32867],[-79.57964,-1.32918],[-79.59716,-1.31664],[-79.62887,-1.33056],[-79.63413,-1.34877],[-79.65167,-1.35235],[-79.65731,-1.368],[-79.66015,-1.40369],[-79.67591,-1.41504],[-79.67456,-1.43031],[-79.6932,-1.4462],[-79.70407,-1.46223],[-79.71208,-1.48333],[-79.72901,-1.49001],[-79.77322,-1.44999],[-79.78318,-1.45423],[-79.80746,-1.44808],[-79.81798,-1.46239],[-79.8289,-1.46778],[-79.8395,-1.45761],[-79.85073,-1.45702],[-79.83484,-1.42146],[-79.86105,-1.42146],[-79.8682,-1.43544],[-79.86471,-1.45035],[-79.87153,-1.45827],[-79.86811,-1.47643],[-79.87338,-1.49758],[-79.86985,-1.50361],[-79.87295,-1.50872],[-79.87538,-1.50991],[-79.8707,-1.5377],[-79.87482,-1.54226],[-79.86866,-1.54299],[-79.87154,-1.55486],[-79.86381,-1.56448],[-79.85443,-1.56563],[-79.85555,-1.58006],[-79.8644,-1.58361],[-79.87132,-1.60186],[-79.85626,-1.63138],[-79.86297,-1.64369],[-79.85274,-1.64418],[-79.83765,-1.65482],[-79.85533,-1.66483],[-79.82984,-1.68154],[-79.83194,-1.693],[-79.82451,-1.70845],[-79.81445,-1.70769],[-79.79402,-1.71946],[-79.77837,-1.72061],[-79.74748,-1.73764],[-79.74044,-1.7363],[-79.75183,-1.70276],[-79.73438,-1.68029],[-79.73272,-1.66783],[-79.73757,-1.64773],[-79.72245,-1.63601],[-79.70322,-1.63659],[-79.69517,-1.64354],[-79.68201,-1.63214],[-79.68585,-1.60558],[-79.68402,-1.58268],[-79.69294,-1.56233],[-79.68414,-1.54845],[-79.66028,-1.54166],[-79.64784,-1.52371],[-79.64742,-1.51163],[-79.6361,-1.49548],[-79.65647,-1.47408],[-79.62919,-1.46068],[-79.6116,-1.44635],[-79.59916,-1.44914],[-79.5916,-1.43584],[-79.58251,-1.43473],[-79.57255,-1.41719],[-79.56099,-1.41041],[-79.56144,-1.39126],[-79.55204,-1.37271],[-79.53892,-1.36572],[-79.53547,-1.35189],[-79.52214,-1.34202],[-79.5172,-1.32821]]]},"properties":{"DPA_CANTON":"1208","DPA_DESCAN":"VINCES","DPA_PROVIN":"12","DPA_DESPRO":"LOS RÍOS","a45i3_muy":607,"a45i3_alta":811,"a45i3_al_1":811,"a46i3_muy":4,"a46i3_alta":9,"a46i3_al_1":61,"a46i3_al_2":3175,"a46i3_al_3":0,"total":5478}},
{"type":"Feature","geometry":{"type":"Polygon","coordinates":[[[-79.57652,-1.32867],[-79.57563,-1.32458],[-79.57712,-1.31147],[-79.56899,-1.28065],[-79.5829,-1.26147],[-79.59525,-1.26366],[-79.60609,-1.24145],[-79.61914,-1.22313],[-79.63549,-1.22927],[-79.66711,-1.22867],[-79.64728,-1.20973],[-79.65309,-1.20023],[-79.66711,-1.20005],[-79.66342,-1.18727],[-79.69129,-1.1847],[-79.70642,-1.19252],[-79.70594,-1.17755],[-79.71802,-1.17917],[-79.73665,-1.18039],[-79.749,-1.19676],[-79.74758,-1.21877],[-79.75838,-1.23638],[-79.75221,-1.24436],[-79.76423,-1.25993],[-79.76671,-1.27024],[-79.77893,-1.27917],[-79.77644,-1.29095],[-79.78776,-1.30041],[-79.79801,-1.32006],[-79.80277,-1.33986],[-79.81315,-1.35507],[-79.83068,-1.36834],[-79.84806,-1.38672],[-79.86105,-1.42146],[-79.83484,-1.42146],[-79.85073,-1.45702],[-79.8395,-1.45761],[-79.8289,-1.46778],[-79.81798,-1.46239],[-79.80746,-1.44808],[-79.78318,-1.45423],[-79.77322,-1.44999],[-79.72901,-1.49001],[-79.71208,-1.48333],[-79.70407,-1.46223],[-79.6932,-1.4462],[-79.67456,-1.43031],[-79.67591,-1.41504],[-79.66015,-1.40369],[-79.65731,-1.368],[-79.65167,-1.35235],[-79.63413,-1.34877],[-79.62887,-1.33056],[-79.59716,-1.31664],[-79.57964,-1.32918],[-79.57652,-1.32867]]]},"properties":{"DPA_CANTON":"1209","DPA_DESCAN":"PALENQUE","DPA_PROVIN":"12","DPA_DESPRO":"LOS RÍOS","a45i3_muy":510,"a45i3_alta":0,"a45i3_al_1":247,"a46i3_muy":5,"a46i3_alta":0,"a46i3_al_1":27,"a46i3_al_2":1086,"a46i3_al_3":0,"total":1875}},
{"type":"Feature","geometry":{"type":"Polygon","coordinates":[[[-79.36904,-0.658],[-79.34841,-0.62291],[-79.35316,-0.60346],[-79.36455,-0.58651],[-79.36226,-0.57345],[-79.34733,-0.54423],[-79.37277,-0.54025],[-79.37715,-0.54563],[-79.40619,-0.54311],[-79.41668,-0.53857],[-79.45224,-0.55003],[-79.48335,-0.54343],[-79.49297,-0.55358],[-79.4969,-0.56989],[-79.48599,-0.588],[-79.49473,-0.60564],[-79.50532,-0.61573],[-79.50476,-0.62535],[-79.51457,-0.64355],[-79.53951,-0.65869],[-79.53721,-0.68422],[-79.54222,-0.69011],[-79.53366,-0.70606],[-79.53881,-0.71745],[-79.5504,-0.72165],[-79.57447,-0.71148],[-79.57689,-0.72117],[-79.6014,-0.74632],[-79.5958,-0.77215],[-79.6062,-0.79792],[-79.59837,-0.82725],[-79.61,-0.84162],[-79.60761,-0.85327],[-79.57668,-0.84441],[-79.56052,-0.85186],[-79.53505,-0.84788],[-79.52501,-0.86158],[-79.51173,-0.86447],[-79.5276,-0.91507],[-79.51732,-0.92044],[-79.51732,-0.93545],[-79.49918,-0.94786],[-79.4899,-0.94368],[-79.46939,-0.95593],[-79.45772,-0.95835],[-79.45051,-0.94745],[-79.45529,-0.94005],[-79.44046,-0.91685],[-79.45708,-0.9057],[-79.46086,-0.88808],[-79.47676,-0.8925],[-79.4772,-0.85993],[-79.48414,-0.84691],[-79.45645,-0.82046],[-79.4623,-0.80413],[-79.44947,-0.7879],[-79.45983,-0.78289],[-79.45291,-0.74351],[-79.45719,-0.72921],[-79.45172,-0.71389],[-79.44989,-0.69112],[-79.42671,-0.69164],[-79.42085,-0.65982],[-79.40383,-0.66556],[-79.3839,-0.6779],[-79.37565,-0.67538],[-79.37716,-0.66552],[-79.37283,-0.661],[-79.36904,-0.658]]]},"properties":{"DPA_CANTON":"1210","DPA_DESCAN":"BUENA FE","DPA_PROVIN":"12","DPA_DESPRO":"LOS RÍOS","a45i3_muy":504,"a45i3_alta":246,"a45i3_al_1":287,"a46i3_muy":10,"a46i3_alta":6,"a46i3_al_1":70,"a46i3_al_2":2780,"a46i3_al_3":0,"total":3903}},
{"type":"Feature","geometry":{"type":"Polygon","coordinates":[[[-79.31509,-0.95807],[-79.30629,-0.94883],[-79.30629,-0.92876],[-79.28706,-0.90859],[-79.28706,-0.89077],[-79.26499,-0.88067],[-79.24947,-0.88145],[-79.24127,-0.87484],[-79.2393,-0.85072],[-79.23428,-0.83368],[-79.22314,-0.82798],[-79.21857,-0.80959],[-79.19538,-0.80641],[-79.18683,-0.7992],[-79.18673,-0.76445],[-79.17365,-0.7583],[-79.1587,-0.73832],[-79.15195,-0.72185],[-79.13924,-0.71277],[-79.12892,-0.64938],[-79.09697,-0.60362],[-79.09292,-0.58202],[-79.08349,-0.5668],[-79.08953,-0.55566],[-79.10652,-0.54476],[-79.11915,-0.54133],[-79.13688,-0.54952],[-79.16048,-0.5864],[-79.18667,-0.6009],[-79.20163,-0.6283],[-79.21537,-0.64004],[-79.23546,-0.64338],[-79.26531,-0.66344],[-79.28449,-0.69326],[-79.30257,-0.69946],[-79.30988,-0.69391],[-79.32463,-0.69844],[-79.34836,-0.69074],[-79.36241,-0.67658],[-79.36576,-0.66004],[-79.36978,-0.65976],[-79.37283,-0.661],[-79.37716,-0.66552],[-79.3839,-0.6779],[-79.40383,-0.66556],[-79.42085,-0.65982],[-79.42671,-0.69164],[-79.44989,-0.69112],[-79.45172,-0.71389],[-79.45719,-0.72921],[-79.45291,-0.74351],[-79.45983,-0.78289],[-79.44947,-0.7879],[-79.4623,-0.80413],[-79.45645,-0.82046],[-79.48414,-0.84691],[-79.4772,-0.85993],[-79.47676,-0.8925],[-79.46086,-0.88808],[-79.45708,-0.9057],[-79.44046,-0.91685],[-79.45529,-0.94005],[-79.44419,-0.94987],[-79.43226,-0.94394],[-79.41417,-0.95611],[-79.39694,-0.955],[-79.39834,-0.96473],[-79.36833,-0.96556],[-79.35846,-0.98337],[-79.33538,-0.97407],[-79.33292,-0.96679],[-79.31509,-0.95807]]]},"properties":{"DPA_CANTON":"1211","DPA_DESCAN":"VALENCIA","DPA_PROVIN":"12","DPA_DESPRO":"LOS RÍOS","a45i3_muy":414,"a45i3_alta":230,"a45i3_al_1":213,"a46i3_muy":4,"a46i3_alta":5,"a46i3_al_1":55,"a46i3_al_2":1824,"a46i3_al_3":0,"total":2745}},
{"type":"Feature","geometry":{"type":"Polygon","coordinates":[[[-79.57652,-1.32867],[-79.56085,-1.32595],[-79.55291,-1.32101],[-79.5371,-1.32044],[-79.51927,-1.30549],[-79.5047,-1.30549],[-79.5172,-1.32821],[-79.49154,-1.32821],[-79.48315,-1.31846],[-79.4737,-1.32663],[-79.45224,-1.32014],[-79.44883,-1.30863],[-79.45458,-1.27802],[-79.43922,-1.22496],[-79.44343,-1.21839],[-79.43471,-1.20537],[-79.43317,-1.19593],[-79.42738,-1.18843],[-79.43098,-1.17899],[-79.44362,-1.16501],[-79.46022,-1.15073],[-79.47052,-1.12463],[-79.45763,-1.11899],[-79.44726,-1.10053],[-79.46463,-1.09061],[-79.46616,-1.08347],[-79.49446,-1.06778],[-79.50231,-1.07872],[-79.5526,-1.08722],[-79.60259,-1.07702],[-79.61958,-1.07161],[-79.625,-1.08039],[-79.63219,-1.0872],[-79.6511,-1.11426],[-79.66227,-1.12182],[-79.67135,-1.11406],[-79.68976,-1.15338],[-79.71672,-1.15508],[-79.71802,-1.17917],[-79.70594,-1.17755],[-79.70642,-1.19252],[-79.69129,-1.1847],[-79.66342,-1.18727],[-79.66711,-1.20005],[-79.65309,-1.20023],[-79.64728,-1.20973],[-79.66711,-1.22867],[-79.63549,-1.22927],[-79.61914,-1.22313],[-79.60609,-1.24145],[-79.59525,-1.26366],[-79.5829,-1.26147],[-79.56899,-1.28065],[-79.57712,-1.31147],[-79.57563,-1.32458],[-79.57652,-1.32867]]]},"properties":{"DPA_CANTON":"1212","DPA_DESCAN":"MOCACHE","DPA_PROVIN":"12","DPA_DESPRO":"LOS RÍOS","a45i3_muy":649,"a45i3_alta":0,"a45i3_al_1":303,"a46i3_muy":12,"a46i3_alta":0,"a46i3_al_1":31,"a46i3_al_2":1541,"a46i3_al_3":0,"total":2536}},
{"type":"Feature","geometry":{"type":"Polygon","coordinates":[[[-79.31509,-0.95807],[-79.33292,-0.96679],[-79.33538,-0.97407],[-79.35846,-0.98337],[-79.37082,-1.00013],[-79.38998,-1.01539],[-79.38633,-1.02071],[-79.39671,-1.0583],[-79.38918,-1.06313],[-79.39362,-1.07814],[-79.38314,-1.09572],[-79.38353,-1.11044],[-79.37748,-1.11047],[-79.37764,-1.12377],[-79.37237,-1.12867],[-79.3701,-1.13281],[-79.37251,-1.14036],[-79.37722,-1.14308],[-79.37818,-1.17456],[-79.39048,-1.18204],[-79.40741,-1.2242],[-79.39975,-1.24011],[-79.41113,-1.24327],[-79.41354,-1.27314],[-79.4103,-1.32677],[-79.3926,-1.32222],[-79.38333,-1.30585],[-79.37051,-1.30207],[-79.34797,-1.26082],[-79.34042,-1.25158],[-79.33472,-1.22667],[-79.30727,-1.20713],[-79.2888,-1.20557],[-79.28674,-1.17896],[-79.29704,-1.16853],[-79.31503,-1.16666],[-79.33794,-1.13444],[-79.32188,-1.09794],[-79.3204,-1.0811],[-79.31045,-1.06467],[-79.31263,-1.0416],[-79.30243,-1.01616],[-79.2941,-1.00971],[-79.29329,-0.98761],[-79.32021,-0.99729],[-79.31509,-0.95807]]]},"properties":{"DPA_CANTON":"1213","DPA_DESCAN":"QUINSALOMA","DPA_PROVIN":"12","DPA_DESPRO":"LOS RÍOS","a45i3_muy":400,"a45i3_alta":0,"a45i3_al_1":195,"a46i3_muy":6,"a46i3_alta":0,"a46i3_al_1":21,"a46i3_al_2":771,"a46i3_al_3":0,"total":1393}},
{"type":"Feature","geometry":{"type":"Polygon","coordinates":[[[-80.49189,-0.86437],[-80.50534,-0.83345],[-80.51485,-0.82258],[-80.52018,-0.79752],[-80.52754,-0.82823],[-80.54382,-0.87778],[-80.5595,-0.90124],[-80.58506,-0.9281],[-80.56117,-0.95192],[-80.55103,-0.98411],[-80.54308,-0.9898],[-80.5403,-0.99679],[-80.54067,-1.00959],[-80.53829,-1.02244],[-80.5484,-1.03831],[-80.54519,-1.04507],[-80.54722,-1.07623],[-80.53541,-1.0826],[-80.53125,-1.10595],[-80.5358,-1.13363],[-80.54476,-1.15707],[-80.53475,-1.1693],[-80.53909,-1.1858],[-80.52904,-1.19787],[-80.52158,-1.18987],[-80.49413,-1.18835],[-80.48463,-1.18209],[-80.451,-1.18699],[-80.42761,-1.17391],[-80.38987,-1.16387],[-80.37883,-1.15358],[-80.3644,-1.15871],[-80.34254,-1.15162],[-80.33442,-1.14373],[-80.32384,-1.11579],[-80.30806,-1.1064],[-80.29462,-1.10988],[-80.28701,-1.09778],[-80.25797,-1.08715],[-80.23951,-1.09031],[-80.22365,-1.08054],[-80.21527,-1.08566],[-80.1999,-1.08199],[-80.18928,-1.08793],[-80.14647,-1.08908],[-80.13834,-1.08004],[-80.11573,-1.0813],[-80.09885,-1.07032],[-80.06567,-1.06305],[-80.04419,-1.06686],[-80.03531,-1.07611],[-80.02677,-1.0708],[-80.02212,-1.048],[-80.00637,-1.04355],[-80.00936,-1.01939],[-80.04562,-1.01477],[-80.07695,-1.01862],[-80.09493,-1.03385],[-80.10663,-1.03804],[-80.11479,-1.03195],[-80.1108,-1.0201],[-80.12155,-1.01674],[-80.12665,-1.0081],[-80.146,-1.00177],[-80.153,-0.99198],[-80.17706,-0.99588],[-80.18596,-1.00849],[-80.19716,-1.01223],[-80.20537,-1.00285],[-80.25115,-1.00191],[-80.25336,-0.98895],[-80.26402,-0.97521],[-80.2969,-0.94732],[-80.32435,-0.95514],[-80.33657,-0.94961],[-80.35998,-0.95466],[-80.37096,-0.94497],[-80.38543,-0.9551],[-80.42503,-0.95664],[-80.42647,-0.9696],[-80.43828,-0.98438],[-80.45319,-0.97138],[-80.50057,-0.96754],[-80.51232,-0.96139],[-80.51572,-0.94614],[-80.53289,-0.92119],[-80.51242,-0.90457],[-80.49885,-0.86559],[-80.49189,-0.86437]]]},"properties":{"DPA_CANTON":"1301","DPA_DESCAN":"PORTOVIEJO","DPA_PROVIN":"13","DPA_DESPRO":"MANABÍ","a45i3_muy":2388,"a45i3_alta":163,"a45i3_al_1":1185,"a46i3_muy":35,"a46i3_alta":5,"a46i3_al_1":178,"a46i3_al_2":6914,"a46i3_al_3":0,"total":10868}},
{"type":"Feature","geometry":{"type":"Polygon","coordinates":[[[-79.93605,-0.81111],[-79.9609,-0.82218],[-79.96874,-0.83244],[-79.98984,-0.82932],[-80.05017,-0.85269],[-80.05642,-0.86426],[-80.07111,-0.86601],[-80.09439,-0.84769],[-80.11357,-0.84291],[-80.14254,-0.80845],[-80.16019,-0.79915],[-80.16915,-0.80018],[-80.17332,-0.80224],[-80.18355,-0.83],[-80.21112,-0.83272],[-80.22736,-0.85891],[-80.23704,-0.86133],[-80.20191,-0.8796],[-80.19511,-0.87251],[-80.17985,-0.87504],[-80.16631,-0.89406],[-80.1478,-0.9028],[-80.1406,-0.91172],[-80.12136,-0.91679],[-80.12393,-0.92741],[-80.11845,-0.9527],[-80.08384,-0.9664],[-80.07114,-0.96516],[-80.06455,-0.97669],[-80.08055,-0.98448],[-80.09581,-1.00813],[-80.09435,-1.02088],[-80.1108,-1.0201],[-80.11479,-1.03195],[-80.10663,-1.03804],[-80.09493,-1.03385],[-80.07695,-1.01862],[-80.04562,-1.01477],[-80.00936,-1.01939],[-80.00637,-1.04355],[-79.99568,-1.0403],[-79.98292,-1.02063],[-79.9856,-1.00784],[-79.98157,-0.97807],[-79.95553,-0.98206],[-79.94354,-0.99416],[-79.91916,-0.9861],[-79.91052,-0.96385],[-79.90312,-0.95997],[-79.91025,-0.93483],[-79.89867,-0.91535],[-79.87413,-0.90584],[-79.87192,-0.89658],[-79.88892,-0.88552],[-79.89871,-0.88691],[-79.90039,-0.87134],[-79.90818,-0.85559],[-79.89923,-0.84359],[-79.90806,-0.81969],[-79.92978,-0.8168],[-79.93605,-0.81111]]]},"properties":{"DPA_CANTON":"1302","DPA_DESCAN":"BOLÍVAR","DPA_PROVIN":"13","DPA_DESPRO":"MANABÍ","a45i3_muy":463,"a45i3_alta":82,"a45i3_al_1":103,"a46i3_muy":10,"a46i3_alta":1,"a46i3_al_1":35,"a46i3_al_2":1288,"a46i3_al_3":0,"total":1982}},
{"type":"Feature","geometry":{"type":"Polygon","coordinates":[[[-79.60286,0.08227],[-79.61057,0.0878],[-79.62994,0.08059],[-79.62893,0.07182],[-79.64891,0.06111],[-79.70432,0.05678],[-79.70453,0.03425],[-79.72584,0.03404],[-79.73852,0.01896],[-79.78972,0.01164],[-79.8094,0.00133],[-79.84275,-0.00364],[-79.84216,-0.01936],[-79.8749,-0.04936],[-79.89762,-0.06126],[-79.91139,-0.06007],[-79.92718,-0.07197],[-79.92762,-0.08788],[-79.94316,-0.09331],[-79.95812,-0.10973],[-79.97002,-0.11697],[-79.96848,-0.13417],[-79.97208,-0.15042],[-79.98789,-0.15967],[-80.01589,-0.18543],[-80.02497,-0.18407],[-80.05199,-0.21366],[-80.06482,-0.2159],[-80.06778,-0.2268],[-80.08272,-0.2367],[-80.08059,-0.24774],[-80.09012,-0.25332],[-80.10053,-0.27991],[-80.10027,-0.30532],[-80.10825,-0.309],[-80.12637,-0.34786],[-80.14745,-0.35283],[-80.16592,-0.36309],[-80.17291,-0.38338],[-80.16409,-0.4233],[-80.18023,-0.42539],[-80.18217,-0.43757],[-80.19256,-0.45392],[-80.18641,-0.46734],[-80.19926,-0.48109],[-80.22147,-0.48109],[-80.21772,-0.49335],[-80.22581,-0.50468],[-80.23805,-0.51065],[-80.24675,-0.52959],[-80.24513,-0.5432],[-80.27097,-0.57804],[-80.26488,-0.60767],[-80.28011,-0.63251],[-80.28032,-0.65688],[-80.26696,-0.68014],[-80.25234,-0.69204],[-80.24409,-0.68841],[-80.2139,-0.71406],[-80.20656,-0.72843],[-80.1853,-0.73788],[-80.17642,-0.73094],[-80.1642,-0.73317],[-80.16204,-0.75872],[-80.15614,-0.77484],[-80.17265,-0.79338],[-80.16915,-0.80018],[-80.16019,-0.79915],[-80.14254,-0.80845],[-80.11357,-0.84291],[-80.09439,-0.84769],[-80.07111,-0.86601],[-80.05642,-0.86426],[-80.05017,-0.85269],[-79.98984,-0.82932],[-79.96874,-0.83244],[-79.9609,-0.82218],[-79.93605,-0.81111],[-79.93804,-0.79393],[-79.91796,-0.79671],[-79.901,-0.78814],[-79.89856,-0.77728],[-79.87929,-0.76335],[-79.88286,-0.73849],[-79.8766,-0.72484],[-79.88581,-0.69661],[-79.90365,-0.68719],[-79.89785,-0.66769],[-79.89948,-0.64158],[-79.88748,-0.64768],[-79.85633,-0.63813],[-79.84917,-0.64263],[-79.82958,-0.63619],[-79.78614,-0.65964],[-79.76162,-0.66139],[-79.75294,-0.67049],[-79.75425,-0.68085],[-79.74544,-0.69486],[-79.72002,-0.69844],[-79.69277,-0.7161],[-79.67382,-0.73673],[-79.67855,-0.74338],[-79.672,-0.76062],[-79.6688,-0.737],[-79.6597,-0.71479],[-79.64985,-0.71169],[-79.65817,-0.69386],[-79.63353,-0.67043],[-79.63376,-0.64469],[-79.62563,-0.62885],[-79.63099,-0.61011],[-79.63051,-0.59096],[-79.64552,-0.58376],[-79.66877,-0.58575],[-79.6923,-0.57185],[-79.694,-0.56444],[-79.67856,-0.55318],[-79.67303,-0.5396],[-79.68238,-0.52899],[-79.68975,-0.50597],[-79.68607,-0.49411],[-79.6996,-0.48275],[-79.71336,-0.48629],[-79.71624,-0.50734],[-79.70824,-0.51519],[-79.70746,-0.53665],[-79.72537,-0.54868],[-79.76744,-0.53686],[-79.77266,-0.52921],[-79.78794,-0.53818],[-79.82176,-0.52308],[-79.84411,-0.52876],[-79.85146,-0.51502],[-79.8522,-0.50029],[-79.86947,-0.50121],[-79.88385,-0.51181],[-79.90225,-0.48848],[-79.91129,-0.49616],[-79.92672,-0.49753],[-79.9452,-0.48655],[-79.96246,-0.50063],[-79.97571,-0.49302],[-80.01173,-0.48225],[-80.03161,-0.4839],[-80.04197,-0.46096],[-80.04036,-0.45439],[-80.05151,-0.42791],[-80.03016,-0.43362],[-80.00914,-0.42405],[-79.99734,-0.40355],[-79.98777,-0.40342],[-79.96126,-0.37817],[-79.96129,-0.3582],[-79.95164,-0.35163],[-79.95276,-0.33067],[-79.97304,-0.3112],[-79.9467,-0.29011],[-79.95027,-0.25892],[-79.97349,-0.24691],[-79.97018,-0.23041],[-79.9479,-0.21587],[-79.9344,-0.21179],[-79.91823,-0.22476],[-79.89818,-0.23302],[-79.88862,-0.22245],[-79.90544,-0.20691],[-79.89682,-0.17511],[-79.88366,-0.16163],[-79.88648,-0.15266],[-79.86514,-0.14504],[-79.84422,-0.12656],[-79.82881,-0.13085],[-79.82775,-0.11159],[-79.81373,-0.10039],[-79.778,-0.11265],[-79.76136,-0.1085],[-79.72785,-0.10881],[-79.69774,-0.12408],[-79.68873,-0.13844],[-79.66865,-0.14341],[-79.66243,-0.16026],[-79.63817,-0.16103],[-79.62709,-0.15339],[-79.63031,-0.14028],[-79.61809,-0.12728],[-79.62271,-0.11097],[-79.60875,-0.10304],[-79.60287,-0.05944],[-79.61533,-0.03492],[-79.60576,-0.02147],[-79.6124,-0.00807],[-79.61203,0.00931],[-79.62297,0.01384],[-79.62377,0.04366],[-79.61644,0.05691],[-79.59721,0.06392],[-79.60286,0.08227]]]},"properties":{"DPA_CANTON":"1303","DPA_DESCAN":"CHONE","DPA_PROVIN":"13","DPA_DESPRO":"MANABÍ","a45i3_muy":1318,"a45i3_alta":29,"a45i3_al_1":298,"a46i3_muy":22,"a46i3_alta":0,"a46i3_al_1":114,"a46i3_al_2":3921,"a46i3_al_3":0,"total":5702}},
{"type":"Feature","geometry":{"type":"Polygon","coordinates":[[[-79.60287,-0.05944],[-79.60875,-0.10304],[-79.62271,-0.11097],[-79.61809,-0.12728],[-79.63031,-0.14028],[-79.62709,-0.15339],[-79.61237,-0.1641],[-79.61714,-0.17716],[-79.61046,-0.18717],[-79.61635,-0.19778],[-79.61036,-0.21012],[-79.63128,-0.23287],[-79.62859,-0.24665],[-79.63922,-0.2737],[-79.65976,-0.27648],[-79.66318,-0.28243],[-79.71277,-0.31433],[-79.72307,-0.31597],[-79.73433,-0.33212],[-79.73622,-0.35074],[-79.75309,-0.35181],[-79.75813,-0.37615],[-79.74612,-0.38219],[-79.73059,-0.40414],[-79.72771,-0.41815],[-79.7122,-0.42617],[-79.70466,-0.43716],[-79.68334,-0.43325],[-79.67847,-0.43879],[-79.68531,-0.46155],[-79.6996,-0.48275],[-79.68607,-0.49411],[-79.68975,-0.50597],[-79.68238,-0.52899],[-79.67303,-0.5396],[-79.67856,-0.55318],[-79.694,-0.56444],[-79.6923,-0.57185],[-79.66877,-0.58575],[-79.64552,-0.58376],[-79.63051,-0.59096],[-79.63099,-0.61011],[-79.62563,-0.62885],[-79.63376,-0.64469],[-79.63353,-0.67043],[-79.65817,-0.69386],[-79.64985,-0.71169],[-79.6597,-0.71479],[-79.6688,-0.737],[-79.672,-0.76062],[-79.68555,-0.78495],[-79.67886,-0.82022],[-79.69361,-0.83436],[-79.70473,-0.8341],[-79.71033,-0.85132],[-79.70719,-0.86298],[-79.69649,-0.87212],[-79.7051,-0.88321],[-79.68517,-0.90331],[-79.6706,-0.89134],[-79.66292,-0.90337],[-79.65275,-0.89647],[-79.64401,-0.88119],[-79.62963,-0.87737],[-79.61941,-0.85967],[-79.60761,-0.85327],[-79.61,-0.84162],[-79.59837,-0.82725],[-79.6062,-0.79792],[-79.5958,-0.77215],[-79.6014,-0.74632],[-79.57689,-0.72117],[-79.57447,-0.71148],[-79.5504,-0.72165],[-79.53881,-0.71745],[-79.53366,-0.70606],[-79.54222,-0.69011],[-79.53721,-0.68422],[-79.53951,-0.65869],[-79.51457,-0.64355],[-79.50476,-0.62535],[-79.50532,-0.61573],[-79.49473,-0.60564],[-79.48599,-0.588],[-79.4969,-0.56989],[-79.49297,-0.55358],[-79.48335,-0.54343],[-79.466,-0.52867],[-79.45967,-0.51224],[-79.45713,-0.48725],[-79.46312,-0.46812],[-79.43834,-0.44149],[-79.42913,-0.43866],[-79.4222,-0.42161],[-79.41076,-0.41069],[-79.41076,-0.26166],[-79.41389,-0.23294],[-79.40501,-0.20948],[-79.40973,-0.19136],[-79.41927,-0.1818],[-79.44154,-0.17616],[-79.4559,-0.1783],[-79.46153,-0.17203],[-79.49272,-0.16757],[-79.50871,-0.16876],[-79.52442,-0.15764],[-79.52835,-0.13894],[-79.53915,-0.13476],[-79.54839,-0.10039],[-79.56442,-0.09106],[-79.58253,-0.07389],[-79.60287,-0.05944]]]},"properties":{"DPA_CANTON":"1304","DPA_DESCAN":"EL CARMEN","DPA_PROVIN":"13","DPA_DESPRO":"MANABÍ","a45i3_muy":894,"a45i3_alta":299,"a45i3_al_1":264,"a46i3_muy":10,"a46i3_alta":9,"a46i3_al_1":124,"a46i3_al_2":3909,"a46i3_al_3":0,"total":5509}},
{"type":"Feature","geometry":{"type":"Polygon","coordinates":[[[-79.62709,-0.15339],[-79.63817,-0.16103],[-79.66243,-0.16026],[-79.66865,-0.14341],[-79.68873,-0.13844],[-79.69774,-0.12408],[-79.72785,-0.10881],[-79.76136,-0.1085],[-79.778,-0.11265],[-79.81373,-0.10039],[-79.82775,-0.11159],[-79.82881,-0.13085],[-79.84422,-0.12656],[-79.86514,-0.14504],[-79.88648,-0.15266],[-79.88366,-0.16163],[-79.89682,-0.17511],[-79.90544,-0.20691],[-79.88862,-0.22245],[-79.89818,-0.23302],[-79.91823,-0.22476],[-79.9344,-0.21179],[-79.9479,-0.21587],[-79.97018,-0.23041],[-79.97349,-0.24691],[-79.95027,-0.25892],[-79.9467,-0.29011],[-79.97304,-0.3112],[-79.95276,-0.33067],[-79.95164,-0.35163],[-79.96129,-0.3582],[-79.96126,-0.37817],[-79.98777,-0.40342],[-79.99734,-0.40355],[-80.00914,-0.42405],[-80.03016,-0.43362],[-80.05151,-0.42791],[-80.04036,-0.45439],[-80.04197,-0.46096],[-80.03161,-0.4839],[-80.01173,-0.48225],[-79.97571,-0.49302],[-79.96246,-0.50063],[-79.9452,-0.48655],[-79.92672,-0.49753],[-79.91129,-0.49616],[-79.90225,-0.48848],[-79.88385,-0.51181],[-79.86947,-0.50121],[-79.8522,-0.50029],[-79.85146,-0.51502],[-79.84411,-0.52876],[-79.82176,-0.52308],[-79.78794,-0.53818],[-79.77266,-0.52921],[-79.76744,-0.53686],[-79.72537,-0.54868],[-79.70746,-0.53665],[-79.70824,-0.51519],[-79.71624,-0.50734],[-79.71336,-0.48629],[-79.6996,-0.48275],[-79.68531,-0.46155],[-79.67847,-0.43879],[-79.68334,-0.43325],[-79.70466,-0.43716],[-79.7122,-0.42617],[-79.72771,-0.41815],[-79.73059,-0.40414],[-79.74612,-0.38219],[-79.75813,-0.37615],[-79.75309,-0.35181],[-79.73622,-0.35074],[-79.73433,-0.33212],[-79.72307,-0.31597],[-79.71277,-0.31433],[-79.66318,-0.28243],[-79.65976,-0.27648],[-79.63922,-0.2737],[-79.62859,-0.24665],[-79.63128,-0.23287],[-79.61036,-0.21012],[-79.61635,-0.19778],[-79.61046,-0.18717],[-79.61714,-0.17716],[-79.61237,-0.1641],[-79.62709,-0.15339]]]},"properties":{"DPA_CANTON":"1305","DPA_DESCAN":"FLAVIO ALFARO","DPA_PROVIN":"13","DPA_DESPRO":"MANABÍ","a45i3_muy":341,"a45i3_alta":110,"a45i3_al_1":107,"a46i3_muy":6,"a46i3_alta":2,"a46i3_al_1":22,"a46i3_al_2":1030,"a46i3_al_3":0,"total":1618}},
{"type":"Feature","geometry":{"type":"Polygon","coordinates":[[[-80.53909,-1.1858],[-80.543,-1.18935],[-80.56854,-1.17569],[-80.59049,-1.18888],[-80.60003,-1.1856],[-80.62334,-1.18852],[-80.63994,-1.19979],[-80.65049,-1.18415],[-80.67775,-1.1879],[-80.68949,-1.19949],[-80.70527,-1.20013],[-80.71625,-1.20956],[-80.72778,-1.20639],[-80.72165,-1.25487],[-80.7363,-1.26575],[-80.75041,-1.26273],[-80.75511,-1.24075],[-80.7671,-1.22896],[-80.77575,-1.23096],[-80.78922,-1.25011],[-80.80553,-1.26036],[-80.75985,-1.31437],[-80.74182,-1.3493],[-80.73933,-1.36682],[-80.75973,-1.38856],[-80.75853,-1.39283],[-80.74475,-1.38416],[-80.71858,-1.37991],[-80.71219,-1.39647],[-80.68135,-1.41815],[-80.68715,-1.44341],[-80.70717,-1.47157],[-80.70382,-1.47805],[-80.70859,-1.49626],[-80.70319,-1.51809],[-80.67726,-1.55214],[-80.67699,-1.57141],[-80.68202,-1.5843],[-80.67617,-1.59376],[-80.67447,-1.61819],[-80.6678,-1.63605],[-80.66966,-1.65629],[-80.67827,-1.67445],[-80.67188,-1.67923],[-80.6539,-1.67338],[-80.6369,-1.68886],[-80.63426,-1.69863],[-80.61982,-1.70743],[-80.62061,-1.72512],[-80.61175,-1.73805],[-80.6104,-1.75696],[-80.5873,-1.78455],[-80.54959,-1.78048],[-80.53887,-1.77045],[-80.52802,-1.73066],[-80.53597,-1.71234],[-80.52552,-1.69502],[-80.53033,-1.68811],[-80.50664,-1.67156],[-80.51281,-1.65162],[-80.52785,-1.62212],[-80.53026,-1.60923],[-80.51991,-1.58497],[-80.54477,-1.57451],[-80.53915,-1.56011],[-80.52907,-1.56897],[-80.51223,-1.56749],[-80.50775,-1.54001],[-80.50991,-1.52131],[-80.50005,-1.51079],[-80.45512,-1.50776],[-80.44928,-1.49352],[-80.42776,-1.49352],[-80.40814,-1.48772],[-80.40183,-1.49324],[-80.4032,-1.479],[-80.41505,-1.47166],[-80.42363,-1.45625],[-80.44168,-1.44397],[-80.44831,-1.40788],[-80.44481,-1.39415],[-80.42314,-1.38958],[-80.45651,-1.34762],[-80.45398,-1.33725],[-80.47128,-1.33427],[-80.47892,-1.32627],[-80.47138,-1.30057],[-80.48817,-1.29576],[-80.50813,-1.26624],[-80.51702,-1.2306],[-80.52523,-1.21861],[-80.54219,-1.20803],[-80.52904,-1.19787],[-80.53909,-1.1858]]]},"properties":{"DPA_CANTON":"1306","DPA_DESCAN":"JIPIJAPA","DPA_PROVIN":"13","DPA_DESPRO":"MANABÍ","a45i3_muy":673,"a45i3_alta":192,"a45i3_al_1":357,"a46i3_muy":11,"a46i3_alta":4,"a46i3_al_1":47,"a46i3_al_2":2232,"a46i3_al_3":0,"total":3516}},
{"type":"Feature","geometry":{"type":"Polygon","coordinates":[[[-80.23704,-0.86133],[-80.24557,-0.85885],[-80.26492,-0.86756],[-80.27173,-0.87782],[-80.27678,-0.89475],[-80.29439,-0.90609],[-80.2999,-0.92497],[-80.29177,-0.93651],[-80.2969,-0.94732],[-80.26402,-0.97521],[-80.25336,-0.98895],[-80.25115,-1.00191],[-80.20537,-1.00285],[-80.19716,-1.01223],[-80.18596,-1.00849],[-80.17706,-0.99588],[-80.153,-0.99198],[-80.146,-1.00177],[-80.12665,-1.0081],[-80.12155,-1.01674],[-80.09435,-1.02088],[-80.09581,-1.00813],[-80.08055,-0.98448],[-80.06455,-0.97669],[-80.07114,-0.96516],[-80.08384,-0.9664],[-80.11845,-0.9527],[-80.12393,-0.92741],[-80.12136,-0.91679],[-80.1406,-0.91172],[-80.1478,-0.9028],[-80.16631,-0.89406],[-80.17985,-0.87504],[-80.19511,-0.87251],[-80.20191,-0.8796],[-80.23704,-0.86133]]]},"properties":{"DPA_CANTON":"1307","DPA_DESCAN":"JUNÍN","DPA_PROVIN":"13","DPA_DESPRO":"MANABÍ","a45i3_muy":418,"a45i3_alta":0,"a45i3_al_1":100,"a46i3_muy":2,"a46i3_alta":0,"a46i3_al_1":15,"a46i3_al_2":802,"a46i3_al_3":0,"total":1337}},
{"type":"Feature","geometry":{"type":"Polygon","coordinates":[[[-80.66846,-0.96515],[-80.66653,-0.95307],[-80.65874,-0.93891],[-80.66828,-0.93245],[-80.68336,-0.94356],[-80.70673,-0.95015],[-80.72031,-0.95013],[-80.72781,-0.93754],[-80.74433,-0.94364],[-80.76404,-0.94354],[-80.78439,-0.95716],[-80.80432,-0.96026],[-80.81784,-0.95384],[-80.83073,-0.95994],[-80.84099,-0.97744],[-80.86208,-0.99776],[-80.87295,-1.01761],[-80.8852,-1.03065],[-80.89969,-1.03561],[-80.90722,-1.05687],[-80.89565,-1.10475],[-80.88426,-1.13425],[-80.8674,-1.13425],[-80.8595,-1.12623],[-80.8324,-1.12503],[-80.82286,-1.11619],[-80.82375,-1.0978],[-80.78333,-1.0978],[-80.78308,-1.07262],[-80.76554,-1.06734],[-80.76701,-1.04563],[-80.74686,-1.03699],[-80.74431,-1.01989],[-80.72522,-1.01718],[-80.71502,-1.00716],[-80.72193,-0.99978],[-80.69194,-0.98751],[-80.67661,-0.97264],[-80.67187,-0.96363],[-80.66846,-0.96515]]]},"properties":{"DPA_CANTON":"1308","DPA_DESCAN":"MANTA","DPA_PROVIN":"13","DPA_DESPRO":"MANABÍ","a45i3_muy":1209,"a45i3_alta":68,"a45i3_al_1":777,"a46i3_muy":19,"a46i3_alta":3,"a46i3_al_1":109,"a46i3_al_2":5586,"a46i3_al_3":0,"total":7771}},
{"type":"Feature","geometry":{"type":"Polygon","coordinates":[[[-80.54067,-1.00959],[-80.54296,-1.01483],[-80.5521,-1.01804],[-80.58067,-1.02271],[-80.62073,-0.99479],[-80.63872,-1.0008],[-80.67646,-0.99075],[-80.6774,-0.98564],[-80.66846,-0.96515],[-80.67187,-0.96363],[-80.67661,-0.97264],[-80.69194,-0.98751],[-80.72193,-0.99978],[-80.71502,-1.00716],[-80.72522,-1.01718],[-80.74431,-1.01989],[-80.74686,-1.03699],[-80.76701,-1.04563],[-80.76554,-1.06734],[-80.78308,-1.07262],[-80.78333,-1.0978],[-80.82375,-1.0978],[-80.82286,-1.11619],[-80.8324,-1.12503],[-80.8595,-1.12623],[-80.8674,-1.13425],[-80.88426,-1.13425],[-80.88063,-1.14822],[-80.8516,-1.20273],[-80.81829,-1.24621],[-80.80553,-1.26036],[-80.78922,-1.25011],[-80.77575,-1.23096],[-80.7671,-1.22896],[-80.75511,-1.24075],[-80.75041,-1.26273],[-80.7363,-1.26575],[-80.72165,-1.25487],[-80.72778,-1.20639],[-80.71625,-1.20956],[-80.70527,-1.20013],[-80.68949,-1.19949],[-80.67775,-1.1879],[-80.65049,-1.18415],[-80.63994,-1.19979],[-80.62334,-1.18852],[-80.60003,-1.1856],[-80.59049,-1.18888],[-80.56854,-1.17569],[-80.543,-1.18935],[-80.53909,-1.1858],[-80.53475,-1.1693],[-80.54476,-1.15707],[-80.5358,-1.13363],[-80.53125,-1.10595],[-80.53541,-1.0826],[-80.54722,-1.07623],[-80.54519,-1.04507],[-80.5484,-1.03831],[-80.53829,-1.02244],[-80.54067,-1.00959]]]},"properties":{"DPA_CANTON":"1309","DPA_DESCAN":"MONTECRISTI","DPA_PROVIN":"13","DPA_DESPRO":"MANABÍ","a45i3_muy":229,"a45i3_alta":262,"a45i3_al_1":248,"a46i3_muy":2,"a46i3_alta":7,"a46i3_al_1":64,"a46i3_al_2":2437,"a46i3_al_3":0,"total":3249}},
{"type":"Feature","geometry":{"type":"Polygon","coordinates":[[[-80.19776,-1.46263],[-80.21447,-1.46816],[-80.22582,-1.45832],[-80.23482,-1.45628],[-80.2412,-1.46298],[-80.24595,-1.45758],[-80.25681,-1.45757],[-80.26725,-1.46634],[-80.27381,-1.48191],[-80.29668,-1.49311],[-80.30419,-1.5066],[-80.32656,-1.51481],[-80.33054,-1.5246],[-80.32832,-1.5432],[-80.35339,-1.55618],[-80.35984,-1.54131],[-80.39277,-1.5359],[-80.40068,-1.50929],[-80.40183,-1.49324],[-80.40814,-1.48772],[-80.42776,-1.49352],[-80.44928,-1.49352],[-80.45512,-1.50776],[-80.50005,-1.51079],[-80.50991,-1.52131],[-80.50775,-1.54001],[-80.51223,-1.56749],[-80.52907,-1.56897],[-80.53915,-1.56011],[-80.54477,-1.57451],[-80.51991,-1.58497],[-80.53026,-1.60923],[-80.52785,-1.62212],[-80.51281,-1.65162],[-80.50664,-1.67156],[-80.53033,-1.68811],[-80.52552,-1.69502],[-80.53597,-1.71234],[-80.52802,-1.73066],[-80.53887,-1.77045],[-80.54959,-1.78048],[-80.55561,-1.79127],[-80.55772,-1.81005],[-80.56421,-1.81948],[-80.56584,-1.83943],[-80.53452,-1.8781],[-80.52087,-1.90032],[-80.51938,-1.9165],[-80.50641,-1.92549],[-80.48434,-1.92279],[-80.47147,-1.92845],[-80.46418,-1.94732],[-80.45539,-1.94069],[-80.44042,-1.94314],[-80.43004,-1.92145],[-80.42994,-1.89539],[-80.43911,-1.85895],[-80.42757,-1.85451],[-80.4282,-1.83647],[-80.40749,-1.83149],[-80.41691,-1.81394],[-80.42577,-1.80842],[-80.41915,-1.78631],[-80.40545,-1.77453],[-80.39028,-1.77183],[-80.38258,-1.75178],[-80.36245,-1.73946],[-80.35117,-1.72314],[-80.33398,-1.72387],[-80.33497,-1.70625],[-80.32461,-1.69125],[-80.31308,-1.69034],[-80.29797,-1.70678],[-80.28292,-1.70301],[-80.29993,-1.68715],[-80.28835,-1.67914],[-80.26479,-1.6783],[-80.23926,-1.69347],[-80.21058,-1.69296],[-80.20971,-1.66999],[-80.21667,-1.66648],[-80.22387,-1.64935],[-80.22011,-1.63591],[-80.22796,-1.62498],[-80.22363,-1.61615],[-80.25259,-1.61615],[-80.28202,-1.57074],[-80.24515,-1.56627],[-80.23536,-1.5742],[-80.22021,-1.57432],[-80.1927,-1.55082],[-80.1755,-1.52844],[-80.19777,-1.51459],[-80.20591,-1.49665],[-80.20413,-1.48233],[-80.19294,-1.47182],[-80.19776,-1.46263]]]},"properties":{"DPA_CANTON":"1310","DPA_DESCAN":"PAJÁN","DPA_PROVIN":"13","DPA_DESPRO":"MANABÍ","a45i3_muy":1153,"a45i3_alta":0,"a45i3_al_1":242,"a46i3_muy":19,"a46i3_alta":0,"a46i3_al_1":41,"a46i3_al_2":1726,"a46i3_al_3":0,"total":3181}},
{"type":"Feature","geometry":{"type":"Polygon","coordinates":[[[-79.672,-0.76062],[-79.67855,-0.74338],[-79.67382,-0.73673],[-79.69277,-0.7161],[-79.72002,-0.69844],[-79.74544,-0.69486],[-79.75425,-0.68085],[-79.75294,-0.67049],[-79.76162,-0.66139],[-79.78614,-0.65964],[-79.82958,-0.63619],[-79.84917,-0.64263],[-79.85633,-0.63813],[-79.88748,-0.64768],[-79.89948,-0.64158],[-79.89785,-0.66769],[-79.90365,-0.68719],[-79.88581,-0.69661],[-79.8766,-0.72484],[-79.88286,-0.73849],[-79.87929,-0.76335],[-79.89856,-0.77728],[-79.901,-0.78814],[-79.91796,-0.79671],[-79.93804,-0.79393],[-79.93605,-0.81111],[-79.92978,-0.8168],[-79.90806,-0.81969],[-79.89923,-0.84359],[-79.90818,-0.85559],[-79.90039,-0.87134],[-79.89871,-0.88691],[-79.88892,-0.88552],[-79.87192,-0.89658],[-79.87413,-0.90584],[-79.89867,-0.91535],[-79.91025,-0.93483],[-79.90312,-0.95997],[-79.91052,-0.96385],[-79.91916,-0.9861],[-79.94354,-0.99416],[-79.95553,-0.98206],[-79.98157,-0.97807],[-79.9856,-1.00784],[-79.98292,-1.02063],[-79.99568,-1.0403],[-80.00637,-1.04355],[-80.02212,-1.048],[-80.02677,-1.0708],[-80.03531,-1.07611],[-80.04344,-1.09333],[-80.03534,-1.09593],[-80.0379,-1.12233],[-80.02251,-1.12941],[-80.00258,-1.12673],[-79.98024,-1.14071],[-79.96566,-1.14202],[-79.95521,-1.13859],[-79.9404,-1.15573],[-79.92765,-1.14646],[-79.90872,-1.13945],[-79.90362,-1.12665],[-79.8746,-1.10392],[-79.86151,-1.10002],[-79.84371,-1.08183],[-79.83342,-1.05016],[-79.81276,-1.04586],[-79.81242,-1.03335],[-79.8002,-1.02281],[-79.80454,-1.0102],[-79.79744,-1.0041],[-79.8005,-0.98955],[-79.7876,-0.97757],[-79.77442,-0.98011],[-79.77083,-0.94674],[-79.75373,-0.9305],[-79.73023,-0.88379],[-79.7051,-0.88321],[-79.69649,-0.87212],[-79.70719,-0.86298],[-79.71033,-0.85132],[-79.70473,-0.8341],[-79.69361,-0.83436],[-79.67886,-0.82022],[-79.68555,-0.78495],[-79.672,-0.76062]]]},"properties":{"DPA_CANTON":"1311","DPA_DESCAN":"PICHINCHA","DPA_PROVIN":"13","DPA_DESPRO":"MANABÍ","a45i3_muy":806,"a45i3_alta":0,"a45i3_al_1":218,"a46i3_muy":10,"a46i3_alta":0,"a46i3_al_1":33,"a46i3_al_2":1391,"a46i3_al_3":0,"total":2458}},
{"type":"Feature","geometry":{"type":"Polygon","coordinates":[[[-80.2722,-0.87663],[-80.28217,-0.87693],[-80.30973,-0.90142],[-80.31879,-0.88953],[-80.33183,-0.88505],[-80.33502,-0.86716],[-80.3462,-0.85752],[-80.35044,-0.84158],[-80.36361,-0.83202],[-80.37967,-0.82924],[-80.38381,-0.82221],[-80.41232,-0.84983],[-80.42767,-0.84665],[-80.46231,-0.86155],[-80.46911,-0.87153],[-80.48602,-0.87313],[-80.49189,-0.86437],[-80.49885,-0.86559],[-80.51242,-0.90457],[-80.53289,-0.92119],[-80.51572,-0.94614],[-80.51232,-0.96139],[-80.50057,-0.96754],[-80.45319,-0.97138],[-80.43828,-0.98438],[-80.42647,-0.9696],[-80.42503,-0.95664],[-80.38543,-0.9551],[-80.37096,-0.94497],[-80.35998,-0.95466],[-80.33657,-0.94961],[-80.32435,-0.95514],[-80.2969,-0.94732],[-80.29177,-0.93651],[-80.2999,-0.92497],[-80.29439,-0.90609],[-80.27678,-0.89475],[-80.2722,-0.87663]]]},"properties":{"DPA_CANTON":"1312","DPA_DESCAN":"ROCAFUERTE","DPA_PROVIN":"13","DPA_DESPRO":"MANABÍ","a45i3_muy":532,"a45i3_alta":0,"a45i3_al_1":193,"a46i3_muy":4,"a46i3_alta":0,"a46i3_al_1":29,"a46i3_al_2":1151,"a46i3_al_3":0,"total":1909}},
{"type":"Feature","geometry":{"type":"Polygon","coordinates":[[[-80.03531,-1.07611],[-80.04419,-1.06686],[-80.06567,-1.06305],[-80.09885,-1.07032],[-80.11573,-1.0813],[-80.13834,-1.08004],[-80.14647,-1.08908],[-80.18928,-1.08793],[-80.1999,-1.08199],[-80.21527,-1.08566],[-80.22365,-1.08054],[-80.23951,-1.09031],[-80.25797,-1.08715],[-80.28701,-1.09778],[-80.29462,-1.10988],[-80.30806,-1.1064],[-80.32384,-1.11579],[-80.33442,-1.14373],[-80.34254,-1.15162],[-80.3644,-1.15871],[-80.37883,-1.15358],[-80.38987,-1.16387],[-80.42761,-1.17391],[-80.451,-1.18699],[-80.48463,-1.18209],[-80.49413,-1.18835],[-80.52158,-1.18987],[-80.52904,-1.19787],[-80.54219,-1.20803],[-80.52523,-1.21861],[-80.4586,-1.21801],[-80.44719,-1.21199],[-80.42451,-1.21289],[-80.40708,-1.22157],[-80.41054,-1.24011],[-80.39314,-1.27896],[-80.37551,-1.28883],[-80.36737,-1.31304],[-80.34142,-1.31469],[-80.32538,-1.30429],[-80.31004,-1.30292],[-80.30086,-1.3108],[-80.293,-1.30942],[-80.27539,-1.29143],[-80.25291,-1.28676],[-80.24187,-1.27669],[-80.22097,-1.27604],[-80.21532,-1.2961],[-80.20516,-1.29088],[-80.16762,-1.30615],[-80.14994,-1.30568],[-80.13278,-1.29028],[-80.12376,-1.30152],[-80.10681,-1.30677],[-80.10181,-1.31548],[-80.10162,-1.32157],[-80.09704,-1.32681],[-80.08997,-1.32309],[-80.06955,-1.29713],[-80.04717,-1.28737],[-80.03495,-1.27395],[-80.03784,-1.25392],[-80.02045,-1.24273],[-80.0108,-1.20495],[-79.9935,-1.19367],[-79.9863,-1.17636],[-79.97485,-1.17573],[-79.96326,-1.1854],[-79.95037,-1.17885],[-79.94962,-1.16799],[-79.97021,-1.16862],[-79.9646,-1.15664],[-79.96566,-1.14202],[-79.98024,-1.14071],[-80.00258,-1.12673],[-80.02251,-1.12941],[-80.0379,-1.12233],[-80.03534,-1.09593],[-80.04344,-1.09333],[-80.03531,-1.07611]]]},"properties":{"DPA_CANTON":"1313","DPA_DESCAN":"SANTA ANA","DPA_PROVIN":"13","DPA_DESPRO":"MANABÍ","a45i3_muy":545,"a45i3_alta":270,"a45i3_al_1":219,"a46i3_muy":8,"a46i3_alta":3,"a46i3_al_1":37,"a46i3_al_2":1805,"a46i3_al_3":0,"total":2887}},
{"type":"Feature","geometry":{"type":"MultiPolygon","coordinates":[[[[-80.31067,-0.64998],[-80.33897,-0.64462],[-80.34539,-0.65027],[-80.36189,-0.64735],[-80.37684,-0.652],[-80.3933,-0.64488],[-80.41194,-0.61903],[-80.41583,-0.59391],[-80.42225,-0.58251],[-80.4219,-0.59465],[-80.43012,-0.60255],[-80.45239,-0.61103],[-80.45512,-0.62085],[-80.46968,-0.63892],[-80.48325,-0.68427],[-80.4969,-0.72008],[-80.50539,-0.73428],[-80.51779,-0.78003],[-80.52018,-0.79752],[-80.51485,-0.82258],[-80.50534,-0.83345],[-80.49189,-0.86437],[-80.48602,-0.87313],[-80.46911,-0.87153],[-80.46231,-0.86155],[-80.42767,-0.84665],[-80.41232,-0.84983],[-80.38381,-0.82221],[-80.3599,-0.77606],[-80.35196,-0.77365],[-80.33868,-0.75368],[-80.33556,-0.73238],[-80.35971,-0.73425],[-80.3589,-0.7228],[-80.33672,-0.73022],[-80.32681,-0.72204],[-80.32993,-0.70995],[-80.32091,-0.67423],[-80.31067,-0.64998]]],[[[-80.09012,-0.25332],[-80.10013,-0.25146],[-80.13105,-0.25955],[-80.14702,-0.27812],[-80.1716,-0.29155],[-80.18051,-0.27856],[-80.20173,-0.28678],[-80.19316,-0.30068],[-80.20441,-0.31071],[-80.21725,-0.31257],[-80.2243,-0.32467],[-80.24511,-0.31802],[-80.25163,-0.33123],[-80.26247,-0.33714],[-80.27565,-0.33345],[-80.29605,-0.35697],[-80.30995,-0.3676],[-80.3015,-0.39928],[-80.28866,-0.40057],[-80.27306,-0.44496],[-80.26076,-0.44575],[-80.24434,-0.45451],[-80.22963,-0.45511],[-80.22125,-0.46977],[-80.22147,-0.48109],[-80.19926,-0.48109],[-80.18641,-0.46734],[-80.19256,-0.45392],[-80.18217,-0.43757],[-80.18023,-0.42539],[-80.16409,-0.4233],[-80.17291,-0.38338],[-80.16592,-0.36309],[-80.14745,-0.35283],[-80.12637,-0.34786],[-80.10825,-0.309],[-80.10027,-0.30532],[-80.10053,-0.27991],[-80.09012,-0.25332]]]]},"properties":{"DPA_CANTON":"1314","DPA_DESCAN":"SUCRE","DPA_PROVIN":"13","DPA_DESPRO":"MANABÍ","a45i3_muy":898,"a45i3_alta":93,"a45i3_al_1":472,"a46i3_muy":11,"a46i3_alta":2,"a46i3_al_1":45,"a46i3_al_2":2041,"a46i3_al_3":0,"total":3562}},
{"type":"Feature","geometry":{"type":"Polygon","coordinates":[[[-80.28032,-0.65688],[-80.31067,-0.64998],[-80.32091,-0.67423],[-80.32993,-0.70995],[-80.32681,-0.72204],[-80.33672,-0.73022],[-80.3589,-0.7228],[-80.35971,-0.73425],[-80.33556,-0.73238],[-80.33868,-0.75368],[-80.35196,-0.77365],[-80.3599,-0.77606],[-80.38381,-0.82221],[-80.37967,-0.82924],[-80.36361,-0.83202],[-80.35044,-0.84158],[-80.3462,-0.85752],[-80.33502,-0.86716],[-80.33183,-0.88505],[-80.31879,-0.88953],[-80.30973,-0.90142],[-80.28217,-0.87693],[-80.2722,-0.87663],[-80.26492,-0.86756],[-80.25584,-0.8614],[-80.24557,-0.85885],[-80.23704,-0.86133],[-80.22736,-0.85891],[-80.21112,-0.83272],[-80.18355,-0.83],[-80.17332,-0.80224],[-80.16915,-0.80018],[-80.17265,-0.79338],[-80.15614,-0.77484],[-80.16204,-0.75872],[-80.1642,-0.73317],[-80.17642,-0.73094],[-80.1853,-0.73788],[-80.20656,-0.72843],[-80.2139,-0.71406],[-80.24409,-0.68841],[-80.25234,-0.69204],[-80.26696,-0.68014],[-80.28032,-0.65688]]]},"properties":{"DPA_CANTON":"1315","DPA_DESCAN":"TOSAGUA","DPA_PROVIN":"13","DPA_DESPRO":"MANABÍ","a45i3_muy":575,"a45i3_alta":126,"a45i3_al_1":226,"a46i3_muy":8,"a46i3_alta":3,"a46i3_al_1":38,"a46i3_al_2":1433,"a46i3_al_3":0,"total":2409}},
{"type":"Feature","geometry":{"type":"Polygon","coordinates":[[[-80.30086,-1.3108],[-80.31004,-1.30292],[-80.32538,-1.30429],[-80.34142,-1.31469],[-80.36737,-1.31304],[-80.37551,-1.28883],[-80.39314,-1.27896],[-80.41054,-1.24011],[-80.40708,-1.22157],[-80.42451,-1.21289],[-80.44719,-1.21199],[-80.4586,-1.21801],[-80.52523,-1.21861],[-80.51702,-1.2306],[-80.50813,-1.26624],[-80.48817,-1.29576],[-80.47138,-1.30057],[-80.47892,-1.32627],[-80.47128,-1.33427],[-80.45398,-1.33725],[-80.45651,-1.34762],[-80.42314,-1.38958],[-80.44481,-1.39415],[-80.44831,-1.40788],[-80.44168,-1.44397],[-80.42363,-1.45625],[-80.41505,-1.47166],[-80.4032,-1.479],[-80.40183,-1.49324],[-80.40068,-1.50929],[-80.39277,-1.5359],[-80.35984,-1.54131],[-80.35339,-1.55618],[-80.32832,-1.5432],[-80.33054,-1.5246],[-80.32656,-1.51481],[-80.30419,-1.5066],[-80.29668,-1.49311],[-80.27381,-1.48191],[-80.26725,-1.46634],[-80.25681,-1.45757],[-80.25412,-1.4518],[-80.27539,-1.42887],[-80.26829,-1.41391],[-80.26977,-1.39502],[-80.26579,-1.38274],[-80.28075,-1.3681],[-80.27841,-1.34402],[-80.29562,-1.32482],[-80.30158,-1.3156],[-80.30086,-1.3108]]]},"properties":{"DPA_CANTON":"1316","DPA_DESCAN":"24 DE MAYO","DPA_PROVIN":"13","DPA_DESPRO":"MANABÍ","a45i3_muy":550,"a45i3_alta":77,"a45i3_al_1":158,"a46i3_muy":11,"a46i3_alta":1,"a46i3_al_1":29,"a46i3_al_2":1117,"a46i3_al_3":0,"total":1943}},
{"type":"Feature","geometry":{"type":"Polygon","coordinates":[[[-79.60286,0.08227],[-79.59191,0.08561],[-79.58024,0.10691],[-79.56936,0.11455],[-79.59851,0.12271],[-79.60892,0.13138],[-79.62773,0.15775],[-79.64056,0.15241],[-79.65204,0.16047],[-79.66533,0.17808],[-79.67703,0.16367],[-79.7101,0.18478],[-79.70479,0.21179],[-79.68646,0.22726],[-79.66601,0.26436],[-79.67328,0.27583],[-79.68654,0.2742],[-79.69749,0.28952],[-79.71808,0.29277],[-79.71653,0.30573],[-79.72067,0.32562],[-79.70566,0.34317],[-79.71677,0.36592],[-79.72872,0.37505],[-79.7623,0.38181],[-79.77947,0.37709],[-79.80521,0.36305],[-79.81716,0.33187],[-79.83214,0.32439],[-79.86426,0.31468],[-79.8855,0.32214],[-79.89525,0.31257],[-79.90367,0.27756],[-79.91863,0.2759],[-79.93174,0.25404],[-79.94538,0.26192],[-79.97111,0.26335],[-79.98078,0.27307],[-79.98798,0.2925],[-79.99486,0.34371],[-80.00582,0.35704],[-80.03002,0.37388],[-80.04207,0.36419],[-80.03659,0.32146],[-80.03493,0.25901],[-80.03048,0.20516],[-80.03161,0.17712],[-80.04162,0.12255],[-80.06116,0.06277],[-80.07419,0.04581],[-80.08869,0.04884],[-80.09638,0.01257],[-80.10293,0.00896],[-80.12413,-0.01781],[-80.1302,-0.03197],[-80.1541,-0.06598],[-80.14412,-0.0724],[-80.12562,-0.06295],[-80.11061,-0.08091],[-80.11034,-0.11791],[-80.13306,-0.13151],[-80.12547,-0.14472],[-80.1137,-0.15019],[-80.10046,-0.1652],[-80.11014,-0.21105],[-80.10083,-0.23128],[-80.08272,-0.2367],[-80.06778,-0.2268],[-80.06482,-0.2159],[-80.05199,-0.21366],[-80.02497,-0.18407],[-80.01589,-0.18543],[-79.98789,-0.15967],[-79.97208,-0.15042],[-79.96848,-0.13417],[-79.97002,-0.11697],[-79.95812,-0.10973],[-79.94316,-0.09331],[-79.92762,-0.08788],[-79.92718,-0.07197],[-79.91139,-0.06007],[-79.89762,-0.06126],[-79.8749,-0.04936],[-79.84216,-0.01936],[-79.84275,-0.00364],[-79.8094,0.00133],[-79.78972,0.01164],[-79.73852,0.01896],[-79.72584,0.03404],[-79.70453,0.03425],[-79.70432,0.05678],[-79.64891,0.06111],[-79.62893,0.07182],[-79.62994,0.08059],[-79.61057,0.0878],[-79.60286,0.08227]]]},"properties":{"DPA_CANTON":"1317","DPA_DESCAN":"PEDERNALES","DPA_PROVIN":"13","DPA_DESPRO":"MANABÍ","a45i3_muy":1855,"a45i3_alta":0,"a45i3_al_1":481,"a46i3_muy":22,"a46i3_alta":0,"a46i3_al_1":84,"a46i3_al_2":3229,"a46i3_al_3":0,"total":5671}},
{"type":"Feature","geometry":{"type":"Polygon","coordinates":[[[-80.09906,-1.32629],[-80.10162,-1.32157],[-80.10181,-1.31548],[-80.10681,-1.30677],[-80.12376,-1.30152],[-80.13278,-1.29028],[-80.14994,-1.30568],[-80.16762,-1.30615],[-80.20516,-1.29088],[-80.21532,-1.2961],[-80.22097,-1.27604],[-80.24187,-1.27669],[-80.25291,-1.28676],[-80.27539,-1.29143],[-80.293,-1.30942],[-80.30158,-1.3156],[-80.29562,-1.32482],[-80.28489,-1.33193],[-80.27841,-1.34402],[-80.28075,-1.3681],[-80.26579,-1.38274],[-80.26977,-1.39502],[-80.26829,-1.41391],[-80.27539,-1.42887],[-80.25412,-1.4518],[-80.25681,-1.45757],[-80.24595,-1.45758],[-80.2412,-1.46298],[-80.22582,-1.45832],[-80.21447,-1.46816],[-80.19776,-1.46263],[-80.19806,-1.44884],[-80.19213,-1.43525],[-80.19545,-1.42202],[-80.16977,-1.41611],[-80.15396,-1.40804],[-80.14486,-1.40721],[-80.14216,-1.38071],[-80.15376,-1.36676],[-80.13754,-1.32412],[-80.10976,-1.32283],[-80.09906,-1.32629]]]},"properties":{"DPA_CANTON":"1318","DPA_DESCAN":"OLMEDO","DPA_PROVIN":"13","DPA_DESPRO":"MANABÍ","a45i3_muy":273,"a45i3_alta":0,"a45i3_al_1":76,"a46i3_muy":5,"a46i3_alta":0,"a46i3_al_1":5,"a46i3_al_2":439,"a46i3_al_3":0,"total":798}},
{"type":"Feature","geometry":{"type":"Polygon","coordinates":[[[-80.67827,-1.67445],[-80.66966,-1.65629],[-80.6678,-1.63605],[-80.67447,-1.61819],[-80.67617,-1.59376],[-80.68202,-1.5843],[-80.67699,-1.57141],[-80.67726,-1.55214],[-80.70319,-1.51809],[-80.70859,-1.49626],[-80.70382,-1.47805],[-80.70717,-1.47157],[-80.68715,-1.44341],[-80.68135,-1.41815],[-80.71219,-1.39647],[-80.71858,-1.37991],[-80.74475,-1.38416],[-80.75853,-1.39283],[-80.75159,-1.42015],[-80.75447,-1.42984],[-80.76707,-1.43738],[-80.76329,-1.45841],[-80.76727,-1.47525],[-80.793,-1.4939],[-80.80271,-1.4959],[-80.81773,-1.51535],[-80.8128,-1.53018],[-80.81323,-1.55768],[-80.83513,-1.56121],[-80.84109,-1.58276],[-80.85222,-1.60106],[-80.82171,-1.6578],[-80.80254,-1.71157],[-80.7845,-1.69976],[-80.75895,-1.67665],[-80.74353,-1.67711],[-80.73087,-1.68586],[-80.71333,-1.67603],[-80.69585,-1.67179],[-80.67827,-1.67445]]]},"properties":{"DPA_CANTON":"1319","DPA_DESCAN":"PUERTO LÓPEZ","DPA_PROVIN":"13","DPA_DESPRO":"MANABÍ","a45i3_muy":165,"a45i3_alta":0,"a45i3_al_1":43,"a46i3_muy":5,"a46i3_alta":0,"a46i3_al_1":22,"a46i3_al_2":782,"a46i3_al_3":0,"total":1017}},
{"type":"Feature","geometry":{"type":"Polygon","coordinates":[[[-80.10786,-0.10466],[-80.11061,-0.08091],[-80.12562,-0.06295],[-80.14412,-0.0724],[-80.15881,-0.06624],[-80.17767,-0.07619],[-80.20426,-0.10934],[-80.23476,-0.139],[-80.26521,-0.16532],[-80.29337,-0.18578],[-80.3084,-0.18883],[-80.32609,-0.17293],[-80.33852,-0.20135],[-80.35721,-0.21958],[-80.37971,-0.23368],[-80.38014,-0.24786],[-80.3694,-0.25979],[-80.3621,-0.29643],[-80.36293,-0.32364],[-80.34972,-0.33738],[-80.33154,-0.33643],[-80.31669,-0.34523],[-80.30995,-0.3676],[-80.29605,-0.35697],[-80.27565,-0.33345],[-80.26247,-0.33714],[-80.25163,-0.33123],[-80.24511,-0.31802],[-80.2243,-0.32467],[-80.21725,-0.31257],[-80.20441,-0.31071],[-80.19316,-0.30068],[-80.20173,-0.28678],[-80.18051,-0.27856],[-80.1716,-0.29155],[-80.14702,-0.27812],[-80.13105,-0.25955],[-80.10836,-0.25506],[-80.10013,-0.25146],[-80.09218,-0.25242],[-80.08059,-0.24774],[-80.08272,-0.2367],[-80.10083,-0.23128],[-80.11014,-0.21105],[-80.10046,-0.1652],[-80.1137,-0.15019],[-80.12547,-0.14472],[-80.13306,-0.13151],[-80.11034,-0.11791],[-80.10786,-0.10466]]]},"properties":{"DPA_CANTON":"1320","DPA_DESCAN":"JAMA","DPA_PROVIN":"13","DPA_DESPRO":"MANABÍ","a45i3_muy":595,"a45i3_alta":0,"a45i3_al_1":163,"a46i3_muy":3,"a46i3_alta":0,"a46i3_al_1":14,"a46i3_al_2":926,"a46i3_al_3":0,"total":1701}},
{"type":"Feature","geometry":{"type":"Polygon","coordinates":[[[-80.58506,-0.9281],[-80.61877,-0.94462],[-80.63098,-0.94705],[-80.65595,-0.93557],[-80.66653,-0.95307],[-80.66846,-0.96515],[-80.6705,-0.97213],[-80.6774,-0.98564],[-80.67646,-0.99075],[-80.63872,-1.0008],[-80.62073,-0.99479],[-80.58067,-1.02271],[-80.56776,-1.01786],[-80.5521,-1.01804],[-80.54296,-1.01483],[-80.54404,-1.0051],[-80.5403,-0.99679],[-80.55103,-0.98411],[-80.56117,-0.95192],[-80.58506,-0.9281]]]},"properties":{"DPA_CANTON":"1321","DPA_DESCAN":"JARAMIJÓ","DPA_PROVIN":"13","DPA_DESPRO":"MANABÍ","a45i3_muy":454,"a45i3_alta":0,"a45i3_al_1":236,"a46i3_muy":5,"a46i3_alta":0,"a46i3_al_1":23,"a46i3_al_2":989,"a46i3_al_3":0,"total":1707}},
{"type":"Feature","geometry":{"type":"Polygon","coordinates":[[[-80.30995,-0.3676],[-80.31669,-0.34523],[-80.33154,-0.33643],[-80.34972,-0.33738],[-80.36293,-0.32364],[-80.3621,-0.29643],[-80.3694,-0.25979],[-80.38496,-0.24786],[-80.39471,-0.28473],[-80.40329,-0.30662],[-80.41614,-0.31422],[-80.42701,-0.33339],[-80.45472,-0.35582],[-80.47619,-0.36884],[-80.48832,-0.36587],[-80.49317,-0.39895],[-80.48454,-0.41587],[-80.47763,-0.43951],[-80.462,-0.45204],[-80.45342,-0.47605],[-80.44106,-0.53043],[-80.4361,-0.56399],[-80.42255,-0.57229],[-80.42225,-0.58251],[-80.41583,-0.59391],[-80.41194,-0.61903],[-80.3933,-0.64488],[-80.37684,-0.652],[-80.36189,-0.64735],[-80.34539,-0.65027],[-80.33897,-0.64462],[-80.31067,-0.64998],[-80.28032,-0.65688],[-80.28011,-0.63251],[-80.26488,-0.60767],[-80.27097,-0.57804],[-80.24513,-0.5432],[-80.24675,-0.52959],[-80.23805,-0.51065],[-80.22581,-0.50468],[-80.21772,-0.49335],[-80.22147,-0.48109],[-80.22125,-0.46977],[-80.22963,-0.45511],[-80.24434,-0.45451],[-80.26076,-0.44575],[-80.27306,-0.44496],[-80.28866,-0.40057],[-80.3015,-0.39928],[-80.30995,-0.3676]]]},"properties":{"DPA_CANTON":"1322","DPA_DESCAN":"SAN VICENTE","DPA_PROVIN":"13","DPA_DESPRO":"MANABÍ","a45i3_muy":617,"a45i3_alta":0,"a45i3_al_1":242,"a46i3_muy":4,"a46i3_alta":0,"a46i3_al_1":19,"a46i3_al_2":1075,"a46i3_al_3":0,"total":1957}},
{"type":"Feature","geometry":{"type":"Polygon","coordinates":[[[-78.19672,-2.01192],[-78.19903,-2.01394],[-78.20429,-2.01492],[-78.20662,-2.02023],[-78.21098,-2.01809],[-78.21901,-2.02408],[-78.2485,-2.01086],[-78.2687,-2.01799],[-78.30153,-2.015],[-78.31836,-2.00488],[-78.34234,-2.00524],[-78.36488,-2.04122],[-78.37625,-2.04853],[-78.39148,-2.03902],[-78.40498,-2.04147],[-78.41541,-2.0315],[-78.43618,-2.03224],[-78.44792,-2.02689],[-78.45295,-2.04447],[-78.45207,-2.06501],[-78.43926,-2.07609],[-78.43483,-2.0907],[-78.44596,-2.10222],[-78.45016,-2.11797],[-78.46894,-2.12002],[-78.48475,-2.1296],[-78.49221,-2.12492],[-78.51312,-2.13279],[-78.51656,-2.15461],[-78.50425,-2.15871],[-78.5045,-2.17195],[-78.4979,-2.19753],[-78.50122,-2.20598],[-78.48739,-2.21657],[-78.49935,-2.23011],[-78.50519,-2.24653],[-78.51455,-2.2403],[-78.5344,-2.24018],[-78.53448,-2.24049],[-78.53553,-2.24188],[-78.5364,-2.24216],[-78.5369,-2.24493],[-78.54288,-2.25614],[-78.53712,-2.26586],[-78.53792,-2.28002],[-78.55143,-2.30521],[-78.57778,-2.30595],[-78.58709,-2.31829],[-78.57613,-2.33089],[-78.56686,-2.32689],[-78.55513,-2.33358],[-78.5458,-2.33552],[-78.51933,-2.32439],[-78.49998,-2.33266],[-78.48661,-2.33362],[-78.46486,-2.34993],[-78.45985,-2.37199],[-78.44262,-2.37735],[-78.42546,-2.37361],[-78.39168,-2.38376],[-78.37064,-2.37568],[-78.36089,-2.36593],[-78.3339,-2.36433],[-78.3163,-2.35601],[-78.30129,-2.3588],[-78.29337,-2.34867],[-78.27592,-2.35359],[-78.23571,-2.34166],[-78.21299,-2.37028],[-78.19395,-2.37214],[-78.18399,-2.38914],[-78.15208,-2.40131],[-78.15334,-2.37483],[-78.13549,-2.3439],[-78.11517,-2.33191],[-78.10586,-2.30479],[-78.10343,-2.28765],[-78.0894,-2.26117],[-78.08751,-2.24181],[-78.09493,-2.22824],[-78.09566,-2.20287],[-78.08522,-2.18352],[-78.08869,-2.16929],[-78.09803,-2.15627],[-78.04354,-2.15508],[-78.03756,-2.14701],[-78.03429,-2.12777],[-77.99269,-2.12908],[-77.98,-2.13846],[-77.94843,-2.13072],[-77.93899,-2.14134],[-77.92888,-2.16237],[-77.90764,-2.16843],[-77.90715,-2.18276],[-77.8885,-2.20084],[-77.88578,-2.2504],[-77.87715,-2.25874],[-77.87157,-2.28021],[-77.85067,-2.28794],[-77.83681,-2.29758],[-77.82756,-2.29756],[-77.81782,-2.27606],[-77.80706,-2.26852],[-77.78445,-2.26434],[-77.74664,-2.26868],[-77.73605,-2.2651],[-77.72549,-2.24679],[-77.73518,-2.21958],[-77.76378,-2.22403],[-77.77082,-2.22911],[-77.79524,-2.2208],[-77.81055,-2.21921],[-77.81012,-2.1956],[-77.82088,-2.17418],[-77.80816,-2.14733],[-77.81,-2.12423],[-77.80474,-2.11314],[-77.80839,-2.08305],[-77.79929,-2.06658],[-77.80504,-2.05104],[-77.8049,-2.02281],[-77.81372,-2.00969],[-77.82283,-2.00969],[-77.83722,-2.02293],[-77.85737,-2.01062],[-77.86505,-2.01738],[-77.85865,-2.03214],[-77.87195,-2.06053],[-77.8914,-2.07525],[-77.92582,-2.07591],[-77.96011,-2.10864],[-77.98597,-2.11924],[-78.00603,-2.11416],[-78.01914,-2.1183],[-78.02593,-2.10394],[-78.02312,-2.06884],[-78.03772,-2.04985],[-78.05573,-2.05234],[-78.08006,-2.03742],[-78.11553,-2.01919],[-78.12989,-2.02113],[-78.16939,-2.00861],[-78.18878,-2.00709],[-78.19672,-2.01192]]]},"properties":{"DPA_CANTON":"1401","DPA_DESCAN":"MORONA","DPA_PROVIN":"14","DPA_DESPRO":"MORONA SANTIAGO","a45i3_muy":458,"a45i3_alta":55,"a45i3_al_1":161,"a46i3_muy":0,"a46i3_alta":1,"a46i3_al_1":27,"a46i3_al_2":1023,"a46i3_al_3":0,"total":1725}},
{"type":"Feature","geometry":{"type":"Polygon","coordinates":[[[-78.34673,-3.38092],[-78.35145,-3.36141],[-78.3433,-3.34533],[-78.36366,-3.34082],[-78.38013,-3.33269],[-78.38563,-3.3224],[-78.40168,-3.31104],[-78.44623,-3.32227],[-78.46209,-3.32818],[-78.47432,-3.31561],[-78.49934,-3.31954],[-78.50912,-3.31301],[-78.52902,-3.274],[-78.54464,-3.25347],[-78.54666,-3.23121],[-78.55827,-3.22846],[-78.56661,-3.21202],[-78.56662,-3.19133],[-78.55935,-3.17076],[-78.58251,-3.14891],[-78.61704,-3.14901],[-78.62078,-3.12752],[-78.63226,-3.12862],[-78.63941,-3.11484],[-78.65539,-3.12205],[-78.67354,-3.11711],[-78.68835,-3.10483],[-78.71011,-3.13349],[-78.73002,-3.14296],[-78.73668,-3.13965],[-78.7504,-3.14824],[-78.75485,-3.16008],[-78.77328,-3.16691],[-78.78369,-3.18528],[-78.81093,-3.20718],[-78.83633,-3.24598],[-78.85611,-3.22994],[-78.86669,-3.24161],[-78.8985,-3.25398],[-78.91393,-3.27367],[-78.9344,-3.27311],[-78.93385,-3.28885],[-78.93453,-3.29628],[-78.9526,-3.30254],[-78.94534,-3.32305],[-78.94297,-3.34342],[-78.93193,-3.35933],[-78.91621,-3.36745],[-78.90157,-3.39415],[-78.88132,-3.4015],[-78.87475,-3.42197],[-78.88068,-3.44396],[-78.86705,-3.46485],[-78.87052,-3.50227],[-78.85523,-3.51633],[-78.84245,-3.51864],[-78.83486,-3.54535],[-78.81864,-3.55064],[-78.78633,-3.55064],[-78.77539,-3.56139],[-78.75437,-3.5687],[-78.73897,-3.56213],[-78.72293,-3.56195],[-78.70613,-3.57791],[-78.68362,-3.58746],[-78.66819,-3.55074],[-78.65223,-3.54528],[-78.64584,-3.53751],[-78.62803,-3.53383],[-78.60224,-3.54709],[-78.57715,-3.55074],[-78.55874,-3.54139],[-78.53463,-3.53735],[-78.53006,-3.52973],[-78.3652,-3.52973],[-78.36594,-3.51297],[-78.35513,-3.49542],[-78.35827,-3.47688],[-78.35509,-3.46244],[-78.34595,-3.45051],[-78.34253,-3.42649],[-78.35575,-3.40349],[-78.34428,-3.39132],[-78.34673,-3.38092]]]},"properties":{"DPA_CANTON":"1402","DPA_DESCAN":"GUALAQUIZA","DPA_PROVIN":"14","DPA_DESPRO":"MORONA SANTIAGO","a45i3_muy":321,"a45i3_alta":72,"a45i3_al_1":99,"a46i3_muy":2,"a46i3_alta":0,"a46i3_al_1":19,"a46i3_al_2":727,"a46i3_al_3":0,"total":1240}},
{"type":"Feature","geometry":{"type":"Polygon","coordinates":[[[-78.22932,-2.98283],[-78.23856,-2.95944],[-78.25518,-2.93022],[-78.25622,-2.91],[-78.24979,-2.90145],[-78.24531,-2.82784],[-78.28342,-2.81372],[-78.29746,-2.8061],[-78.31852,-2.82368],[-78.33155,-2.82949],[-78.33819,-2.81787],[-78.35052,-2.8138],[-78.37781,-2.81575],[-78.39399,-2.79624],[-78.43046,-2.80299],[-78.44354,-2.84045],[-78.45516,-2.86191],[-78.4525,-2.87367],[-78.46394,-2.88335],[-78.48701,-2.88208],[-78.49308,-2.8711],[-78.51102,-2.86816],[-78.53719,-2.86989],[-78.56286,-2.87815],[-78.58456,-2.87523],[-78.602,-2.89871],[-78.61562,-2.89934],[-78.63156,-2.91345],[-78.62874,-2.9262],[-78.63723,-2.95043],[-78.63203,-2.9595],[-78.6366,-2.97796],[-78.657,-2.98731],[-78.66504,-3.02261],[-78.67524,-3.02837],[-78.67145,-3.06066],[-78.67739,-3.06725],[-78.66382,-3.07387],[-78.658,-3.06689],[-78.63556,-3.07192],[-78.61245,-3.06535],[-78.59556,-3.05471],[-78.56498,-3.04194],[-78.54998,-3.02333],[-78.53807,-3.02447],[-78.52297,-3.01116],[-78.4895,-3.01116],[-78.49308,-3.03213],[-78.50574,-3.0556],[-78.49703,-3.06621],[-78.49113,-3.11565],[-78.48124,-3.12829],[-78.47815,-3.14696],[-78.43528,-3.17049],[-78.42645,-3.16661],[-78.41916,-3.1503],[-78.37491,-3.16593],[-78.36411,-3.1904],[-78.35262,-3.2059],[-78.222,-3.2059],[-78.21453,-3.22967],[-78.22496,-3.24262],[-78.23072,-3.25839],[-78.22809,-3.2747],[-78.23619,-3.28833],[-78.22771,-3.31087],[-78.20212,-3.31095],[-78.1792,-3.29183],[-78.14988,-3.28244],[-78.14603,-3.27123],[-78.09794,-3.24844],[-78.09302,-3.21898],[-78.07613,-3.22737],[-78.06355,-3.2258],[-78.05413,-3.2071],[-78.04104,-3.20682],[-78.03723,-3.19053],[-78.0229,-3.18711],[-78.04343,-3.16836],[-78.0612,-3.16917],[-78.06329,-3.14865],[-78.0828,-3.15714],[-78.09681,-3.14123],[-78.13141,-3.14204],[-78.14535,-3.12595],[-78.15531,-3.09226],[-78.12908,-3.08278],[-78.12194,-3.05811],[-78.14581,-3.04562],[-78.18332,-3.02972],[-78.21616,-3.03028],[-78.21979,-2.99798],[-78.22932,-2.98283]]]},"properties":{"DPA_CANTON":"1403","DPA_DESCAN":"LIMÓN INDANZA","DPA_PROVIN":"14","DPA_DESPRO":"MORONA SANTIAGO","a45i3_muy":40,"a45i3_alta":201,"a45i3_al_1":80,"a46i3_muy":0,"a46i3_alta":2,"a46i3_al_1":8,"a46i3_al_2":358,"a46i3_al_3":0,"total":689}},
{"type":"Feature","geometry":{"type":"Polygon","coordinates":[[[-77.92338,-1.65454],[-77.94657,-1.66289],[-77.95976,-1.66079],[-77.97316,-1.67202],[-78.01177,-1.67781],[-78.03126,-1.65496],[-78.03162,-1.63375],[-78.03863,-1.62723],[-78.04477,-1.60008],[-78.0583,-1.57781],[-78.05837,-1.54386],[-78.06546,-1.52696],[-78.10303,-1.47545],[-78.12867,-1.45087],[-78.14988,-1.45349],[-78.17795,-1.44868],[-78.19241,-1.45541],[-78.19565,-1.47146],[-78.22161,-1.47608],[-78.22313,-1.48721],[-78.26731,-1.5025],[-78.27739,-1.49644],[-78.27864,-1.48307],[-78.29761,-1.48004],[-78.31903,-1.49842],[-78.34519,-1.50355],[-78.34524,-1.51418],[-78.35741,-1.52087],[-78.36468,-1.53303],[-78.37639,-1.5357],[-78.37638,-1.55768],[-78.37041,-1.5755],[-78.3734,-1.59897],[-78.36662,-1.61423],[-78.36383,-1.64492],[-78.34352,-1.65201],[-78.31304,-1.64067],[-78.28312,-1.64458],[-78.28246,-1.6547],[-78.27094,-1.66741],[-78.27725,-1.67416],[-78.25976,-1.6832],[-78.24075,-1.70029],[-78.22004,-1.70511],[-78.1971,-1.6948],[-78.18777,-1.70692],[-78.18909,-1.72026],[-78.17733,-1.7239],[-78.17114,-1.73851],[-78.16654,-1.79404],[-78.16872,-1.80829],[-78.16872,-1.85043],[-78.15853,-1.87129],[-78.12865,-1.87991],[-78.11434,-1.87031],[-78.06329,-1.85167],[-78.0426,-1.85372],[-78.02665,-1.85083],[-77.9971,-1.85112],[-77.98542,-1.86051],[-77.97081,-1.86006],[-77.92478,-1.87686],[-77.89938,-1.86517],[-77.89888,-1.85927],[-77.86646,-1.84983],[-77.85057,-1.86465],[-77.83165,-1.86238],[-77.85458,-1.84073],[-77.84763,-1.83511],[-77.85635,-1.81774],[-77.85793,-1.7988],[-77.86975,-1.78382],[-77.86504,-1.77233],[-77.88521,-1.76208],[-77.88014,-1.74442],[-77.88245,-1.70738],[-77.88906,-1.69127],[-77.90373,-1.6886],[-77.92338,-1.65454]]]},"properties":{"DPA_CANTON":"1404","DPA_DESCAN":"PALORA","DPA_PROVIN":"14","DPA_DESPRO":"MORONA SANTIAGO","a45i3_muy":322,"a45i3_alta":46,"a45i3_al_1":105,"a46i3_muy":2,"a46i3_alta":0,"a46i3_al_1":8,"a46i3_al_2":483,"a46i3_al_3":0,"total":966}},
{"type":"Feature","geometry":{"type":"Polygon","coordinates":[[[-78.25165,-2.57453],[-78.26118,-2.56536],[-78.30262,-2.57949],[-78.31331,-2.5751],[-78.31545,-2.56479],[-78.3359,-2.56499],[-78.34627,-2.55934],[-78.36707,-2.5586],[-78.37864,-2.56226],[-78.3893,-2.55377],[-78.4194,-2.53883],[-78.42575,-2.52715],[-78.45433,-2.51531],[-78.47911,-2.52204],[-78.48014,-2.52758],[-78.49163,-2.51878],[-78.49963,-2.51667],[-78.50245,-2.51416],[-78.50459,-2.52993],[-78.54232,-2.57781],[-78.54821,-2.598],[-78.53849,-2.6123],[-78.53311,-2.6269],[-78.52284,-2.59571],[-78.51504,-2.58307],[-78.49776,-2.57181],[-78.48056,-2.57248],[-78.46061,-2.59085],[-78.44381,-2.59411],[-78.42491,-2.61889],[-78.42214,-2.63061],[-78.44735,-2.65244],[-78.47474,-2.66295],[-78.48795,-2.66127],[-78.52366,-2.69225],[-78.5538,-2.69556],[-78.57946,-2.70918],[-78.57777,-2.71918],[-78.59302,-2.7458],[-78.59217,-2.76167],[-78.60125,-2.76286],[-78.61412,-2.786],[-78.59775,-2.81163],[-78.57568,-2.8305],[-78.58231,-2.85584],[-78.60056,-2.87196],[-78.61562,-2.89934],[-78.602,-2.89871],[-78.58456,-2.87523],[-78.56286,-2.87815],[-78.53719,-2.86989],[-78.51102,-2.86816],[-78.49308,-2.8711],[-78.48701,-2.88208],[-78.46394,-2.88335],[-78.4525,-2.87367],[-78.45516,-2.86191],[-78.44354,-2.84045],[-78.43046,-2.80299],[-78.39399,-2.79624],[-78.37781,-2.81575],[-78.35052,-2.8138],[-78.33819,-2.81787],[-78.33155,-2.82949],[-78.31852,-2.82368],[-78.29746,-2.8061],[-78.28342,-2.81372],[-78.24531,-2.82784],[-78.24979,-2.90145],[-78.25622,-2.91],[-78.25518,-2.93022],[-78.23856,-2.95944],[-78.22932,-2.98283],[-78.21139,-2.97407],[-78.20718,-2.95332],[-78.1762,-2.91183],[-78.15571,-2.90855],[-78.14594,-2.91541],[-78.14497,-2.90587],[-78.15345,-2.89123],[-78.15028,-2.86579],[-78.16079,-2.84832],[-78.14573,-2.8319],[-78.12085,-2.82188],[-78.12064,-2.80281],[-78.10818,-2.78796],[-78.11059,-2.77291],[-78.12785,-2.76132],[-78.13573,-2.73748],[-78.15377,-2.73078],[-78.17744,-2.73771],[-78.182,-2.72203],[-78.19341,-2.70764],[-78.20154,-2.66779],[-78.23581,-2.63905],[-78.24853,-2.63399],[-78.23969,-2.60414],[-78.25165,-2.57453]]]},"properties":{"DPA_CANTON":"1405","DPA_DESCAN":"SANTIAGO","DPA_PROVIN":"14","DPA_DESPRO":"MORONA SANTIAGO","a45i3_muy":221,"a45i3_alta":93,"a45i3_al_1":59,"a46i3_muy":2,"a46i3_alta":0,"a46i3_al_1":13,"a46i3_al_2":423,"a46i3_al_3":0,"total":811}},
{"type":"Feature","geometry":{"type":"Polygon","coordinates":[[[-78.15208,-2.40131],[-78.18399,-2.38914],[-78.19395,-2.37214],[-78.21299,-2.37028],[-78.23571,-2.34166],[-78.27592,-2.35359],[-78.29337,-2.34867],[-78.30129,-2.3588],[-78.3163,-2.35601],[-78.3339,-2.36433],[-78.36089,-2.36593],[-78.37064,-2.37568],[-78.39168,-2.38376],[-78.42546,-2.37361],[-78.44262,-2.37735],[-78.45985,-2.37199],[-78.46486,-2.34993],[-78.48661,-2.33362],[-78.49998,-2.33266],[-78.51933,-2.32439],[-78.5458,-2.33552],[-78.53501,-2.34287],[-78.52472,-2.35549],[-78.50712,-2.37372],[-78.48761,-2.38329],[-78.48155,-2.41372],[-78.46431,-2.4239],[-78.48482,-2.43701],[-78.48187,-2.4536],[-78.49165,-2.49229],[-78.49633,-2.49991],[-78.49857,-2.50935],[-78.50133,-2.51214],[-78.50245,-2.51416],[-78.49963,-2.51667],[-78.49163,-2.51878],[-78.48014,-2.52758],[-78.47911,-2.52204],[-78.45433,-2.51531],[-78.42575,-2.52715],[-78.4194,-2.53883],[-78.3893,-2.55377],[-78.37864,-2.56226],[-78.36707,-2.5586],[-78.34627,-2.55934],[-78.3359,-2.56499],[-78.31545,-2.56479],[-78.31331,-2.5751],[-78.30262,-2.57949],[-78.26118,-2.56536],[-78.25165,-2.57453],[-78.24865,-2.55927],[-78.23123,-2.5479],[-78.2202,-2.5652],[-78.21101,-2.56857],[-78.20035,-2.5881],[-78.17798,-2.60079],[-78.16884,-2.5929],[-78.15184,-2.59351],[-78.14659,-2.61245],[-78.12766,-2.61142],[-78.11668,-2.62218],[-78.10798,-2.61814],[-78.10788,-2.59412],[-78.09876,-2.57303],[-78.07743,-2.57438],[-78.04296,-2.60103],[-78.03839,-2.62691],[-78.02333,-2.62524],[-78.01161,-2.61754],[-77.99232,-2.61935],[-78.00867,-2.40131],[-78.15208,-2.40131]]]},"properties":{"DPA_CANTON":"1406","DPA_DESCAN":"SUCÚA","DPA_PROVIN":"14","DPA_DESPRO":"MORONA SANTIAGO","a45i3_muy":533,"a45i3_alta":115,"a45i3_al_1":224,"a46i3_muy":2,"a46i3_alta":1,"a46i3_al_1":26,"a46i3_al_2":1132,"a46i3_al_3":0,"total":2033}},
{"type":"Feature","geometry":{"type":"Polygon","coordinates":[[[-77.83165,-1.86238],[-77.85057,-1.86465],[-77.86646,-1.84983],[-77.89888,-1.85927],[-77.89938,-1.86517],[-77.92478,-1.87686],[-77.93461,-1.88467],[-77.96922,-1.88801],[-77.98328,-1.89604],[-78.00058,-1.91272],[-77.99841,-1.93296],[-78.00929,-1.94887],[-78.02234,-1.94151],[-78.06001,-1.93684],[-78.06898,-1.94674],[-78.08205,-1.94321],[-78.10302,-1.93651],[-78.11375,-1.94402],[-78.1145,-1.96205],[-78.13194,-1.97839],[-78.18238,-1.99909],[-78.19672,-2.01192],[-78.18878,-2.00709],[-78.16939,-2.00861],[-78.12989,-2.02113],[-78.11553,-2.01919],[-78.08006,-2.03742],[-78.05573,-2.05234],[-78.03772,-2.04985],[-78.02312,-2.06884],[-78.02593,-2.10394],[-78.01914,-2.1183],[-78.00603,-2.11416],[-77.98597,-2.11924],[-77.96011,-2.10864],[-77.92582,-2.07591],[-77.8914,-2.07525],[-77.87195,-2.06053],[-77.85865,-2.03214],[-77.86505,-2.01738],[-77.85737,-2.01062],[-77.83722,-2.02293],[-77.82283,-2.00969],[-77.82568,-1.99747],[-77.80553,-1.99301],[-77.79441,-1.99587],[-77.77664,-1.97219],[-77.78456,-1.95903],[-77.794,-1.95524],[-77.79447,-1.93456],[-77.80982,-1.93214],[-77.82289,-1.92321],[-77.82819,-1.89618],[-77.82736,-1.86824],[-77.83165,-1.86238]]]},"properties":{"DPA_CANTON":"1407","DPA_DESCAN":"HUAMBOYA","DPA_PROVIN":"14","DPA_DESPRO":"MORONA SANTIAGO","a45i3_muy":481,"a45i3_alta":0,"a45i3_al_1":105,"a46i3_muy":5,"a46i3_alta":0,"a46i3_al_1":12,"a46i3_al_2":637,"a46i3_al_3":0,"total":1240}},
{"type":"Feature","geometry":{"type":"Polygon","coordinates":[[[-78.09302,-3.21898],[-78.09794,-3.24844],[-78.14603,-3.27123],[-78.14988,-3.28244],[-78.1792,-3.29183],[-78.20212,-3.31095],[-78.22771,-3.31087],[-78.23619,-3.28833],[-78.22809,-3.2747],[-78.23072,-3.25839],[-78.22496,-3.24262],[-78.21453,-3.22967],[-78.222,-3.2059],[-78.35262,-3.2059],[-78.36411,-3.1904],[-78.37491,-3.16593],[-78.41916,-3.1503],[-78.42645,-3.16661],[-78.43528,-3.17049],[-78.47815,-3.14696],[-78.48124,-3.12829],[-78.49113,-3.11565],[-78.49703,-3.06621],[-78.50574,-3.0556],[-78.49308,-3.03213],[-78.4895,-3.01116],[-78.52297,-3.01116],[-78.53807,-3.02447],[-78.54998,-3.02333],[-78.56498,-3.04194],[-78.59556,-3.05471],[-78.61245,-3.06535],[-78.63556,-3.07192],[-78.658,-3.06689],[-78.66382,-3.07387],[-78.67739,-3.06725],[-78.68166,-3.06839],[-78.68835,-3.10483],[-78.67354,-3.11711],[-78.65539,-3.12205],[-78.63941,-3.11484],[-78.63226,-3.12862],[-78.62078,-3.12752],[-78.61704,-3.14901],[-78.58251,-3.14891],[-78.55935,-3.17076],[-78.56662,-3.19133],[-78.56661,-3.21202],[-78.55827,-3.22846],[-78.54666,-3.23121],[-78.54464,-3.25347],[-78.52902,-3.274],[-78.50912,-3.31301],[-78.49934,-3.31954],[-78.47432,-3.31561],[-78.46209,-3.32818],[-78.44623,-3.32227],[-78.40168,-3.31104],[-78.38563,-3.3224],[-78.38013,-3.33269],[-78.36366,-3.34082],[-78.3433,-3.34533],[-78.35145,-3.36141],[-78.34673,-3.38092],[-78.31703,-3.39624],[-78.30179,-3.39984],[-78.28971,-3.39543],[-78.27353,-3.40409],[-78.24851,-3.40106],[-78.24092,-3.41659],[-78.24365,-3.43961],[-78.23668,-3.44517],[-78.23668,-3.46128],[-78.22632,-3.49159],[-78.21648,-3.50924],[-78.17006,-3.49072],[-78.1629,-3.48137],[-78.14664,-3.47807],[-78.14763,-3.44798],[-78.15261,-3.44259],[-78.15468,-3.42166],[-78.16844,-3.40943],[-78.1807,-3.40857],[-78.18705,-3.39777],[-78.1938,-3.36629],[-78.14291,-3.32643],[-78.12776,-3.29901],[-78.10809,-3.27723],[-78.10767,-3.2631],[-78.09594,-3.25364],[-78.09199,-3.23555],[-78.09302,-3.21898]]]},"properties":{"DPA_CANTON":"1408","DPA_DESCAN":"SAN JUAN BOSCO","DPA_PROVIN":"14","DPA_DESPRO":"MORONA SANTIAGO","a45i3_muy":0,"a45i3_alta":101,"a45i3_al_1":23,"a46i3_muy":0,"a46i3_alta":0,"a46i3_al_1":9,"a46i3_al_2":137,"a46i3_al_3":0,"total":270}},
{"type":"Feature","geometry":{"type":"Polygon","coordinates":[[[-76.69209,-2.60999],[-76.72391,-2.58524],[-76.73772,-2.55387],[-76.75697,-2.56318],[-76.78024,-2.55261],[-76.80027,-2.5707],[-76.81401,-2.56119],[-76.81536,-2.54613],[-76.83014,-2.54392],[-76.85202,-2.55957],[-76.87339,-2.55774],[-76.88647,-2.56552],[-76.89762,-2.55356],[-76.91322,-2.56424],[-76.93269,-2.54504],[-76.9396,-2.55451],[-76.94949,-2.54828],[-76.96426,-2.51623],[-76.97232,-2.51113],[-76.99635,-2.51533],[-76.99455,-2.48728],[-77.00582,-2.45636],[-77.02309,-2.45756],[-77.03227,-2.44975],[-77.041,-2.42094],[-77.04884,-2.40652],[-77.08149,-2.37642],[-77.0868,-2.34456],[-77.10317,-2.33725],[-77.11459,-2.31567],[-77.12857,-2.31472],[-77.14591,-2.29913],[-77.16617,-2.30235],[-77.183,-2.28477],[-77.18424,-2.27579],[-77.20124,-2.2655],[-77.23288,-2.26265],[-77.24355,-2.24874],[-77.2642,-2.23423],[-77.27222,-2.21442],[-77.3055,-2.18588],[-77.31627,-2.18701],[-77.33391,-2.17311],[-77.34323,-2.17313],[-77.35133,-2.16039],[-77.36237,-2.16505],[-77.38577,-2.15877],[-77.42853,-2.13629],[-77.42898,-2.12532],[-77.44948,-2.11925],[-77.46693,-2.10912],[-77.48698,-2.1048],[-77.50104,-2.08933],[-77.52076,-2.08538],[-77.54205,-2.07363],[-77.57046,-2.0793],[-77.59036,-2.06899],[-77.59587,-2.05828],[-77.62144,-2.0426],[-77.64067,-2.04809],[-77.67259,-2.05034],[-77.68895,-2.03009],[-77.69911,-2.02441],[-77.7144,-2.02632],[-77.72822,-2.01149],[-77.73187,-1.98523],[-77.75036,-1.98557],[-77.77664,-1.97219],[-77.79441,-1.99587],[-77.80553,-1.99301],[-77.82568,-1.99747],[-77.82283,-2.00969],[-77.81372,-2.00969],[-77.8049,-2.02281],[-77.80504,-2.05104],[-77.79929,-2.06658],[-77.80839,-2.08305],[-77.80474,-2.11314],[-77.81,-2.12423],[-77.80816,-2.14733],[-77.82088,-2.17418],[-77.81012,-2.1956],[-77.81055,-2.21921],[-77.79524,-2.2208],[-77.77082,-2.22911],[-77.76378,-2.22403],[-77.73518,-2.21958],[-77.72549,-2.24679],[-77.73605,-2.2651],[-77.74664,-2.26868],[-77.74958,-2.31497],[-77.7444,-2.33242],[-77.74846,-2.34063],[-77.74552,-2.36027],[-77.74851,-2.37309],[-77.74586,-2.40753],[-77.72955,-2.40919],[-77.73172,-2.42426],[-77.72286,-2.43448],[-77.7302,-2.44249],[-77.7278,-2.46307],[-77.73428,-2.48262],[-77.73451,-2.51639],[-77.7206,-2.5254],[-77.70637,-2.57731],[-77.69877,-2.58281],[-77.6963,-2.59723],[-77.68338,-2.60818],[-77.67517,-2.62178],[-77.70297,-2.63702],[-77.71426,-2.66163],[-77.69095,-2.675],[-77.68069,-2.6961],[-77.68564,-2.71502],[-77.68228,-2.7318],[-77.66117,-2.75322],[-77.66059,-2.76367],[-77.67326,-2.77997],[-77.66033,-2.80148],[-77.64471,-2.80645],[-77.63707,-2.80851],[-77.62095,-2.79594],[-77.6132,-2.77727],[-77.59665,-2.78364],[-77.58177,-2.79658],[-77.58177,-2.91047],[-77.30849,-2.81828],[-77.02505,-2.72256],[-76.86808,-2.66951],[-76.69209,-2.60999]]]},"properties":{"DPA_CANTON":"1409","DPA_DESCAN":"TAISHA","DPA_PROVIN":"14","DPA_DESPRO":"MORONA SANTIAGO","a45i3_muy":1543,"a45i3_alta":0,"a45i3_al_1":318,"a46i3_muy":3,"a46i3_alta":0,"a46i3_al_1":23,"a46i3_al_2":1526,"a46i3_al_3":0,"total":3413}},
{"type":"Feature","geometry":{"type":"Polygon","coordinates":[[[-77.99232,-2.61935],[-78.01161,-2.61754],[-78.02333,-2.62524],[-78.03839,-2.62691],[-78.04296,-2.60103],[-78.07743,-2.57438],[-78.09876,-2.57303],[-78.10788,-2.59412],[-78.10798,-2.61814],[-78.11668,-2.62218],[-78.12766,-2.61142],[-78.14659,-2.61245],[-78.15184,-2.59351],[-78.16884,-2.5929],[-78.17798,-2.60079],[-78.20035,-2.5881],[-78.21101,-2.56857],[-78.2202,-2.5652],[-78.23123,-2.5479],[-78.24865,-2.55927],[-78.25165,-2.57453],[-78.23969,-2.60414],[-78.24853,-2.63399],[-78.23581,-2.63905],[-78.20154,-2.66779],[-78.19341,-2.70764],[-78.182,-2.72203],[-78.17744,-2.73771],[-78.15377,-2.73078],[-78.13573,-2.73748],[-78.12785,-2.76132],[-78.11059,-2.77291],[-78.10818,-2.78796],[-78.12064,-2.80281],[-78.12085,-2.82188],[-78.14573,-2.8319],[-78.16079,-2.84832],[-78.15028,-2.86579],[-78.15345,-2.89123],[-78.14497,-2.90587],[-78.14594,-2.91541],[-78.14556,-2.94512],[-78.13114,-2.95167],[-78.11639,-2.97717],[-78.0935,-2.98181],[-78.08437,-2.97594],[-78.07482,-2.98337],[-78.04762,-2.95672],[-78.0233,-2.96264],[-78.00567,-2.97418],[-77.99541,-2.96692],[-77.99626,-2.95524],[-77.97578,-2.96267],[-77.9694,-2.9473],[-77.94567,-2.94948],[-77.93607,-2.92719],[-77.91592,-2.93437],[-77.89953,-2.90266],[-77.90701,-2.89384],[-77.89774,-2.88594],[-77.89978,-2.86614],[-77.89405,-2.85306],[-77.90183,-2.83954],[-77.89359,-2.82501],[-77.8947,-2.80739],[-77.89069,-2.79411],[-77.89482,-2.76273],[-77.88813,-2.72361],[-77.89276,-2.71819],[-77.88574,-2.68329],[-77.88601,-2.66993],[-77.90063,-2.63559],[-77.91288,-2.6385],[-77.93424,-2.63107],[-77.94067,-2.63738],[-77.95984,-2.63581],[-77.96466,-2.62022],[-77.97948,-2.61318],[-77.99232,-2.61935]]]},"properties":{"DPA_CANTON":"1410","DPA_DESCAN":"LOGROÑO","DPA_PROVIN":"14","DPA_DESPRO":"MORONA SANTIAGO","a45i3_muy":344,"a45i3_alta":0,"a45i3_al_1":62,"a46i3_muy":3,"a46i3_alta":0,"a46i3_al_1":4,"a46i3_al_2":469,"a46i3_al_3":0,"total":882}},
{"type":"Feature","geometry":{"type":"Polygon","coordinates":[[[-78.08205,-1.94321],[-78.06898,-1.94674],[-78.06001,-1.93684],[-78.02234,-1.94151],[-78.00929,-1.94887],[-77.99841,-1.93296],[-78.00058,-1.91272],[-77.98328,-1.89604],[-77.96922,-1.88801],[-77.93461,-1.88467],[-77.92478,-1.87686],[-77.97081,-1.86006],[-77.98542,-1.86051],[-77.9971,-1.85112],[-78.02665,-1.85083],[-78.0426,-1.85372],[-78.06329,-1.85167],[-78.11434,-1.87031],[-78.12865,-1.87991],[-78.15853,-1.87129],[-78.16872,-1.85043],[-78.16872,-1.80829],[-78.16654,-1.79404],[-78.17114,-1.73851],[-78.17733,-1.7239],[-78.18909,-1.72026],[-78.18777,-1.70692],[-78.1971,-1.6948],[-78.22004,-1.70511],[-78.24075,-1.70029],[-78.25976,-1.6832],[-78.27725,-1.67416],[-78.27094,-1.66741],[-78.28246,-1.6547],[-78.28312,-1.64458],[-78.31304,-1.64067],[-78.34352,-1.65201],[-78.36383,-1.64492],[-78.3769,-1.65442],[-78.40969,-1.66545],[-78.40914,-1.67458],[-78.41229,-1.68259],[-78.41778,-1.68533],[-78.43222,-1.68541],[-78.44316,-1.70443],[-78.45141,-1.73208],[-78.46121,-1.74916],[-78.46149,-1.76062],[-78.44378,-1.76654],[-78.43776,-1.79228],[-78.42033,-1.80499],[-78.42136,-1.82741],[-78.40932,-1.84487],[-78.39751,-1.854],[-78.40341,-1.86329],[-78.40365,-1.87868],[-78.42009,-1.88441],[-78.43306,-1.90882],[-78.45736,-1.92157],[-78.46359,-1.94986],[-78.48258,-1.95256],[-78.48907,-1.95843],[-78.48482,-1.99202],[-78.47504,-2.00223],[-78.45917,-1.99225],[-78.44156,-2.0128],[-78.44899,-2.02521],[-78.44027,-2.02927],[-78.43618,-2.03224],[-78.41541,-2.0315],[-78.40498,-2.04147],[-78.39148,-2.03902],[-78.37625,-2.04853],[-78.36488,-2.04122],[-78.34234,-2.00524],[-78.31836,-2.00488],[-78.30153,-2.015],[-78.2687,-2.01799],[-78.2485,-2.01086],[-78.21901,-2.02408],[-78.21098,-2.01809],[-78.20662,-2.02023],[-78.20429,-2.01492],[-78.19903,-2.01394],[-78.189,-1.99932],[-78.18238,-1.99909],[-78.13194,-1.97839],[-78.1145,-1.96205],[-78.11375,-1.94402],[-78.10302,-1.93651],[-78.08205,-1.94321]]]},"properties":{"DPA_CANTON":"1411","DPA_DESCAN":"PABLO SEXTO","DPA_PROVIN":"14","DPA_DESPRO":"MORONA SANTIAGO","a45i3_muy":0,"a45i3_alta":77,"a45i3_al_1":24,"a46i3_muy":0,"a46i3_alta":0,"a46i3_al_1":1,"a46i3_al_2":111,"a46i3_al_3":0,"total":213}},
{"type":"Feature","geometry":{"type":"Polygon","coordinates":[[[-77.58177,-2.91047],[-77.58177,-2.79658],[-77.59665,-2.78364],[-77.6132,-2.77727],[-77.62095,-2.79594],[-77.63707,-2.80851],[-77.64471,-2.80645],[-77.6442,-2.81115],[-77.67584,-2.81853],[-77.67382,-2.82953],[-77.68771,-2.85202],[-77.69765,-2.8523],[-77.71214,-2.83523],[-77.72562,-2.82814],[-77.72958,-2.81247],[-77.73795,-2.80582],[-77.7726,-2.81154],[-77.79503,-2.81163],[-77.79561,-2.83039],[-77.8205,-2.84229],[-77.84308,-2.83416],[-77.85043,-2.8195],[-77.86098,-2.81753],[-77.88107,-2.83338],[-77.87819,-2.85435],[-77.89405,-2.85306],[-77.89978,-2.86614],[-77.89774,-2.88594],[-77.90701,-2.89384],[-77.89953,-2.90266],[-77.91592,-2.93437],[-77.93607,-2.92719],[-77.94567,-2.94948],[-77.9694,-2.9473],[-77.97578,-2.96267],[-77.99626,-2.95524],[-77.99541,-2.96692],[-78.00567,-2.97418],[-78.0233,-2.96264],[-78.04762,-2.95672],[-78.07482,-2.98337],[-78.08437,-2.97594],[-78.0935,-2.98181],[-78.11639,-2.97717],[-78.13114,-2.95167],[-78.14556,-2.94512],[-78.14594,-2.91541],[-78.15571,-2.90855],[-78.1762,-2.91183],[-78.20718,-2.95332],[-78.21139,-2.97407],[-78.22932,-2.98283],[-78.21979,-2.99798],[-78.21616,-3.03028],[-78.18332,-3.02972],[-78.14581,-3.04562],[-78.12194,-3.05811],[-78.12908,-3.08278],[-78.15531,-3.09226],[-78.14535,-3.12595],[-78.13141,-3.14204],[-78.09681,-3.14123],[-78.0828,-3.15714],[-78.06329,-3.14865],[-78.0612,-3.16917],[-78.04343,-3.16836],[-78.0229,-3.18711],[-78.01035,-3.17528],[-78.00875,-3.15644],[-77.99676,-3.1472],[-77.98437,-3.12936],[-77.9831,-3.11963],[-77.97042,-3.11729],[-77.96261,-3.09566],[-77.95184,-3.09077],[-77.94039,-3.0656],[-77.83994,-3.00804],[-77.8445,-2.999],[-77.58177,-2.91047]]]},"properties":{"DPA_CANTON":"1412","DPA_DESCAN":"TIWINTZA","DPA_PROVIN":"14","DPA_DESPRO":"MORONA SANTIAGO","a45i3_muy":413,"a45i3_alta":0,"a45i3_al_1":79,"a46i3_muy":3,"a46i3_alta":0,"a46i3_al_1":6,"a46i3_al_2":433,"a46i3_al_3":0,"total":934}},
{"type":"Feature","geometry":{"type":"Polygon","coordinates":[[[-77.93053,-2.13138],[-77.93899,-2.14134],[-77.94843,-2.13072],[-77.98,-2.13846],[-77.99269,-2.12908],[-78.03429,-2.12777],[-78.03756,-2.14701],[-78.04354,-2.15508],[-78.09803,-2.15627],[-78.08869,-2.16929],[-78.08522,-2.18352],[-78.09566,-2.20287],[-78.09493,-2.22824],[-78.08751,-2.24181],[-78.0894,-2.26117],[-78.10343,-2.28765],[-78.10586,-2.30479],[-78.11517,-2.33191],[-78.13549,-2.3439],[-78.15334,-2.37483],[-78.15208,-2.40131],[-78.00867,-2.40131],[-77.99232,-2.61935],[-77.97948,-2.61318],[-77.96466,-2.62022],[-77.95984,-2.63581],[-77.94067,-2.63738],[-77.93424,-2.63107],[-77.91288,-2.6385],[-77.90063,-2.63559],[-77.88601,-2.66993],[-77.88574,-2.68329],[-77.89276,-2.71819],[-77.88813,-2.72361],[-77.89482,-2.76273],[-77.89069,-2.79411],[-77.8947,-2.80739],[-77.89359,-2.82501],[-77.90183,-2.83954],[-77.89405,-2.85306],[-77.87819,-2.85435],[-77.88107,-2.83338],[-77.86098,-2.81753],[-77.85043,-2.8195],[-77.84308,-2.83416],[-77.8205,-2.84229],[-77.79561,-2.83039],[-77.79503,-2.81163],[-77.7726,-2.81154],[-77.73795,-2.80582],[-77.72958,-2.81247],[-77.72562,-2.82814],[-77.71214,-2.83523],[-77.69765,-2.8523],[-77.68771,-2.85202],[-77.67382,-2.82953],[-77.67584,-2.81853],[-77.6442,-2.81115],[-77.66033,-2.80148],[-77.67326,-2.77997],[-77.66059,-2.76367],[-77.66117,-2.75322],[-77.68228,-2.7318],[-77.68564,-2.71502],[-77.68069,-2.6961],[-77.69095,-2.675],[-77.71426,-2.66163],[-77.70297,-2.63702],[-77.67517,-2.62178],[-77.68338,-2.60818],[-77.6963,-2.59723],[-77.69877,-2.58281],[-77.70637,-2.57731],[-77.7206,-2.5254],[-77.73451,-2.51639],[-77.73428,-2.48262],[-77.7278,-2.46307],[-77.7302,-2.44249],[-77.72286,-2.43448],[-77.73172,-2.42426],[-77.72955,-2.40919],[-77.74586,-2.40753],[-77.74851,-2.37309],[-77.74552,-2.36027],[-77.74846,-2.34063],[-77.7444,-2.33242],[-77.74958,-2.31497],[-77.74664,-2.26868],[-77.78445,-2.26434],[-77.80706,-2.26852],[-77.81782,-2.27606],[-77.82756,-2.29756],[-77.83681,-2.29758],[-77.85067,-2.28794],[-77.87157,-2.28021],[-77.87715,-2.25874],[-77.88578,-2.2504],[-77.8885,-2.20084],[-77.90715,-2.18276],[-77.90764,-2.16843],[-77.92888,-2.16237],[-77.93053,-2.13138]]]},"properties":{"DPA_CANTON":"1413","DPA_DESCAN":"SEVILLA DON BOSCO","DPA_PROVIN":"14","DPA_DESPRO":"MORONA SANTIAGO","a45i3_muy":752,"a45i3_alta":0,"a45i3_al_1":102,"a46i3_muy":3,"a46i3_alta":0,"a46i3_al_1":16,"a46i3_al_2":860,"a46i3_al_3":0,"total":1733}},
{"type":"Feature","geometry":{"type":"Polygon","coordinates":[[[-77.12278,-0.69481],[-77.14624,-0.6963],[-77.16275,-0.70713],[-77.17066,-0.7251],[-77.18215,-0.73654],[-77.19192,-0.75824],[-77.20442,-0.77017],[-77.22042,-0.77264],[-77.23545,-0.78089],[-77.23781,-0.78865],[-77.25294,-0.79326],[-77.26044,-0.82212],[-77.30451,-0.84528],[-77.32434,-0.84679],[-77.34262,-0.86184],[-77.36609,-0.86925],[-77.37302,-0.88288],[-77.39386,-0.89392],[-77.42248,-0.8916],[-77.42638,-0.90227],[-77.44148,-0.89561],[-77.45095,-0.89893],[-77.4713,-0.92542],[-77.48957,-0.93944],[-77.52791,-0.95059],[-77.53697,-0.94267],[-77.55673,-0.9394],[-77.56725,-0.94276],[-77.59084,-0.92823],[-77.58886,-0.91403],[-77.55204,-0.90236],[-77.5506,-0.88232],[-77.53482,-0.8733],[-77.53668,-0.84581],[-77.52968,-0.84109],[-77.5282,-0.81733],[-77.53471,-0.80038],[-77.55719,-0.7992],[-77.56992,-0.80567],[-77.58531,-0.8027],[-77.60323,-0.81565],[-77.60594,-0.84193],[-77.61556,-0.84384],[-77.62949,-0.86],[-77.6631,-0.86504],[-77.66208,-0.85762],[-77.68282,-0.85582],[-77.69253,-0.86042],[-77.68835,-0.87377],[-77.7009,-0.88123],[-77.70224,-0.90957],[-77.69864,-0.91683],[-77.70031,-0.94129],[-77.69271,-0.96287],[-77.69551,-0.97498],[-77.72838,-0.97481],[-77.73502,-0.97024],[-77.75451,-0.97146],[-77.81772,-0.937],[-77.81754,-0.91634],[-77.84557,-0.916],[-77.8505,-0.9066],[-77.86336,-0.90141],[-77.86005,-0.87874],[-77.87498,-0.87881],[-77.89203,-0.86609],[-77.91851,-0.86124],[-77.94901,-0.86848],[-77.96617,-0.88656],[-77.97039,-0.91699],[-77.97688,-0.92438],[-78.00065,-0.93278],[-78.02476,-0.92737],[-78.03131,-0.93855],[-78.04459,-0.9319],[-78.03739,-0.89021],[-78.03752,-0.87735],[-78.04792,-0.85616],[-78.07934,-0.83758],[-78.09974,-0.85073],[-78.1361,-0.84017],[-78.15669,-0.84887],[-78.17231,-0.86484],[-78.18925,-0.86096],[-78.21414,-0.86193],[-78.23251,-0.84483],[-78.24945,-0.83368],[-78.25458,-0.81394],[-78.26095,-0.80882],[-78.24974,-0.77652],[-78.25558,-0.76293],[-78.27132,-0.75569],[-78.28705,-0.76857],[-78.2991,-0.76747],[-78.31913,-0.77483],[-78.34921,-0.79266],[-78.3681,-0.79377],[-78.37875,-0.80532],[-78.3888,-0.80387],[-78.39315,-0.83294],[-78.40098,-0.84691],[-78.40433,-0.87277],[-78.42733,-0.88216],[-78.41822,-0.90275],[-78.40932,-0.91324],[-78.42992,-0.93788],[-78.42949,-0.94566],[-78.41345,-0.94934],[-78.4072,-0.96042],[-78.396,-0.96282],[-78.39211,-0.98594],[-78.3955,-0.99454],[-78.37845,-1.00514],[-78.36045,-0.99933],[-78.35022,-1.00999],[-78.34305,-1.02807],[-78.33045,-1.03715],[-78.33298,-1.07282],[-78.34244,-1.09427],[-78.33759,-1.1161],[-78.34025,-1.13887],[-78.35482,-1.15596],[-78.3503,-1.17382],[-78.3433,-1.174],[-78.33985,-1.16524],[-78.32259,-1.16448],[-78.3108,-1.14289],[-78.26464,-1.14078],[-78.26442,-1.15687],[-78.24608,-1.15418],[-78.2378,-1.14633],[-78.21914,-1.14163],[-78.20795,-1.14598],[-78.18714,-1.16333],[-78.18807,-1.18275],[-78.16949,-1.18766],[-78.1534,-1.17967],[-78.13518,-1.18224],[-78.12966,-1.19137],[-78.11687,-1.18861],[-78.11467,-1.16054],[-78.09759,-1.1403],[-78.08628,-1.13459],[-78.07358,-1.12054],[-78.05889,-1.12785],[-78.04529,-1.12191],[-78.0342,-1.10799],[-78.02413,-1.11006],[-78.00442,-1.09963],[-77.97845,-1.10143],[-77.96274,-1.09445],[-77.95488,-1.08433],[-77.93669,-1.10681],[-77.91549,-1.11737],[-77.89312,-1.11737],[-77.89976,-1.09588],[-77.88606,-1.08886],[-77.85262,-1.09181],[-77.79182,-1.09181],[-77.78631,-1.11906],[-77.76612,-1.14123],[-77.75865,-1.1337],[-77.72912,-1.15958],[-77.72791,-1.16084],[-77.73153,-1.16383],[-77.73198,-1.16619],[-77.72132,-1.17997],[-77.6996,-1.1478],[-77.68528,-1.1393],[-77.66411,-1.14628],[-77.65542,-1.13225],[-77.64516,-1.134],[-77.63915,-1.14653],[-77.62841,-1.14273],[-77.61402,-1.1479],[-77.59583,-1.12419],[-77.56124,-1.15831],[-77.54212,-1.14432],[-77.52144,-1.12215],[-77.50147,-1.11868],[-77.48462,-1.10496],[-77.46059,-1.10145],[-77.44561,-1.0944],[-77.45218,-1.08266],[-77.44142,-1.07783],[-77.41324,-1.08404],[-77.40149,-1.09037],[-77.38983,-1.08597],[-77.35129,-1.10271],[-77.35082,-1.07016],[-77.32019,-1.07234],[-77.29772,-1.06001],[-77.26779,-1.05702],[-77.26011,-1.05226],[-77.23647,-1.05243],[-77.22923,-1.02583],[-77.20514,-1.026],[-77.16642,-1.01802],[-77.15575,-1.02166],[-77.13674,-1.01895],[-77.10542,-1.00791],[-77.08716,-1.01432],[-77.06775,-1.00527],[-77.05996,-1.00831],[-77.04981,-0.98687],[-77.07172,-0.96897],[-77.07171,-0.95139],[-77.05537,-0.94659],[-77.04245,-0.93214],[-77.03588,-0.91706],[-77.05992,-0.90852],[-77.06835,-0.91111],[-77.10062,-0.91048],[-77.11623,-0.9016],[-77.13596,-0.9019],[-77.14407,-0.89468],[-77.14391,-0.87448],[-77.15058,-0.8683],[-77.16346,-0.87422],[-77.17726,-0.85664],[-77.19442,-0.85463],[-77.19237,-0.83434],[-77.20714,-0.80243],[-77.19512,-0.795],[-77.18578,-0.77099],[-77.16931,-0.76277],[-77.15326,-0.76455],[-77.13131,-0.73345],[-77.11949,-0.72474],[-77.11343,-0.70044],[-77.12278,-0.69481]]]},"properties":{"DPA_CANTON":"1501","DPA_DESCAN":"TENA","DPA_PROVIN":"15","DPA_DESPRO":"NAPO","a45i3_muy":1918,"a45i3_alta":0,"a45i3_al_1":537,"a46i3_muy":15,"a46i3_alta":0,"a46i3_al_1":90,"a46i3_al_2":3731,"a46i3_al_3":0,"total":6291}},
{"type":"Feature","geometry":{"type":"Polygon","coordinates":[[[-78.23661,-0.45605],[-78.24732,-0.46143],[-78.2548,-0.4989],[-78.27065,-0.51483],[-78.26604,-0.52841],[-78.28812,-0.57905],[-78.29723,-0.57664],[-78.31788,-0.58117],[-78.32059,-0.59061],[-78.32663,-0.61364],[-78.32124,-0.62809],[-78.33219,-0.65774],[-78.34148,-0.66013],[-78.36174,-0.67497],[-78.39507,-0.67667],[-78.39574,-0.70072],[-78.4111,-0.72412],[-78.39291,-0.74752],[-78.39759,-0.76525],[-78.39383,-0.79854],[-78.3888,-0.80387],[-78.37875,-0.80532],[-78.3681,-0.79377],[-78.34921,-0.79266],[-78.31913,-0.77483],[-78.2991,-0.76747],[-78.28705,-0.76857],[-78.27132,-0.75569],[-78.25558,-0.76293],[-78.24974,-0.77652],[-78.26095,-0.80882],[-78.25458,-0.81394],[-78.24945,-0.83368],[-78.23251,-0.84483],[-78.21414,-0.86193],[-78.18925,-0.86096],[-78.17231,-0.86484],[-78.15669,-0.84887],[-78.1361,-0.84017],[-78.09974,-0.85073],[-78.07934,-0.83758],[-78.04792,-0.85616],[-78.03752,-0.87735],[-78.03739,-0.89021],[-78.04459,-0.9319],[-78.03131,-0.93855],[-78.02476,-0.92737],[-78.00065,-0.93278],[-77.97688,-0.92438],[-77.97039,-0.91699],[-77.96617,-0.88656],[-77.94901,-0.86848],[-77.91851,-0.86124],[-77.89203,-0.86609],[-77.87498,-0.87881],[-77.86005,-0.87874],[-77.86336,-0.90141],[-77.8505,-0.9066],[-77.84557,-0.916],[-77.81754,-0.91634],[-77.81772,-0.937],[-77.75451,-0.97146],[-77.73502,-0.97024],[-77.72838,-0.97481],[-77.69551,-0.97498],[-77.69271,-0.96287],[-77.70031,-0.94129],[-77.69864,-0.91683],[-77.70224,-0.90957],[-77.7009,-0.88123],[-77.68835,-0.87377],[-77.69253,-0.86042],[-77.68282,-0.85582],[-77.66208,-0.85762],[-77.6631,-0.86504],[-77.62949,-0.86],[-77.61556,-0.84384],[-77.60594,-0.84193],[-77.60323,-0.81565],[-77.58531,-0.8027],[-77.56992,-0.80567],[-77.55719,-0.7992],[-77.53471,-0.80038],[-77.54205,-0.79503],[-77.53429,-0.76223],[-77.49695,-0.70199],[-77.51104,-0.69],[-77.52467,-0.67045],[-77.53142,-0.64215],[-77.532,-0.62604],[-77.55284,-0.62026],[-77.56905,-0.60963],[-77.57636,-0.61277],[-77.58814,-0.5953],[-77.59048,-0.57387],[-77.60529,-0.56005],[-77.62072,-0.56038],[-77.6266,-0.54094],[-77.64019,-0.52978],[-77.66557,-0.52471],[-77.67869,-0.51854],[-77.70036,-0.50191],[-77.71651,-0.50251],[-77.73206,-0.48874],[-77.74497,-0.51507],[-77.76903,-0.51943],[-77.77776,-0.53585],[-77.79492,-0.546],[-77.80863,-0.57617],[-77.80772,-0.59656],[-77.82244,-0.6135],[-77.84284,-0.62506],[-77.85888,-0.64267],[-77.90939,-0.64312],[-77.91138,-0.66063],[-77.93057,-0.66426],[-77.95002,-0.64518],[-77.97574,-0.64001],[-78.00159,-0.61437],[-78.03595,-0.59912],[-78.08651,-0.60715],[-78.10988,-0.58493],[-78.14041,-0.59813],[-78.15747,-0.58878],[-78.16608,-0.57666],[-78.18264,-0.56994],[-78.18296,-0.55886],[-78.16346,-0.53299],[-78.16267,-0.51388],[-78.14033,-0.48958],[-78.14789,-0.47795],[-78.17454,-0.46464],[-78.19446,-0.45798],[-78.20628,-0.46593],[-78.23661,-0.45605]]]},"properties":{"DPA_CANTON":"1503","DPA_DESCAN":"ARCHIDONA","DPA_PROVIN":"15","DPA_DESPRO":"NAPO","a45i3_muy":963,"a45i3_alta":0,"a45i3_al_1":214,"a46i3_muy":14,"a46i3_alta":0,"a46i3_al_1":40,"a46i3_al_2":1665,"a46i3_al_3":0,"total":2896}},
{"type":"Feature","geometry":{"type":"Polygon","coordinates":[[[-77.30497,-0.05938],[-77.30545,-0.07103],[-77.32128,-0.08032],[-77.3389,-0.10159],[-77.33673,-0.11363],[-77.34672,-0.12962],[-77.37939,-0.15257],[-77.39336,-0.13982],[-77.43831,-0.12937],[-77.45314,-0.13724],[-77.4543,-0.11458],[-77.44497,-0.09952],[-77.45632,-0.08209],[-77.4499,-0.0709],[-77.45622,-0.04997],[-77.45329,-0.03768],[-77.46037,-0.01912],[-77.47076,-0.01857],[-77.48549,-0.02648],[-77.49016,-0.04066],[-77.50821,-0.04071],[-77.50469,-0.05648],[-77.51266,-0.06413],[-77.53719,-0.05718],[-77.55896,-0.08407],[-77.58063,-0.10142],[-77.58397,-0.10911],[-77.61195,-0.08198],[-77.63962,-0.07618],[-77.65882,-0.08085],[-77.78231,-0.08311],[-77.78006,-0.07038],[-77.78535,-0.05269],[-77.78514,-0.03132],[-77.79447,-0.01665],[-77.77947,0.01051],[-77.78445,0.01936],[-77.80884,0.02301],[-77.82008,0.03371],[-77.83983,0.02727],[-77.84451,0.00493],[-77.85255,-0.00388],[-77.87018,-0.00832],[-77.90829,-0.0277],[-77.92224,-0.03027],[-77.94339,-0.05305],[-77.93467,-0.07108],[-77.93576,-0.09991],[-77.95489,-0.09505],[-77.97281,-0.12008],[-77.99906,-0.11728],[-78.01889,-0.14104],[-78.04024,-0.1383],[-78.05739,-0.14603],[-78.05424,-0.16135],[-78.07037,-0.18304],[-78.10187,-0.19089],[-78.10651,-0.18208],[-78.12476,-0.18093],[-78.13195,-0.16748],[-78.15518,-0.17274],[-78.16706,-0.18689],[-78.17424,-0.19487],[-78.18988,-0.19763],[-78.18537,-0.21584],[-78.18948,-0.24063],[-78.18597,-0.26355],[-78.17618,-0.25843],[-78.15034,-0.2588],[-78.11959,-0.25579],[-78.09305,-0.2402],[-78.07806,-0.28128],[-78.06992,-0.2788],[-78.04271,-0.30714],[-78.02693,-0.33824],[-78.00329,-0.34045],[-77.9985,-0.35544],[-77.98706,-0.36283],[-77.97603,-0.38373],[-77.93798,-0.3903],[-77.92932,-0.41107],[-77.91781,-0.41461],[-77.90797,-0.40197],[-77.8845,-0.40039],[-77.86441,-0.38744],[-77.82188,-0.39883],[-77.79,-0.41115],[-77.77754,-0.42283],[-77.77188,-0.43903],[-77.74984,-0.43429],[-77.7348,-0.43712],[-77.72538,-0.43144],[-77.69461,-0.43216],[-77.66341,-0.43634],[-77.65112,-0.45213],[-77.62605,-0.45374],[-77.61588,-0.46382],[-77.60765,-0.46141],[-77.58614,-0.46639],[-77.57109,-0.46293],[-77.54724,-0.45272],[-77.52846,-0.4762],[-77.48772,-0.49732],[-77.48046,-0.49664],[-77.45562,-0.51177],[-77.43989,-0.51238],[-77.43218,-0.52136],[-77.414,-0.50386],[-77.39159,-0.49533],[-77.38505,-0.48181],[-77.38235,-0.46261],[-77.3706,-0.45515],[-77.36768,-0.43424],[-77.35486,-0.41993],[-77.32699,-0.42418],[-77.32632,-0.3794],[-77.31699,-0.35677],[-77.30161,-0.34622],[-77.28578,-0.34247],[-77.25644,-0.30829],[-77.26216,-0.28688],[-77.25547,-0.2709],[-77.26775,-0.26233],[-77.2662,-0.24022],[-77.28069,-0.20951],[-77.29264,-0.20363],[-77.29962,-0.17962],[-77.29402,-0.14082],[-77.27844,-0.13667],[-77.28586,-0.12386],[-77.28611,-0.10364],[-77.29607,-0.08965],[-77.29439,-0.07037],[-77.30497,-0.05938]]]},"properties":{"DPA_CANTON":"1504","DPA_DESCAN":"EL CHACO","DPA_PROVIN":"15","DPA_DESPRO":"NAPO","a45i3_muy":0,"a45i3_alta":82,"a45i3_al_1":124,"a46i3_muy":0,"a46i3_alta":1,"a46i3_al_1":13,"a46i3_al_2":252,"a46i3_al_3":0,"total":472}},
{"type":"Feature","geometry":{"type":"Polygon","coordinates":[[[-77.57109,-0.46293],[-77.58614,-0.46639],[-77.60765,-0.46141],[-77.61588,-0.46382],[-77.62605,-0.45374],[-77.65112,-0.45213],[-77.66341,-0.43634],[-77.69461,-0.43216],[-77.72538,-0.43144],[-77.7348,-0.43712],[-77.74984,-0.43429],[-77.77188,-0.43903],[-77.77754,-0.42283],[-77.79,-0.41115],[-77.82188,-0.39883],[-77.86441,-0.38744],[-77.8845,-0.40039],[-77.90797,-0.40197],[-77.91781,-0.41461],[-77.92932,-0.41107],[-77.93798,-0.3903],[-77.97603,-0.38373],[-77.98706,-0.36283],[-77.9985,-0.35544],[-78.00329,-0.34045],[-78.02693,-0.33824],[-78.04271,-0.30714],[-78.06992,-0.2788],[-78.07806,-0.28128],[-78.09305,-0.2402],[-78.11959,-0.25579],[-78.15034,-0.2588],[-78.17618,-0.25843],[-78.18597,-0.26355],[-78.19154,-0.27505],[-78.18783,-0.28652],[-78.19634,-0.30521],[-78.19106,-0.31873],[-78.20726,-0.34025],[-78.21581,-0.36197],[-78.22382,-0.36354],[-78.23325,-0.37919],[-78.24322,-0.38425],[-78.25516,-0.40875],[-78.23853,-0.43502],[-78.23661,-0.45605],[-78.20628,-0.46593],[-78.19446,-0.45798],[-78.17454,-0.46464],[-78.14789,-0.47795],[-78.14033,-0.48958],[-78.16267,-0.51388],[-78.16346,-0.53299],[-78.18296,-0.55886],[-78.18264,-0.56994],[-78.16608,-0.57666],[-78.15747,-0.58878],[-78.14041,-0.59813],[-78.10988,-0.58493],[-78.08651,-0.60715],[-78.03595,-0.59912],[-78.00159,-0.61437],[-77.97574,-0.64001],[-77.95002,-0.64518],[-77.93057,-0.66426],[-77.91138,-0.66063],[-77.90939,-0.64312],[-77.85888,-0.64267],[-77.84284,-0.62506],[-77.82244,-0.6135],[-77.80772,-0.59656],[-77.80863,-0.57617],[-77.79492,-0.546],[-77.77776,-0.53585],[-77.76903,-0.51943],[-77.74497,-0.51507],[-77.73206,-0.48874],[-77.71651,-0.50251],[-77.70036,-0.50191],[-77.67869,-0.51854],[-77.66557,-0.52471],[-77.64019,-0.52978],[-77.6266,-0.54094],[-77.61528,-0.52559],[-77.60168,-0.51914],[-77.57569,-0.5005],[-77.55969,-0.4944],[-77.56741,-0.48559],[-77.57109,-0.46293]]]},"properties":{"DPA_CANTON":"1507","DPA_DESCAN":"QUIJOS","DPA_PROVIN":"15","DPA_DESPRO":"NAPO","a45i3_muy":0,"a45i3_alta":72,"a45i3_al_1":51,"a46i3_muy":0,"a46i3_alta":1,"a46i3_al_1":6,"a46i3_al_2":157,"a46i3_al_3":0,"total":287}},
{"type":"Feature","geometry":{"type":"Polygon","coordinates":[[[-77.85262,-1.09181],[-77.88606,-1.08886],[-77.89976,-1.09588],[-77.89312,-1.11737],[-77.91549,-1.11737],[-77.93669,-1.10681],[-77.95488,-1.08433],[-77.96274,-1.09445],[-77.97845,-1.10143],[-78.00442,-1.09963],[-78.02413,-1.11006],[-78.0342,-1.10799],[-78.04529,-1.12191],[-78.05889,-1.12785],[-78.07358,-1.12054],[-78.08628,-1.13459],[-78.09759,-1.1403],[-78.11467,-1.16054],[-78.1151,-1.19448],[-78.12181,-1.22059],[-78.1107,-1.23347],[-78.09707,-1.22585],[-78.05188,-1.24862],[-78.01903,-1.23346],[-78.01541,-1.22457],[-77.96695,-1.22414],[-77.96615,-1.2168],[-77.96357,-1.21161],[-77.94626,-1.20546],[-77.9442,-1.22357],[-77.91877,-1.22689],[-77.89859,-1.24433],[-77.88096,-1.24269],[-77.88899,-1.22969],[-77.88231,-1.20706],[-77.85047,-1.20704],[-77.84127,-1.21818],[-77.83208,-1.21818],[-77.82512,-1.20315],[-77.80639,-1.20298],[-77.7807,-1.18325],[-77.75434,-1.17825],[-77.74097,-1.16206],[-77.73251,-1.15997],[-77.72912,-1.15958],[-77.72747,-1.15959],[-77.75865,-1.1337],[-77.76612,-1.14123],[-77.78631,-1.11906],[-77.79182,-1.09181],[-77.85262,-1.09181]]]},"properties":{"DPA_CANTON":"1509","DPA_DESCAN":"CARLOS JULIO AROSEMENA TOLA","DPA_PROVIN":"15","DPA_DESPRO":"NAPO","a45i3_muy":130,"a45i3_alta":0,"a45i3_al_1":42,"a46i3_muy":0,"a46i3_alta":0,"a46i3_al_1":6,"a46i3_al_2":220,"a46i3_al_3":0,"total":398}},
{"type":"Feature","geometry":{"type":"Polygon","coordinates":[[[-77.80492,-1.32131],[-77.81392,-1.34847],[-77.82522,-1.35551],[-77.85535,-1.35449],[-77.87658,-1.36454],[-77.89706,-1.35972],[-77.90765,-1.36197],[-77.93694,-1.34856],[-77.9392,-1.33299],[-77.96188,-1.32447],[-77.95437,-1.3105],[-77.96948,-1.2932],[-77.97004,-1.30455],[-77.99946,-1.32668],[-77.99717,-1.33672],[-78.00455,-1.36558],[-78.01778,-1.37562],[-78.02023,-1.39096],[-78.02959,-1.40102],[-78.02303,-1.40978],[-78.03668,-1.42302],[-78.03601,-1.44719],[-78.0487,-1.44719],[-78.04903,-1.50651],[-78.02413,-1.50932],[-78.02785,-1.52697],[-78.02538,-1.55004],[-78.01335,-1.55715],[-77.99966,-1.57471],[-77.98911,-1.58167],[-77.96873,-1.58369],[-77.96416,-1.61044],[-77.94739,-1.62315],[-77.94315,-1.63665],[-77.92167,-1.64078],[-77.92338,-1.65454],[-77.90373,-1.6886],[-77.88906,-1.69127],[-77.88245,-1.70738],[-77.88014,-1.74442],[-77.88521,-1.76208],[-77.86504,-1.77233],[-77.86975,-1.78382],[-77.85793,-1.7988],[-77.85635,-1.81774],[-77.84763,-1.83511],[-77.85458,-1.84073],[-77.83165,-1.86238],[-77.82736,-1.86824],[-77.82819,-1.89618],[-77.82289,-1.92321],[-77.80982,-1.93214],[-77.79447,-1.93456],[-77.794,-1.95524],[-77.78456,-1.95903],[-77.77664,-1.97219],[-77.75036,-1.98557],[-77.73187,-1.98523],[-77.72822,-2.01149],[-77.7144,-2.02632],[-77.69911,-2.02441],[-77.68895,-2.03009],[-77.67259,-2.05034],[-77.64067,-2.04809],[-77.62144,-2.0426],[-77.59587,-2.05828],[-77.59036,-2.06899],[-77.57046,-2.0793],[-77.54205,-2.07363],[-77.52076,-2.08538],[-77.50104,-2.08933],[-77.48698,-2.1048],[-77.46693,-2.10912],[-77.44948,-2.11925],[-77.42898,-2.12532],[-77.42853,-2.13629],[-77.38577,-2.15877],[-77.36237,-2.16505],[-77.35133,-2.16039],[-77.34323,-2.17313],[-77.33391,-2.17311],[-77.31627,-2.18701],[-77.3055,-2.18588],[-77.27222,-2.21442],[-77.2642,-2.23423],[-77.24355,-2.24874],[-77.23288,-2.26265],[-77.20124,-2.2655],[-77.18424,-2.27579],[-77.183,-2.28477],[-77.16617,-2.30235],[-77.14591,-2.29913],[-77.12857,-2.31472],[-77.11459,-2.31567],[-77.10317,-2.33725],[-77.0868,-2.34456],[-77.08149,-2.37642],[-77.04884,-2.40652],[-77.041,-2.42094],[-77.03227,-2.44975],[-77.02309,-2.45756],[-77.00582,-2.45636],[-76.99455,-2.48728],[-76.99635,-2.51533],[-76.97232,-2.51113],[-76.96426,-2.51623],[-76.94949,-2.54828],[-76.9396,-2.55451],[-76.93269,-2.54504],[-76.91322,-2.56424],[-76.89762,-2.55356],[-76.88647,-2.56552],[-76.87339,-2.55774],[-76.85202,-2.55957],[-76.83014,-2.54392],[-76.81536,-2.54613],[-76.81401,-2.56119],[-76.80027,-2.5707],[-76.78024,-2.55261],[-76.75697,-2.56318],[-76.73772,-2.55387],[-76.72391,-2.58524],[-76.69209,-2.60999],[-76.63357,-2.59019],[-76.5,-2.48484],[-76.25,-2.28767],[-76.04325,-2.12462],[-75.84899,-1.88062],[-75.61696,-1.58932],[-75.63159,-1.58798],[-75.66955,-1.59315],[-75.67196,-1.58533],[-75.68737,-1.58287],[-75.69274,-1.60529],[-75.71342,-1.61994],[-75.73492,-1.62608],[-75.73434,-1.63658],[-75.75229,-1.63105],[-75.75239,-1.64188],[-75.76236,-1.65177],[-75.79934,-1.65586],[-75.81356,-1.64322],[-75.80392,-1.63398],[-75.83237,-1.61931],[-75.85023,-1.63799],[-75.86738,-1.64612],[-75.87502,-1.66591],[-75.88839,-1.67112],[-75.90945,-1.67173],[-75.9171,-1.66079],[-75.93646,-1.66098],[-75.96175,-1.64531],[-75.97019,-1.61886],[-75.98609,-1.60465],[-76.0073,-1.60568],[-76.00945,-1.61416],[-76.03287,-1.61986],[-76.04873,-1.64373],[-76.09959,-1.65],[-76.10104,-1.6418],[-76.14158,-1.65361],[-76.12106,-1.67749],[-76.11256,-1.69393],[-76.12135,-1.70381],[-76.13398,-1.6965],[-76.13312,-1.68517],[-76.15608,-1.68289],[-76.15079,-1.65568],[-76.1628,-1.6475],[-76.17426,-1.65266],[-76.19271,-1.64776],[-76.17918,-1.62585],[-76.18556,-1.61452],[-76.20047,-1.6156],[-76.20969,-1.62465],[-76.20096,-1.63743],[-76.21596,-1.64083],[-76.23072,-1.62156],[-76.24131,-1.62006],[-76.27089,-1.62517],[-76.27765,-1.63048],[-76.29282,-1.61474],[-76.29504,-1.60122],[-76.3243,-1.58061],[-76.33214,-1.5849],[-76.35582,-1.5757],[-76.41783,-1.57007],[-76.43295,-1.55841],[-76.44728,-1.57049],[-76.45344,-1.55826],[-76.47019,-1.55651],[-76.4857,-1.53825],[-76.50327,-1.53774],[-76.50632,-1.54699],[-76.53027,-1.53223],[-76.54417,-1.51944],[-76.54635,-1.50785],[-76.5681,-1.51008],[-76.57911,-1.49436],[-76.61003,-1.5014],[-76.62292,-1.50101],[-76.62966,-1.48457],[-76.6393,-1.4886],[-76.66934,-1.47132],[-76.67734,-1.47353],[-76.70073,-1.4506],[-76.71055,-1.45696],[-76.72145,-1.44822],[-76.78388,-1.43869],[-76.80717,-1.42441],[-76.84605,-1.4266],[-76.86661,-1.42159],[-76.87652,-1.40844],[-76.89329,-1.41063],[-76.9038,-1.39116],[-76.94021,-1.38358],[-76.95717,-1.39674],[-76.97438,-1.40214],[-76.9967,-1.3996],[-77.00871,-1.41119],[-77.02431,-1.41755],[-77.04006,-1.41423],[-77.06674,-1.42171],[-77.07965,-1.4402],[-77.10038,-1.43584],[-77.11777,-1.44469],[-77.14257,-1.44873],[-77.15477,-1.45747],[-77.16253,-1.47856],[-77.17037,-1.47393],[-77.19636,-1.48169],[-77.21197,-1.4815],[-77.22191,-1.4756],[-77.24498,-1.47449],[-77.25522,-1.48871],[-77.29139,-1.51508],[-77.31749,-1.50857],[-77.32449,-1.49822],[-77.33601,-1.49856],[-77.35057,-1.51529],[-77.37857,-1.51073],[-77.39048,-1.50374],[-77.42018,-1.49751],[-77.43917,-1.48991],[-77.4513,-1.49025],[-77.46627,-1.48319],[-77.48106,-1.49691],[-77.48446,-1.506],[-77.50075,-1.50675],[-77.52956,-1.49146],[-77.53909,-1.49633],[-77.5546,-1.48695],[-77.57042,-1.49414],[-77.60071,-1.47915],[-77.64831,-1.47586],[-77.68274,-1.46275],[-77.70275,-1.47817],[-77.71632,-1.47071],[-77.71946,-1.45432],[-77.70709,-1.43254],[-77.70629,-1.41495],[-77.72039,-1.40388],[-77.72287,-1.38293],[-77.73218,-1.37063],[-77.73387,-1.34116],[-77.75348,-1.3426],[-77.76596,-1.36333],[-77.77626,-1.36443],[-77.78725,-1.34395],[-77.79588,-1.3401],[-77.79713,-1.32577],[-77.80492,-1.32131]]]},"properties":{"DPA_CANTON":"1601","DPA_DESCAN":"PASTAZA","DPA_PROVIN":"16","DPA_DESPRO":"PASTAZA","a45i3_muy":1717,"a45i3_alta":20,"a45i3_al_1":656,"a46i3_muy":13,"a46i3_alta":0,"a46i3_al_1":51,"a46i3_al_2":2779,"a46i3_al_3":0,"total":5236}},
{"type":"Feature","geometry":{"type":"Polygon","coordinates":[[[-77.96615,-1.2168],[-77.96695,-1.22414],[-78.01541,-1.22457],[-78.01903,-1.23346],[-78.05188,-1.24862],[-78.09707,-1.22585],[-78.1107,-1.23347],[-78.12376,-1.22307],[-78.11641,-1.25162],[-78.11991,-1.25967],[-78.11291,-1.28423],[-78.11837,-1.30689],[-78.11439,-1.31907],[-78.1217,-1.33694],[-78.11977,-1.36314],[-78.12575,-1.3792],[-78.13984,-1.39584],[-78.15091,-1.42898],[-78.16837,-1.43502],[-78.17795,-1.44868],[-78.14988,-1.45349],[-78.12867,-1.45087],[-78.10303,-1.47545],[-78.06546,-1.52696],[-78.05837,-1.54386],[-78.0583,-1.57781],[-78.04477,-1.60008],[-78.03863,-1.62723],[-78.03162,-1.63375],[-78.03126,-1.65496],[-78.01177,-1.67781],[-77.97316,-1.67202],[-77.95976,-1.66079],[-77.94657,-1.66289],[-77.92338,-1.65454],[-77.92167,-1.64078],[-77.94315,-1.63665],[-77.94739,-1.62315],[-77.96416,-1.61044],[-77.96873,-1.58369],[-77.98911,-1.58167],[-77.99966,-1.57471],[-78.01335,-1.55715],[-78.02538,-1.55004],[-78.02785,-1.52697],[-78.02413,-1.50932],[-78.04903,-1.50651],[-78.0487,-1.44719],[-78.03601,-1.44719],[-78.03668,-1.42302],[-78.02303,-1.40978],[-78.02959,-1.40102],[-78.02023,-1.39096],[-78.01778,-1.37562],[-78.00455,-1.36558],[-77.99717,-1.33672],[-77.99946,-1.32668],[-77.97004,-1.30455],[-77.96948,-1.2932],[-77.9696,-1.28326],[-77.96021,-1.2742],[-77.96615,-1.2168]]]},"properties":{"DPA_CANTON":"1602","DPA_DESCAN":"MERA","DPA_PROVIN":"16","DPA_DESPRO":"PASTAZA","a45i3_muy":315,"a45i3_alta":27,"a45i3_al_1":131,"a46i3_muy":4,"a46i3_alta":0,"a46i3_al_1":18,"a46i3_al_2":559,"a46i3_al_3":0,"total":1054}},
{"type":"Feature","geometry":{"type":"Polygon","coordinates":[[[-77.80492,-1.32131],[-77.79625,-1.28997],[-77.7888,-1.27705],[-77.7888,-1.2546],[-77.75844,-1.22945],[-77.75032,-1.20552],[-77.73198,-1.16619],[-77.73153,-1.16383],[-77.72791,-1.16084],[-77.72912,-1.15958],[-77.74097,-1.16206],[-77.75434,-1.17825],[-77.7807,-1.18325],[-77.80639,-1.20298],[-77.82512,-1.20315],[-77.83208,-1.21818],[-77.84127,-1.21818],[-77.85047,-1.20704],[-77.88231,-1.20706],[-77.88899,-1.22969],[-77.88096,-1.24269],[-77.89859,-1.24433],[-77.91877,-1.22689],[-77.9442,-1.22357],[-77.94626,-1.20546],[-77.96357,-1.21161],[-77.96615,-1.2168],[-77.96021,-1.2742],[-77.9696,-1.28326],[-77.96948,-1.2932],[-77.95437,-1.3105],[-77.96188,-1.32447],[-77.9392,-1.33299],[-77.93694,-1.34856],[-77.90765,-1.36197],[-77.89706,-1.35972],[-77.87658,-1.36454],[-77.85535,-1.35449],[-77.82522,-1.35551],[-77.81392,-1.34847],[-77.80492,-1.32131]]]},"properties":{"DPA_CANTON":"1603","DPA_DESCAN":"SANTA CLARA","DPA_PROVIN":"16","DPA_DESPRO":"PASTAZA","a45i3_muy":110,"a45i3_alta":13,"a45i3_al_1":56,"a46i3_muy":1,"a46i3_alta":0,"a46i3_al_1":3,"a46i3_al_2":196,"a46i3_al_3":0,"total":379}},
{"type":"Feature","geometry":{"type":"Polygon","coordinates":[[[-76.58333,-1.06799],[-76.6127,-1.07112],[-76.63296,-1.06153],[-76.65286,-1.05681],[-76.6677,-1.06851],[-76.68034,-1.06867],[-76.68723,-1.0775],[-76.72054,-1.08225],[-76.72702,-1.10387],[-76.77365,-1.09061],[-76.78791,-1.09707],[-76.80245,-1.11079],[-76.8176,-1.10947],[-76.83243,-1.11438],[-76.83238,-1.14017],[-76.83815,-1.15685],[-76.85319,-1.16306],[-76.86909,-1.15754],[-76.88944,-1.14013],[-76.89145,-1.13101],[-76.91742,-1.12169],[-76.9494,-1.12204],[-76.97472,-1.10341],[-76.99621,-1.09677],[-77.03127,-1.09696],[-77.03623,-1.09961],[-77.06736,-1.08553],[-77.08339,-1.05179],[-77.09105,-1.02397],[-77.06959,-1.01933],[-77.05996,-1.00831],[-77.06775,-1.00527],[-77.08716,-1.01432],[-77.10542,-1.00791],[-77.13674,-1.01895],[-77.15575,-1.02166],[-77.16642,-1.01802],[-77.20514,-1.026],[-77.22923,-1.02583],[-77.23647,-1.05243],[-77.26011,-1.05226],[-77.26779,-1.05702],[-77.29772,-1.06001],[-77.32019,-1.07234],[-77.35082,-1.07016],[-77.35129,-1.10271],[-77.38983,-1.08597],[-77.40149,-1.09037],[-77.41324,-1.08404],[-77.44142,-1.07783],[-77.45218,-1.08266],[-77.44561,-1.0944],[-77.46059,-1.10145],[-77.48462,-1.10496],[-77.50147,-1.11868],[-77.52144,-1.12215],[-77.54212,-1.14432],[-77.56124,-1.15831],[-77.59583,-1.12419],[-77.61402,-1.1479],[-77.62841,-1.14273],[-77.63915,-1.14653],[-77.64516,-1.134],[-77.65542,-1.13225],[-77.66411,-1.14628],[-77.68528,-1.1393],[-77.6996,-1.1478],[-77.72132,-1.17997],[-77.73198,-1.16619],[-77.75032,-1.20552],[-77.75844,-1.22945],[-77.7888,-1.2546],[-77.7888,-1.27705],[-77.79625,-1.28997],[-77.80492,-1.32131],[-77.79713,-1.32577],[-77.79588,-1.3401],[-77.78725,-1.34395],[-77.77626,-1.36443],[-77.76596,-1.36333],[-77.75348,-1.3426],[-77.73387,-1.34116],[-77.73218,-1.37063],[-77.72287,-1.38293],[-77.72039,-1.40388],[-77.70629,-1.41495],[-77.70709,-1.43254],[-77.71946,-1.45432],[-77.71632,-1.47071],[-77.70275,-1.47817],[-77.68274,-1.46275],[-77.64831,-1.47586],[-77.60071,-1.47915],[-77.57042,-1.49414],[-77.5546,-1.48695],[-77.53909,-1.49633],[-77.52956,-1.49146],[-77.50075,-1.50675],[-77.48446,-1.506],[-77.48106,-1.49691],[-77.46627,-1.48319],[-77.4513,-1.49025],[-77.43917,-1.48991],[-77.42018,-1.49751],[-77.39048,-1.50374],[-77.37857,-1.51073],[-77.35057,-1.51529],[-77.33601,-1.49856],[-77.32449,-1.49822],[-77.31749,-1.50857],[-77.29139,-1.51508],[-77.25522,-1.48871],[-77.24498,-1.47449],[-77.22191,-1.4756],[-77.21197,-1.4815],[-77.19636,-1.48169],[-77.17037,-1.47393],[-77.16253,-1.47856],[-77.15477,-1.45747],[-77.14257,-1.44873],[-77.11777,-1.44469],[-77.10038,-1.43584],[-77.07965,-1.4402],[-77.06674,-1.42171],[-77.04006,-1.41423],[-77.02431,-1.41755],[-77.00871,-1.41119],[-76.9967,-1.3996],[-76.97438,-1.40214],[-76.95717,-1.39674],[-76.94021,-1.38358],[-76.9038,-1.39116],[-76.89329,-1.41063],[-76.87652,-1.40844],[-76.86661,-1.42159],[-76.84605,-1.4266],[-76.80717,-1.42441],[-76.78388,-1.43869],[-76.72145,-1.44822],[-76.71055,-1.45696],[-76.70073,-1.4506],[-76.67734,-1.47353],[-76.66934,-1.47132],[-76.6393,-1.4886],[-76.62966,-1.48457],[-76.62292,-1.50101],[-76.61003,-1.5014],[-76.57911,-1.49436],[-76.5681,-1.51008],[-76.54635,-1.50785],[-76.54417,-1.51944],[-76.53027,-1.53223],[-76.50632,-1.54699],[-76.50327,-1.53774],[-76.4857,-1.53825],[-76.47019,-1.55651],[-76.45344,-1.55826],[-76.44728,-1.57049],[-76.43295,-1.55841],[-76.41783,-1.57007],[-76.35582,-1.5757],[-76.33214,-1.5849],[-76.3243,-1.58061],[-76.29504,-1.60122],[-76.29282,-1.61474],[-76.27765,-1.63048],[-76.27089,-1.62517],[-76.24131,-1.62006],[-76.23072,-1.62156],[-76.21596,-1.64083],[-76.20096,-1.63743],[-76.20969,-1.62465],[-76.20047,-1.6156],[-76.18556,-1.61452],[-76.17918,-1.62585],[-76.19271,-1.64776],[-76.17426,-1.65266],[-76.1628,-1.6475],[-76.15079,-1.65568],[-76.15608,-1.68289],[-76.13312,-1.68517],[-76.13398,-1.6965],[-76.12135,-1.70381],[-76.11256,-1.69393],[-76.12106,-1.67749],[-76.14158,-1.65361],[-76.10104,-1.6418],[-76.09959,-1.65],[-76.04873,-1.64373],[-76.03287,-1.61986],[-76.00945,-1.61416],[-76.0073,-1.60568],[-75.98609,-1.60465],[-75.97019,-1.61886],[-75.96175,-1.64531],[-75.93646,-1.66098],[-75.9171,-1.66079],[-75.90945,-1.67173],[-75.88839,-1.67112],[-75.87502,-1.66591],[-75.86738,-1.64612],[-75.85023,-1.63799],[-75.83237,-1.61931],[-75.80392,-1.63398],[-75.81356,-1.64322],[-75.79934,-1.65586],[-75.76236,-1.65177],[-75.75239,-1.64188],[-75.75229,-1.63105],[-75.73434,-1.63658],[-75.73492,-1.62608],[-75.71342,-1.61994],[-75.69274,-1.60529],[-75.68737,-1.58287],[-75.67196,-1.58533],[-75.66955,-1.59315],[-75.63159,-1.58798],[-75.61696,-1.58932],[-75.58539,-1.5497],[-75.59584,-1.54036],[-75.58888,-1.52729],[-75.60123,-1.49794],[-75.61028,-1.49345],[-75.62268,-1.50202],[-75.64111,-1.49556],[-75.65719,-1.47618],[-75.66497,-1.48648],[-75.67527,-1.46795],[-75.69901,-1.46525],[-75.69863,-1.45171],[-75.71604,-1.452],[-75.72667,-1.43907],[-75.73935,-1.4345],[-75.7393,-1.41734],[-75.75024,-1.40497],[-75.7587,-1.41382],[-75.77897,-1.39525],[-75.78566,-1.40354],[-75.80114,-1.40297],[-75.82188,-1.3834],[-75.84557,-1.37377],[-75.84126,-1.36337],[-75.86604,-1.35575],[-75.87876,-1.35692],[-75.89376,-1.34891],[-75.9116,-1.35958],[-75.92112,-1.35279],[-75.93531,-1.36057],[-75.95844,-1.35311],[-75.97383,-1.33808],[-75.9888,-1.33737],[-75.99875,-1.33018],[-75.99767,-1.31554],[-76.01645,-1.30963],[-76.04012,-1.31007],[-76.0502,-1.29738],[-76.06434,-1.30363],[-76.0639,-1.2813],[-76.07662,-1.29284],[-76.09018,-1.28143],[-76.11125,-1.27904],[-76.11321,-1.27254],[-76.1369,-1.27604],[-76.15197,-1.28541],[-76.15713,-1.30046],[-76.17819,-1.28842],[-76.20293,-1.29822],[-76.21975,-1.28643],[-76.23535,-1.30039],[-76.25011,-1.30344],[-76.26698,-1.29581],[-76.27509,-1.30472],[-76.29552,-1.31043],[-76.31823,-1.30272],[-76.32761,-1.30617],[-76.34548,-1.29352],[-76.35741,-1.27976],[-76.39196,-1.26728],[-76.39567,-1.25436],[-76.40869,-1.25988],[-76.41936,-1.2721],[-76.4374,-1.26593],[-76.45121,-1.27136],[-76.45631,-1.25242],[-76.47155,-1.25732],[-76.48505,-1.23027],[-76.51803,-1.20729],[-76.5274,-1.1967],[-76.52551,-1.14927],[-76.5221,-1.13177],[-76.52455,-1.10712],[-76.51377,-1.09564],[-76.51843,-1.08693],[-76.51422,-1.07071],[-76.52823,-1.05331],[-76.5375,-1.05445],[-76.54666,-1.06853],[-76.56331,-1.05954],[-76.58333,-1.06799]]]},"properties":{"DPA_CANTON":"1604","DPA_DESCAN":"ARAJUNO","DPA_PROVIN":"16","DPA_DESPRO":"PASTAZA","a45i3_muy":472,"a45i3_alta":0,"a45i3_al_1":146,"a46i3_muy":3,"a46i3_alta":0,"a46i3_al_1":10,"a46i3_al_2":625,"a46i3_al_3":0,"total":1256}},
{"type":"Feature","geometry":{"type":"Polygon","coordinates":[[[-78.30104,0.15449],[-78.30005,0.1726],[-78.30693,0.18299],[-78.33068,0.19142],[-78.34323,0.19142],[-78.35498,0.17486],[-78.36653,0.17833],[-78.35816,0.20259],[-78.35084,0.21046],[-78.34388,0.23027],[-78.35398,0.23047],[-78.3563,0.24365],[-78.37653,0.25656],[-78.40236,0.24067],[-78.41575,0.21669],[-78.43258,0.1961],[-78.4456,0.20928],[-78.45727,0.2445],[-78.46635,0.25968],[-78.48838,0.26805],[-78.51016,0.24383],[-78.51016,0.22657],[-78.51928,0.22801],[-78.52415,0.21336],[-78.53586,0.20657],[-78.56218,0.20787],[-78.56553,0.22169],[-78.57561,0.22529],[-78.62499,0.21804],[-78.63545,0.20737],[-78.64954,0.21481],[-78.67474,0.21048],[-78.68861,0.22301],[-78.69929,0.21705],[-78.71844,0.21962],[-78.73503,0.22675],[-78.75387,0.24013],[-78.77703,0.24335],[-78.81115,0.23053],[-78.8336,0.24146],[-78.8695,0.23381],[-78.8808,0.22229],[-78.90933,0.21337],[-78.9287,0.21894],[-78.94769,0.20392],[-78.93796,0.19257],[-78.93804,0.15979],[-78.93291,0.14625],[-78.93947,0.11814],[-78.93492,0.10678],[-78.9251,0.08717],[-78.89914,0.06806],[-78.88436,0.06087],[-78.86175,0.05759],[-78.82788,0.03745],[-78.80195,0.03376],[-78.79581,0.02465],[-78.77811,0.03433],[-78.73487,0.0112],[-78.72566,-0.00236],[-78.72084,-0.02524],[-78.69961,-0.0347],[-78.67545,-0.00967],[-78.65872,-0.0281],[-78.65475,-0.04324],[-78.6439,-0.05038],[-78.65066,-0.0606],[-78.64778,-0.10125],[-78.66025,-0.12363],[-78.65914,-0.13595],[-78.6782,-0.12903],[-78.68503,-0.13768],[-78.69526,-0.13103],[-78.72237,-0.12907],[-78.73294,-0.13347],[-78.74368,-0.12759],[-78.7607,-0.12654],[-78.78632,-0.11376],[-78.79672,-0.10334],[-78.81733,-0.11328],[-78.83386,-0.09282],[-78.83661,-0.10826],[-78.82813,-0.11495],[-78.84017,-0.13399],[-78.83394,-0.14299],[-78.8336,-0.16123],[-78.84264,-0.16628],[-78.82972,-0.17909],[-78.83222,-0.18868],[-78.79474,-0.21375],[-78.7838,-0.21203],[-78.77829,-0.22483],[-78.75898,-0.24116],[-78.74613,-0.27742],[-78.74561,-0.2916],[-78.73766,-0.29823],[-78.73135,-0.31947],[-78.72036,-0.32589],[-78.71396,-0.31812],[-78.68043,-0.32225],[-78.66867,-0.34007],[-78.66081,-0.36091],[-78.65081,-0.35848],[-78.62039,-0.36081],[-78.6064,-0.35101],[-78.59351,-0.35148],[-78.54502,-0.36225],[-78.53664,-0.35837],[-78.52546,-0.36529],[-78.50851,-0.3656],[-78.52142,-0.3976],[-78.50959,-0.40884],[-78.49665,-0.43066],[-78.49457,-0.44293],[-78.47996,-0.45699],[-78.47111,-0.44751],[-78.47699,-0.42748],[-78.47444,-0.40556],[-78.46479,-0.37972],[-78.47548,-0.36592],[-78.46892,-0.34912],[-78.47634,-0.32628],[-78.45899,-0.2977],[-78.43362,-0.31521],[-78.42019,-0.32774],[-78.40904,-0.35894],[-78.39614,-0.37261],[-78.39368,-0.38259],[-78.40728,-0.40522],[-78.41231,-0.44204],[-78.42505,-0.4603],[-78.43271,-0.48601],[-78.43577,-0.49091],[-78.42592,-0.52357],[-78.43204,-0.54706],[-78.42615,-0.57116],[-78.394,-0.55697],[-78.37658,-0.53822],[-78.34998,-0.56994],[-78.34225,-0.57127],[-78.32983,-0.58932],[-78.32059,-0.59061],[-78.31788,-0.58117],[-78.29723,-0.57664],[-78.28812,-0.57905],[-78.26604,-0.52841],[-78.27065,-0.51483],[-78.2548,-0.4989],[-78.24732,-0.46143],[-78.23661,-0.45605],[-78.23853,-0.43502],[-78.25516,-0.40875],[-78.24322,-0.38425],[-78.23325,-0.37919],[-78.22382,-0.36354],[-78.21581,-0.36197],[-78.20726,-0.34025],[-78.19106,-0.31873],[-78.19634,-0.30521],[-78.18783,-0.28652],[-78.19154,-0.27505],[-78.18597,-0.26355],[-78.18948,-0.24063],[-78.18537,-0.21584],[-78.18988,-0.19763],[-78.17424,-0.19487],[-78.16706,-0.18689],[-78.16606,-0.17415],[-78.18392,-0.15384],[-78.20452,-0.14308],[-78.24939,-0.12745],[-78.21919,-0.10274],[-78.22806,-0.09116],[-78.24254,-0.08841],[-78.25945,-0.09908],[-78.27622,-0.09803],[-78.30399,-0.08694],[-78.31061,-0.06698],[-78.29534,-0.0548],[-78.29589,-0.03844],[-78.32365,-0.01994],[-78.33403,-0.02458],[-78.33752,-0.03699],[-78.3533,-0.03178],[-78.35819,-0.023],[-78.3817,-0.0315],[-78.3883,-0.03901],[-78.39936,-0.02586],[-78.39435,0.00727],[-78.39664,0.02674],[-78.37906,0.05329],[-78.3578,0.06312],[-78.32721,0.08833],[-78.32623,0.1061],[-78.30136,0.11478],[-78.30897,0.12919],[-78.30104,0.15449]]]},"properties":{"DPA_CANTON":"1701","DPA_DESCAN":"DISTRITO METROPOLITANO DE QUITO","DPA_PROVIN":"17","DPA_DESPRO":"PICHINCHA","a45i3_muy":6582,"a45i3_alta":246,"a45i3_al_1":5186,"a46i3_muy":104,"a46i3_alta":3,"a46i3_al_1":525,"a46i3_al_2":24217,"a46i3_al_3":0,"total":36863}},
{"type":"Feature","geometry":{"type":"Polygon","coordinates":[[[-78.03138,0.18825],[-78.04531,0.19084],[-78.09233,0.18633],[-78.10774,0.15849],[-78.1341,0.1527],[-78.14836,0.1588],[-78.15552,0.14113],[-78.18556,0.13409],[-78.16247,0.08612],[-78.1664,0.07868],[-78.16309,0.05714],[-78.17033,0.0406],[-78.16651,0.02713],[-78.17272,0.01147],[-78.18932,-0.003],[-78.20502,0.01713],[-78.22929,0.00681],[-78.24221,-0.0047],[-78.25249,-0.00682],[-78.26918,0],[-78.30106,-0.00463],[-78.30771,-0.01409],[-78.32365,-0.01994],[-78.29589,-0.03844],[-78.29534,-0.0548],[-78.31061,-0.06698],[-78.30399,-0.08694],[-78.27622,-0.09803],[-78.25945,-0.09908],[-78.24254,-0.08841],[-78.22806,-0.09116],[-78.21919,-0.10274],[-78.24939,-0.12745],[-78.20452,-0.14308],[-78.18392,-0.15384],[-78.16606,-0.17415],[-78.16706,-0.18689],[-78.15518,-0.17274],[-78.13195,-0.16748],[-78.12476,-0.18093],[-78.10651,-0.18208],[-78.10187,-0.19089],[-78.07037,-0.18304],[-78.05424,-0.16135],[-78.05739,-0.14603],[-78.04024,-0.1383],[-78.01889,-0.14104],[-77.99906,-0.11728],[-77.97281,-0.12008],[-77.95489,-0.09505],[-77.93576,-0.09991],[-77.93467,-0.07108],[-77.94339,-0.05305],[-77.92224,-0.03027],[-77.90829,-0.0277],[-77.87018,-0.00832],[-77.85255,-0.00388],[-77.84451,0.00493],[-77.83983,0.02727],[-77.85447,0.0243],[-77.85831,0.059],[-77.89468,0.08453],[-77.91824,0.08176],[-77.93673,0.10385],[-77.94591,0.09929],[-77.96226,0.11285],[-77.97725,0.11096],[-77.97062,0.14681],[-77.9652,0.1579],[-77.96724,0.16874],[-77.98424,0.17351],[-78.00189,0.17204],[-78.03138,0.18825]]]},"properties":{"DPA_CANTON":"1702","DPA_DESCAN":"CAYAMBE","DPA_PROVIN":"17","DPA_DESPRO":"PICHINCHA","a45i3_muy":1077,"a45i3_alta":87,"a45i3_al_1":823,"a46i3_muy":11,"a46i3_alta":2,"a46i3_al_1":55,"a46i3_al_2":2970,"a46i3_al_3":0,"total":5025}},
{"type":"Feature","geometry":{"type":"Polygon","coordinates":[[[-78.74613,-0.27742],[-78.756,-0.28248],[-78.77365,-0.2798],[-78.77392,-0.2984],[-78.78739,-0.30613],[-78.81716,-0.33454],[-78.81966,-0.34556],[-78.83484,-0.34463],[-78.85655,-0.34939],[-78.87543,-0.33045],[-78.88457,-0.33711],[-78.91164,-0.33021],[-78.9287,-0.31409],[-78.94426,-0.31126],[-78.95485,-0.31664],[-78.94125,-0.33149],[-78.92553,-0.33716],[-78.91482,-0.3464],[-78.90695,-0.36137],[-78.91625,-0.36815],[-78.88222,-0.41611],[-78.87553,-0.41426],[-78.85502,-0.46684],[-78.83844,-0.47779],[-78.83297,-0.49949],[-78.83424,-0.52103],[-78.81117,-0.53738],[-78.7902,-0.54281],[-78.77846,-0.53847],[-78.77073,-0.54529],[-78.755,-0.54774],[-78.73342,-0.55966],[-78.72833,-0.58898],[-78.73913,-0.62196],[-78.7354,-0.63736],[-78.72037,-0.64923],[-78.71514,-0.66099],[-78.6911,-0.65944],[-78.64812,-0.64281],[-78.63912,-0.61934],[-78.61087,-0.5995],[-78.60038,-0.60721],[-78.55895,-0.61415],[-78.55704,-0.63127],[-78.53329,-0.62498],[-78.51625,-0.63458],[-78.48161,-0.63323],[-78.47499,-0.61422],[-78.46445,-0.60973],[-78.45109,-0.6207],[-78.4336,-0.6054],[-78.41628,-0.60763],[-78.40771,-0.62012],[-78.38882,-0.62648],[-78.37503,-0.64],[-78.36352,-0.66179],[-78.37119,-0.67265],[-78.39507,-0.67667],[-78.36174,-0.67497],[-78.34148,-0.66013],[-78.33219,-0.65774],[-78.32124,-0.62809],[-78.32663,-0.61364],[-78.32059,-0.59061],[-78.32983,-0.58932],[-78.34225,-0.57127],[-78.34998,-0.56994],[-78.37658,-0.53822],[-78.394,-0.55697],[-78.42615,-0.57116],[-78.43204,-0.54706],[-78.42592,-0.52357],[-78.43577,-0.49091],[-78.43271,-0.48601],[-78.46135,-0.50669],[-78.47008,-0.49607],[-78.46599,-0.4831],[-78.48175,-0.47265],[-78.47996,-0.45699],[-78.49457,-0.44293],[-78.49665,-0.43066],[-78.50959,-0.40884],[-78.52142,-0.3976],[-78.50851,-0.3656],[-78.52546,-0.36529],[-78.53664,-0.35837],[-78.54502,-0.36225],[-78.59351,-0.35148],[-78.6064,-0.35101],[-78.62039,-0.36081],[-78.65081,-0.35848],[-78.66081,-0.36091],[-78.66867,-0.34007],[-78.68043,-0.32225],[-78.71396,-0.31812],[-78.72036,-0.32589],[-78.73135,-0.31947],[-78.73766,-0.29823],[-78.74561,-0.2916],[-78.74613,-0.27742]]]},"properties":{"DPA_CANTON":"1703","DPA_DESCAN":"MEJÍA","DPA_PROVIN":"17","DPA_DESPRO":"PICHINCHA","a45i3_muy":811,"a45i3_alta":21,"a45i3_al_1":604,"a46i3_muy":10,"a46i3_alta":0,"a46i3_al_1":29,"a46i3_al_2":2051,"a46i3_al_3":0,"total":3526}},
{"type":"Feature","geometry":{"type":"Polygon","coordinates":[[[-78.18556,0.13409],[-78.22896,0.12207],[-78.24256,0.12265],[-78.26682,0.13777],[-78.28291,0.12868],[-78.28995,0.13467],[-78.28515,0.15117],[-78.30104,0.15449],[-78.30897,0.12919],[-78.30136,0.11478],[-78.32623,0.1061],[-78.32721,0.08833],[-78.3578,0.06312],[-78.37906,0.05329],[-78.39664,0.02674],[-78.39435,0.00727],[-78.39936,-0.02586],[-78.3883,-0.03901],[-78.3817,-0.0315],[-78.35819,-0.023],[-78.3533,-0.03178],[-78.33752,-0.03699],[-78.33403,-0.02458],[-78.32365,-0.01994],[-78.30771,-0.01409],[-78.30106,-0.00463],[-78.26918,0],[-78.25249,-0.00682],[-78.24221,-0.0047],[-78.22929,0.00681],[-78.20502,0.01713],[-78.18932,-0.003],[-78.17272,0.01147],[-78.16651,0.02713],[-78.17033,0.0406],[-78.16309,0.05714],[-78.1664,0.07868],[-78.16247,0.08612],[-78.18556,0.13409]]]},"properties":{"DPA_CANTON":"1704","DPA_DESCAN":"PEDRO MONCAYO","DPA_PROVIN":"17","DPA_DESPRO":"PICHINCHA","a45i3_muy":496,"a45i3_alta":26,"a45i3_al_1":445,"a46i3_muy":3,"a46i3_alta":0,"a46i3_al_1":14,"a46i3_al_2":1331,"a46i3_al_3":0,"total":2315}},
{"type":"Feature","geometry":{"type":"Polygon","coordinates":[[[-78.43271,-0.48601],[-78.42505,-0.4603],[-78.41231,-0.44204],[-78.40728,-0.40522],[-78.39368,-0.38259],[-78.39614,-0.37261],[-78.40904,-0.35894],[-78.42019,-0.32774],[-78.43362,-0.31521],[-78.45899,-0.2977],[-78.47634,-0.32628],[-78.46892,-0.34912],[-78.47548,-0.36592],[-78.46479,-0.37972],[-78.47444,-0.40556],[-78.47699,-0.42748],[-78.47111,-0.44751],[-78.47996,-0.45699],[-78.48175,-0.47265],[-78.46599,-0.4831],[-78.47008,-0.49607],[-78.46135,-0.50669],[-78.43271,-0.48601]]]},"properties":{"DPA_CANTON":"1705","DPA_DESCAN":"RUMIÑAHUI","DPA_PROVIN":"17","DPA_DESPRO":"PICHINCHA","a45i3_muy":177,"a45i3_alta":109,"a45i3_al_1":269,"a46i3_muy":2,"a46i3_alta":4,"a46i3_al_1":9,"a46i3_al_2":947,"a46i3_al_3":0,"total":1517}},
{"type":"Feature","geometry":{"type":"Polygon","coordinates":[[[-78.93492,0.10678],[-78.93711,0.10515],[-78.94306,0.10634],[-78.94924,0.08434],[-78.95149,0.04817],[-78.97803,0.05397],[-78.97924,0.03612],[-78.99007,0.03601],[-78.99018,0.01206],[-79.03023,0.01759],[-79.06259,0.02455],[-79.06227,0.02844],[-79.10036,0.03716],[-79.10103,0.0239],[-79.12432,0.03209],[-79.13388,0.03232],[-79.13925,0.04024],[-79.13925,0.03257],[-79.1567,0.03501],[-79.14883,0.02316],[-79.13933,0.01909],[-79.1309,0.00308],[-79.16599,0.0006],[-79.16769,-0.01491],[-79.16929,-0.0155],[-79.15047,-0.01322],[-79.09761,-0.02657],[-79.1049,-0.03809],[-79.12777,-0.05064],[-79.13356,-0.06666],[-79.14945,-0.0919],[-79.12356,-0.08522],[-79.0457,-0.10169],[-79.03006,-0.114],[-79.01293,-0.10989],[-78.99408,-0.11193],[-78.97283,-0.10823],[-78.96784,-0.10202],[-78.93367,-0.11888],[-78.91398,-0.11716],[-78.90744,-0.10767],[-78.88133,-0.11031],[-78.8683,-0.11836],[-78.85923,-0.13354],[-78.84017,-0.13399],[-78.82813,-0.11495],[-78.83661,-0.10826],[-78.83386,-0.09282],[-78.81733,-0.11328],[-78.79672,-0.10334],[-78.78632,-0.11376],[-78.7607,-0.12654],[-78.74368,-0.12759],[-78.73294,-0.13347],[-78.72237,-0.12907],[-78.69526,-0.13103],[-78.68503,-0.13768],[-78.6782,-0.12903],[-78.65914,-0.13595],[-78.66025,-0.12363],[-78.64778,-0.10125],[-78.65066,-0.0606],[-78.6439,-0.05038],[-78.65475,-0.04324],[-78.65872,-0.0281],[-78.67545,-0.00967],[-78.69961,-0.0347],[-78.72084,-0.02524],[-78.72566,-0.00236],[-78.73487,0.0112],[-78.77811,0.03433],[-78.79581,0.02465],[-78.80195,0.03376],[-78.82788,0.03745],[-78.86175,0.05759],[-78.88436,0.06087],[-78.89914,0.06806],[-78.9251,0.08717],[-78.93492,0.10678]]]},"properties":{"DPA_CANTON":"1707","DPA_DESCAN":"SAN MIGUEL DE LOS BANCOS","DPA_PROVIN":"17","DPA_DESPRO":"PICHINCHA","a45i3_muy":208,"a45i3_alta":21,"a45i3_al_1":129,"a46i3_muy":1,"a46i3_alta":0,"a46i3_al_1":11,"a46i3_al_2":511,"a46i3_al_3":0,"total":881}},
{"type":"Feature","geometry":{"type":"Polygon","coordinates":[[[-79.13925,0.04024],[-79.13388,0.03232],[-79.10103,0.0239],[-79.10036,0.03716],[-79.06227,0.02844],[-79.06259,0.02455],[-79.03023,0.01759],[-78.99018,0.01206],[-78.99007,0.03601],[-78.97924,0.03612],[-78.97803,0.05397],[-78.95149,0.04817],[-78.94924,0.08434],[-78.94373,0.08824],[-78.94306,0.10634],[-78.93711,0.10515],[-78.93947,0.11814],[-78.93499,0.12405],[-78.93291,0.14625],[-78.93804,0.15979],[-78.93796,0.19257],[-78.96376,0.21724],[-78.97145,0.22002],[-78.9783,0.21178],[-78.99187,0.21198],[-79.00772,0.22423],[-79.01653,0.23776],[-79.01434,0.26891],[-79.03144,0.28303],[-79.03112,0.29253],[-79.05648,0.29357],[-79.05931,0.3072],[-79.06822,0.30908],[-79.08464,0.30009],[-79.11365,0.30531],[-79.13342,0.32087],[-79.14825,0.3163],[-79.13738,0.3108],[-79.13328,0.29596],[-79.12216,0.29557],[-79.12299,0.27362],[-79.14411,0.27362],[-79.14411,0.24362],[-79.14744,0.19446],[-79.14215,0.13835],[-79.16494,0.14251],[-79.16827,0.07002],[-79.13925,0.04024]]]},"properties":{"DPA_CANTON":"1708","DPA_DESCAN":"PEDRO VICENTE MALDONADO","DPA_PROVIN":"17","DPA_DESPRO":"PICHINCHA","a45i3_muy":391,"a45i3_alta":0,"a45i3_al_1":173,"a46i3_muy":1,"a46i3_alta":0,"a46i3_al_1":11,"a46i3_al_2":661,"a46i3_al_3":0,"total":1237}},
{"type":"Feature","geometry":{"type":"Polygon","coordinates":[[[-79.14825,0.3163],[-79.14987,0.3163],[-79.15257,0.32173],[-79.17876,0.31242],[-79.20533,0.32228],[-79.21425,0.31946],[-79.23397,0.32665],[-79.26747,0.31787],[-79.27902,0.30924],[-79.28185,0.28558],[-79.29143,0.2822],[-79.29575,0.26772],[-79.319,0.25465],[-79.35164,0.24631],[-79.36276,0.23636],[-79.35333,0.22775],[-79.34727,0.21145],[-79.32863,0.20907],[-79.30448,0.17965],[-79.31395,0.15789],[-79.32491,0.1562],[-79.3316,0.13792],[-79.33076,0.11864],[-79.3481,0.09665],[-79.35474,0.06742],[-79.3659,0.05657],[-79.37149,0.03281],[-79.36516,0.01864],[-79.35206,0.01777],[-79.32469,0.02354],[-79.31181,0.01422],[-79.30399,0.02072],[-79.29187,0.01633],[-79.28485,0.01813],[-79.28216,0.01452],[-79.26003,0.01145],[-79.23254,0.00397],[-79.21094,0.00236],[-79.1854,-0.00936],[-79.16769,-0.01491],[-79.16599,0.0006],[-79.1309,0.00308],[-79.13933,0.01909],[-79.14883,0.02316],[-79.1567,0.03501],[-79.14335,0.03413],[-79.13925,0.04024],[-79.16827,0.07002],[-79.16494,0.14251],[-79.14215,0.13835],[-79.14744,0.19446],[-79.14411,0.24362],[-79.14411,0.27362],[-79.12299,0.27362],[-79.12216,0.29557],[-79.13328,0.29596],[-79.13738,0.3108],[-79.14825,0.3163]]]},"properties":{"DPA_CANTON":"1709","DPA_DESCAN":"PUERTO QUITO","DPA_PROVIN":"17","DPA_DESPRO":"PICHINCHA","a45i3_muy":543,"a45i3_alta":0,"a45i3_al_1":219,"a46i3_muy":4,"a46i3_alta":0,"a46i3_al_1":27,"a46i3_al_2":1025,"a46i3_al_3":0,"total":1818}},
{"type":"Feature","geometry":{"type":"Polygon","coordinates":[[[-78.5687,-1.11597],[-78.58573,-1.12096],[-78.5909,-1.11432],[-78.61147,-1.11044],[-78.62594,-1.12642],[-78.65968,-1.14236],[-78.68948,-1.15106],[-78.72516,-1.14982],[-78.73871,-1.1337],[-78.76101,-1.13551],[-78.78539,-1.1449],[-78.78947,-1.14187],[-78.83201,-1.16611],[-78.83287,-1.17492],[-78.84592,-1.18305],[-78.85929,-1.17358],[-78.86607,-1.18598],[-78.8631,-1.194],[-78.89148,-1.21987],[-78.89032,-1.25502],[-78.89326,-1.28502],[-78.90554,-1.30537],[-78.91219,-1.30674],[-78.91533,-1.32521],[-78.93423,-1.3388],[-78.93793,-1.36219],[-78.92724,-1.37329],[-78.93148,-1.38352],[-78.92967,-1.40201],[-78.91692,-1.40996],[-78.90985,-1.43077],[-78.89623,-1.44321],[-78.8866,-1.45878],[-78.87151,-1.46838],[-78.85256,-1.4709],[-78.84365,-1.45958],[-78.8329,-1.46158],[-78.81374,-1.44522],[-78.80049,-1.44755],[-78.77794,-1.43042],[-78.76669,-1.4376],[-78.7579,-1.42334],[-78.75468,-1.40192],[-78.74301,-1.39255],[-78.73366,-1.39374],[-78.72311,-1.38236],[-78.71607,-1.36543],[-78.67219,-1.32233],[-78.65515,-1.33727],[-78.6359,-1.3211],[-78.64206,-1.34445],[-78.63589,-1.34469],[-78.59604,-1.32465],[-78.59251,-1.31138],[-78.57704,-1.31004],[-78.57635,-1.28495],[-78.55767,-1.25909],[-78.55101,-1.23644],[-78.53751,-1.23345],[-78.54424,-1.21557],[-78.55472,-1.21366],[-78.56492,-1.2027],[-78.56333,-1.19249],[-78.57466,-1.18615],[-78.57039,-1.17575],[-78.57362,-1.16216],[-78.56594,-1.1569],[-78.57004,-1.1333],[-78.5687,-1.11597]]]},"properties":{"DPA_CANTON":"1801","DPA_DESCAN":"AMBATO","DPA_PROVIN":"18","DPA_DESPRO":"TUNGURAHUA","a45i3_muy":2298,"a45i3_alta":356,"a45i3_al_1":1318,"a46i3_muy":19,"a46i3_alta":2,"a46i3_al_1":116,"a46i3_al_2":5832,"a46i3_al_3":0,"total":9941}},
{"type":"Feature","geometry":{"type":"Polygon","coordinates":[[[-78.11687,-1.18861],[-78.12966,-1.19137],[-78.13518,-1.18224],[-78.1534,-1.17967],[-78.16949,-1.18766],[-78.18807,-1.18275],[-78.18714,-1.16333],[-78.20795,-1.14598],[-78.21914,-1.14163],[-78.2378,-1.14633],[-78.24608,-1.15418],[-78.26442,-1.15687],[-78.26464,-1.14078],[-78.3108,-1.14289],[-78.32259,-1.16448],[-78.33985,-1.16524],[-78.3433,-1.174],[-78.33289,-1.18755],[-78.33082,-1.2056],[-78.33373,-1.2467],[-78.34571,-1.26251],[-78.35086,-1.28039],[-78.37473,-1.32599],[-78.40517,-1.31594],[-78.40629,-1.34135],[-78.42062,-1.34441],[-78.43941,-1.3554],[-78.4598,-1.37961],[-78.45841,-1.40067],[-78.47184,-1.40473],[-78.47832,-1.4138],[-78.46791,-1.43448],[-78.44456,-1.47027],[-78.42332,-1.48535],[-78.39489,-1.4848],[-78.38741,-1.49407],[-78.36284,-1.49905],[-78.36461,-1.51289],[-78.35741,-1.52087],[-78.34524,-1.51418],[-78.34519,-1.50355],[-78.31903,-1.49842],[-78.29761,-1.48004],[-78.27864,-1.48307],[-78.27739,-1.49644],[-78.26731,-1.5025],[-78.22313,-1.48721],[-78.22161,-1.47608],[-78.19565,-1.47146],[-78.19241,-1.45541],[-78.17795,-1.44868],[-78.16837,-1.43502],[-78.15091,-1.42898],[-78.13984,-1.39584],[-78.12575,-1.3792],[-78.11977,-1.36314],[-78.1217,-1.33694],[-78.11439,-1.31907],[-78.11837,-1.30689],[-78.11291,-1.28423],[-78.11991,-1.25967],[-78.11641,-1.25162],[-78.12376,-1.22307],[-78.1151,-1.19448],[-78.11687,-1.18861]]]},"properties":{"DPA_CANTON":"1802","DPA_DESCAN":"BAÑOS DE AGUA SANTA","DPA_PROVIN":"18","DPA_DESPRO":"TUNGURAHUA","a45i3_muy":0,"a45i3_alta":73,"a45i3_al_1":55,"a46i3_muy":0,"a46i3_alta":0,"a46i3_al_1":3,"a46i3_al_2":200,"a46i3_al_3":0,"total":331}},
{"type":"Feature","geometry":{"type":"Polygon","coordinates":[[[-78.59604,-1.32465],[-78.63996,-1.34712],[-78.63866,-1.35787],[-78.61782,-1.36873],[-78.61202,-1.37463],[-78.59747,-1.36718],[-78.59053,-1.35617],[-78.59056,-1.34888],[-78.5887,-1.34294],[-78.59604,-1.32465]]]},"properties":{"DPA_CANTON":"1803","DPA_DESCAN":"CEVALLOS","DPA_PROVIN":"18","DPA_DESPRO":"TUNGURAHUA","a45i3_muy":50,"a45i3_alta":0,"a45i3_al_1":51,"a46i3_muy":0,"a46i3_alta":0,"a46i3_al_1":4,"a46i3_al_2":139,"a46i3_al_3":0,"total":244}},
{"type":"Feature","geometry":{"type":"Polygon","coordinates":[[[-78.72187,-1.47105],[-78.70819,-1.46371],[-78.7023,-1.45294],[-78.66316,-1.4248],[-78.6561,-1.42703],[-78.63848,-1.40894],[-78.61819,-1.39861],[-78.61059,-1.39025],[-78.61202,-1.37463],[-78.61782,-1.36873],[-78.64309,-1.35836],[-78.6491,-1.39401],[-78.66618,-1.39936],[-78.69785,-1.39936],[-78.71639,-1.39443],[-78.7247,-1.39856],[-78.75468,-1.40192],[-78.7579,-1.42334],[-78.76669,-1.4376],[-78.7369,-1.45622],[-78.72187,-1.47105]]]},"properties":{"DPA_CANTON":"1804","DPA_DESCAN":"MOCHA","DPA_PROVIN":"18","DPA_DESPRO":"TUNGURAHUA","a45i3_muy":0,"a45i3_alta":43,"a45i3_al_1":21,"a46i3_muy":0,"a46i3_alta":0,"a46i3_al_1":2,"a46i3_al_2":111,"a46i3_al_3":0,"total":177}},
{"type":"Feature","geometry":{"type":"Polygon","coordinates":[[[-78.47184,-1.40473],[-78.45841,-1.40067],[-78.4598,-1.37961],[-78.43941,-1.3554],[-78.42062,-1.34441],[-78.40629,-1.34135],[-78.40517,-1.31594],[-78.37473,-1.32599],[-78.35086,-1.28039],[-78.34571,-1.26251],[-78.33373,-1.2467],[-78.33082,-1.2056],[-78.33289,-1.18755],[-78.3433,-1.174],[-78.3503,-1.17382],[-78.38144,-1.2078],[-78.43895,-1.20894],[-78.44922,-1.21539],[-78.47617,-1.22278],[-78.49271,-1.23354],[-78.49999,-1.23241],[-78.52113,-1.24459],[-78.51854,-1.25835],[-78.50855,-1.27367],[-78.51965,-1.31143],[-78.50783,-1.34079],[-78.49142,-1.36012],[-78.49612,-1.38133],[-78.48135,-1.3851],[-78.47184,-1.40473]]]},"properties":{"DPA_CANTON":"1805","DPA_DESCAN":"PATATE","DPA_PROVIN":"18","DPA_DESPRO":"TUNGURAHUA","a45i3_muy":48,"a45i3_alta":72,"a45i3_al_1":70,"a46i3_muy":0,"a46i3_alta":0,"a46i3_al_1":5,"a46i3_al_2":249,"a46i3_al_3":0,"total":444}},
{"type":"Feature","geometry":{"type":"Polygon","coordinates":[[[-78.5421,-1.46014],[-78.5448,-1.43596],[-78.55377,-1.42899],[-78.56795,-1.39998],[-78.56868,-1.38142],[-78.58149,-1.35738],[-78.59033,-1.35257],[-78.59053,-1.35617],[-78.59747,-1.36718],[-78.61202,-1.37463],[-78.61059,-1.39025],[-78.61819,-1.39861],[-78.63848,-1.40894],[-78.6561,-1.42703],[-78.66316,-1.4248],[-78.7023,-1.45294],[-78.70819,-1.46371],[-78.72187,-1.47105],[-78.69914,-1.48172],[-78.68981,-1.48983],[-78.66689,-1.49998],[-78.63393,-1.49594],[-78.62044,-1.50634],[-78.60194,-1.48936],[-78.58707,-1.49076],[-78.57074,-1.47876],[-78.5376,-1.47404],[-78.5421,-1.46014]]]},"properties":{"DPA_CANTON":"1806","DPA_DESCAN":"QUERO","DPA_PROVIN":"18","DPA_DESPRO":"TUNGURAHUA","a45i3_muy":264,"a45i3_alta":11,"a45i3_al_1":114,"a46i3_muy":0,"a46i3_alta":0,"a46i3_al_1":9,"a46i3_al_2":499,"a46i3_al_3":0,"total":897}},
{"type":"Feature","geometry":{"type":"Polygon","coordinates":[[[-78.52113,-1.24459],[-78.53751,-1.23345],[-78.55101,-1.23644],[-78.55767,-1.25909],[-78.57635,-1.28495],[-78.57704,-1.31004],[-78.59251,-1.31138],[-78.59604,-1.32465],[-78.59402,-1.33757],[-78.5887,-1.34294],[-78.59033,-1.35257],[-78.58149,-1.35738],[-78.56868,-1.38142],[-78.56795,-1.39998],[-78.55377,-1.42899],[-78.5448,-1.43596],[-78.5421,-1.46014],[-78.53338,-1.4686],[-78.51318,-1.47418],[-78.50569,-1.44036],[-78.44456,-1.47027],[-78.46791,-1.43448],[-78.47832,-1.4138],[-78.47184,-1.40473],[-78.48135,-1.3851],[-78.49612,-1.38133],[-78.49142,-1.36012],[-78.50783,-1.34079],[-78.51965,-1.31143],[-78.50855,-1.27367],[-78.51854,-1.25835],[-78.52113,-1.24459]]]},"properties":{"DPA_CANTON":"1807","DPA_DESCAN":"SAN PEDRO DE PELILEO","DPA_PROVIN":"18","DPA_DESPRO":"TUNGURAHUA","a45i3_muy":358,"a45i3_alta":282,"a45i3_al_1":375,"a46i3_muy":3,"a46i3_alta":3,"a46i3_al_1":27,"a46i3_al_2":1313,"a46i3_al_3":0,"total":2361}},
{"type":"Feature","geometry":{"type":"Polygon","coordinates":[[[-78.3955,-0.99454],[-78.40953,-0.99824],[-78.40784,-1.0147],[-78.45317,-1.06488],[-78.46285,-1.08441],[-78.48323,-1.09258],[-78.50196,-1.09421],[-78.52063,-1.07087],[-78.52384,-1.05908],[-78.55589,-1.05885],[-78.57653,-1.07398],[-78.56257,-1.08374],[-78.57031,-1.09599],[-78.5687,-1.11597],[-78.57004,-1.1333],[-78.56594,-1.1569],[-78.57362,-1.16216],[-78.57039,-1.17575],[-78.57466,-1.18615],[-78.56333,-1.19249],[-78.56492,-1.2027],[-78.55472,-1.21366],[-78.54424,-1.21557],[-78.53751,-1.23345],[-78.52113,-1.24459],[-78.49999,-1.23241],[-78.49271,-1.23354],[-78.47617,-1.22278],[-78.44922,-1.21539],[-78.43895,-1.20894],[-78.38144,-1.2078],[-78.3503,-1.17382],[-78.35482,-1.15596],[-78.34025,-1.13887],[-78.33759,-1.1161],[-78.34244,-1.09427],[-78.33298,-1.07282],[-78.33045,-1.03715],[-78.34305,-1.02807],[-78.35022,-1.00999],[-78.36045,-0.99933],[-78.37845,-1.00514],[-78.3955,-0.99454]]]},"properties":{"DPA_CANTON":"1808","DPA_DESCAN":"SANTIAGO DE PÍLLARO","DPA_PROVIN":"18","DPA_DESPRO":"TUNGURAHUA","a45i3_muy":194,"a45i3_alta":85,"a45i3_al_1":213,"a46i3_muy":1,"a46i3_alta":1,"a46i3_al_1":11,"a46i3_al_2":705,"a46i3_al_3":0,"total":1210}},
{"type":"Feature","geometry":{"type":"Polygon","coordinates":[[[-78.64206,-1.34445],[-78.6359,-1.3211],[-78.65515,-1.33727],[-78.67219,-1.32233],[-78.71607,-1.36543],[-78.72311,-1.38236],[-78.73366,-1.39374],[-78.74301,-1.39255],[-78.75468,-1.40192],[-78.7247,-1.39856],[-78.71639,-1.39443],[-78.69785,-1.39936],[-78.66618,-1.39936],[-78.6491,-1.39401],[-78.64309,-1.35836],[-78.64206,-1.34445]]]},"properties":{"DPA_CANTON":"1809","DPA_DESCAN":"TISALEO","DPA_PROVIN":"18","DPA_DESPRO":"TUNGURAHUA","a45i3_muy":131,"a45i3_alta":5,"a45i3_al_1":75,"a46i3_muy":1,"a46i3_alta":0,"a46i3_al_1":3,"a46i3_al_2":254,"a46i3_al_3":0,"total":469}},
{"type":"Feature","geometry":{"type":"Polygon","coordinates":[[[-78.83382,-3.78779],[-78.85437,-3.79831],[-78.87246,-3.79457],[-78.88265,-3.79919],[-78.91907,-3.79609],[-78.95577,-3.80349],[-78.96976,-3.82186],[-78.98559,-3.81429],[-78.99442,-3.81833],[-79.01282,-3.80489],[-79.04618,-3.80338],[-79.05029,-3.79208],[-79.06702,-3.78447],[-79.08076,-3.79213],[-79.10241,-3.78702],[-79.10177,-3.76521],[-79.11106,-3.74972],[-79.10811,-3.73331],[-79.11647,-3.72663],[-79.14215,-3.71631],[-79.15732,-3.70202],[-79.16222,-3.71549],[-79.17592,-3.71104],[-79.19438,-3.72213],[-79.19529,-3.73062],[-79.19103,-3.75013],[-79.17808,-3.77056],[-79.1759,-3.79531],[-79.16044,-3.80475],[-79.15682,-3.81637],[-79.14349,-3.82144],[-79.14029,-3.84735],[-79.14555,-3.85459],[-79.13304,-3.86851],[-79.12911,-3.88877],[-79.14266,-3.90169],[-79.14832,-3.92529],[-79.14009,-3.95021],[-79.15013,-3.96309],[-79.14341,-3.97399],[-79.14601,-4.01754],[-79.13639,-4.03573],[-79.14452,-4.06148],[-79.15347,-4.06696],[-79.16274,-4.11485],[-79.15931,-4.1212],[-79.15799,-4.15118],[-79.14373,-4.16303],[-79.13516,-4.16122],[-79.10799,-4.18569],[-79.1063,-4.20678],[-79.10075,-4.21119],[-79.10683,-4.22894],[-79.08513,-4.23216],[-79.07372,-4.24183],[-79.05409,-4.24367],[-79.04442,-4.23394],[-79.03414,-4.23646],[-79.02,-4.25903],[-79.01054,-4.25605],[-79.01193,-4.27957],[-79.00042,-4.2942],[-78.98423,-4.2942],[-78.97675,-4.28837],[-78.95608,-4.29953],[-78.94012,-4.28094],[-78.92807,-4.28218],[-78.92392,-4.26969],[-78.91184,-4.26632],[-78.89358,-4.25007],[-78.89991,-4.23371],[-78.87496,-4.21311],[-78.87534,-4.19492],[-78.85517,-4.16269],[-78.83239,-4.13695],[-78.78533,-4.13943],[-78.77621,-4.12838],[-78.7797,-4.11158],[-78.77052,-4.10053],[-78.77056,-4.06316],[-78.77155,-4.04112],[-78.76293,-4.01679],[-78.77054,-4.01177],[-78.77486,-3.99558],[-78.79234,-3.97056],[-78.78238,-3.94467],[-78.79569,-3.94179],[-78.81522,-3.92725],[-78.83839,-3.89733],[-78.83823,-3.87666],[-78.85061,-3.85614],[-78.84053,-3.84245],[-78.8255,-3.83186],[-78.83508,-3.81471],[-78.83382,-3.78779]]]},"properties":{"DPA_CANTON":"1901","DPA_DESCAN":"ZAMORA","DPA_PROVIN":"19","DPA_DESPRO":"ZAMORA CHINCHIPE","a45i3_muy":65,"a45i3_alta":145,"a45i3_al_1":109,"a46i3_muy":0,"a46i3_alta":1,"a46i3_al_1":16,"a46i3_al_2":666,"a46i3_al_3":0,"total":1002}},
{"type":"Feature","geometry":{"type":"Polygon","coordinates":[[[-78.89541,-4.81116],[-79.01443,-4.81152],[-79.0299,-4.80419],[-79.06398,-4.79694],[-79.07783,-4.80158],[-79.10068,-4.79498],[-79.10148,-4.77782],[-79.09156,-4.76611],[-79.09884,-4.74604],[-79.11114,-4.74103],[-79.12172,-4.72054],[-79.1474,-4.73608],[-79.16326,-4.75564],[-79.18205,-4.76039],[-79.20629,-4.75246],[-79.2118,-4.74622],[-79.25278,-4.73438],[-79.26673,-4.73305],[-79.29109,-4.72458],[-79.29109,-4.73513],[-79.31442,-4.72839],[-79.33205,-4.71772],[-79.34207,-4.72015],[-79.39294,-4.69328],[-79.40207,-4.72206],[-79.41436,-4.72155],[-79.42767,-4.7473],[-79.39459,-4.83231],[-79.37204,-4.83223],[-79.36154,-4.85206],[-79.35196,-4.8804],[-79.33796,-4.88479],[-79.32015,-4.90064],[-79.30573,-4.90298],[-79.28795,-4.94285],[-79.26203,-4.96777],[-79.2227,-4.964],[-79.21227,-4.967],[-79.17989,-4.96026],[-79.1415,-4.96623],[-79.1152,-4.97774],[-79.07692,-4.96977],[-79.07113,-4.97904],[-79.05115,-4.99089],[-79.03513,-5.0129],[-79.01189,-5.01143],[-79.00176,-4.98258],[-78.99103,-4.9631],[-78.98593,-4.93545],[-78.97435,-4.89641],[-78.95436,-4.8932],[-78.94599,-4.89792],[-78.89261,-4.88755],[-78.88985,-4.87256],[-78.90707,-4.86233],[-78.91156,-4.84286],[-78.89849,-4.8326],[-78.89541,-4.81116]]]},"properties":{"DPA_CANTON":"1902","DPA_DESCAN":"CHINCHIPE","DPA_PROVIN":"19","DPA_DESPRO":"ZAMORA CHINCHIPE","a45i3_muy":108,"a45i3_alta":47,"a45i3_al_1":61,"a46i3_muy":0,"a46i3_alta":2,"a46i3_al_1":6,"a46i3_al_2":297,"a46i3_al_3":0,"total":521}},
{"type":"Feature","geometry":{"type":"Polygon","coordinates":[[[-78.54031,-4.07095],[-78.56215,-4.07822],[-78.59207,-4.06133],[-78.61339,-4.06115],[-78.61996,-4.05128],[-78.64264,-4.03667],[-78.64867,-4.00944],[-78.65457,-3.9974],[-78.66582,-3.99],[-78.68595,-4.00002],[-78.71617,-4.01993],[-78.7291,-4.03684],[-78.73078,-4.04639],[-78.7522,-4.04766],[-78.77056,-4.06316],[-78.77052,-4.10053],[-78.7797,-4.11158],[-78.77621,-4.12838],[-78.78533,-4.13943],[-78.83239,-4.13695],[-78.85517,-4.16269],[-78.87534,-4.19492],[-78.87496,-4.21311],[-78.89991,-4.23371],[-78.89358,-4.25007],[-78.91184,-4.26632],[-78.92392,-4.26969],[-78.92807,-4.28218],[-78.94012,-4.28094],[-78.95608,-4.29953],[-78.94088,-4.32465],[-78.95012,-4.34802],[-78.94222,-4.40163],[-78.95083,-4.41747],[-78.95358,-4.4342],[-78.94574,-4.44921],[-78.95024,-4.45974],[-78.94238,-4.47529],[-78.9421,-4.48943],[-78.92463,-4.5112],[-78.92771,-4.54743],[-78.91693,-4.56992],[-78.9139,-4.59659],[-78.89891,-4.61553],[-78.89826,-4.62825],[-78.87439,-4.64666],[-78.8202,-4.64649],[-78.80395,-4.63685],[-78.77591,-4.64216],[-78.76565,-4.63059],[-78.74878,-4.6318],[-78.73545,-4.62549],[-78.71434,-4.62829],[-78.69765,-4.61087],[-78.67477,-4.59223],[-78.6604,-4.58593],[-78.66287,-4.57078],[-78.6563,-4.56202],[-78.66308,-4.53842],[-78.66067,-4.52774],[-78.63887,-4.49622],[-78.63542,-4.46519],[-78.62852,-4.45952],[-78.62018,-4.43723],[-78.60365,-4.43193],[-78.59893,-4.42366],[-78.60866,-4.41371],[-78.63318,-4.41511],[-78.64174,-4.39741],[-78.6367,-4.38965],[-78.64186,-4.37032],[-78.65121,-4.36194],[-78.64919,-4.34075],[-78.6417,-4.33334],[-78.64648,-4.32234],[-78.63713,-4.30294],[-78.6139,-4.28997],[-78.6109,-4.2648],[-78.60122,-4.25273],[-78.60802,-4.23875],[-78.60387,-4.21493],[-78.57774,-4.1966],[-78.57578,-4.16263],[-78.58265,-4.13598],[-78.56642,-4.10139],[-78.56108,-4.10155],[-78.54031,-4.07095]]]},"properties":{"DPA_CANTON":"1903","DPA_DESCAN":"NANGARITZA","DPA_PROVIN":"19","DPA_DESPRO":"ZAMORA CHINCHIPE","a45i3_muy":196,"a45i3_alta":2,"a45i3_al_1":91,"a46i3_muy":2,"a46i3_alta":0,"a46i3_al_1":9,"a46i3_al_2":354,"a46i3_al_3":0,"total":654}},
{"type":"Feature","geometry":{"type":"Polygon","coordinates":[[[-78.94297,-3.34342],[-78.96159,-3.34339],[-79.01053,-3.36612],[-79.02867,-3.38512],[-79.05125,-3.40014],[-79.06089,-3.43824],[-79.05411,-3.46176],[-79.04286,-3.47238],[-79.04478,-3.48253],[-79.06711,-3.50213],[-79.06735,-3.51462],[-79.05164,-3.54396],[-79.04935,-3.56168],[-79.05783,-3.58624],[-79.05652,-3.60015],[-79.06788,-3.61756],[-79.09513,-3.62499],[-79.11048,-3.63362],[-79.10664,-3.64535],[-79.13845,-3.66155],[-79.15767,-3.66308],[-79.15419,-3.69225],[-79.15732,-3.70202],[-79.14215,-3.71631],[-79.11647,-3.72663],[-79.10811,-3.73331],[-79.11106,-3.74972],[-79.10177,-3.76521],[-79.10241,-3.78702],[-79.08076,-3.79213],[-79.06702,-3.78447],[-79.05029,-3.79208],[-79.04618,-3.80338],[-79.01282,-3.80489],[-78.99442,-3.81833],[-78.98559,-3.81429],[-78.96976,-3.82186],[-78.95577,-3.80349],[-78.91907,-3.79609],[-78.88265,-3.79919],[-78.87246,-3.79457],[-78.85437,-3.79831],[-78.83382,-3.78779],[-78.83782,-3.76252],[-78.82559,-3.73571],[-78.83733,-3.69869],[-78.84998,-3.6887],[-78.85328,-3.67726],[-78.84763,-3.6679],[-78.85217,-3.65509],[-78.83272,-3.62395],[-78.82094,-3.61127],[-78.82538,-3.58862],[-78.81715,-3.5662],[-78.81864,-3.55064],[-78.83486,-3.54535],[-78.84245,-3.51864],[-78.85523,-3.51633],[-78.87052,-3.50227],[-78.86705,-3.46485],[-78.88068,-3.44396],[-78.87475,-3.42197],[-78.88132,-3.4015],[-78.90157,-3.39415],[-78.91621,-3.36745],[-78.93193,-3.35933],[-78.94297,-3.34342]]]},"properties":{"DPA_CANTON":"1904","DPA_DESCAN":"YACUAMBI","DPA_PROVIN":"19","DPA_DESPRO":"ZAMORA CHINCHIPE","a45i3_muy":70,"a45i3_alta":94,"a45i3_al_1":70,"a46i3_muy":0,"a46i3_alta":1,"a46i3_al_1":6,"a46i3_al_2":289,"a46i3_al_3":0,"total":530}},
{"type":"Feature","geometry":{"type":"Polygon","coordinates":[[[-78.68362,-3.58746],[-78.70613,-3.57791],[-78.72293,-3.56195],[-78.73897,-3.56213],[-78.75437,-3.5687],[-78.77539,-3.56139],[-78.78633,-3.55064],[-78.81864,-3.55064],[-78.81715,-3.5662],[-78.82538,-3.58862],[-78.82094,-3.61127],[-78.83272,-3.62395],[-78.85217,-3.65509],[-78.84763,-3.6679],[-78.85328,-3.67726],[-78.84998,-3.6887],[-78.83733,-3.69869],[-78.82559,-3.73571],[-78.83782,-3.76252],[-78.83382,-3.78779],[-78.83508,-3.81471],[-78.8255,-3.83186],[-78.80589,-3.85243],[-78.7975,-3.86743],[-78.77937,-3.8702],[-78.75826,-3.86318],[-78.68673,-3.86318],[-78.64499,-3.8495],[-78.62807,-3.86912],[-78.62591,-3.88151],[-78.61622,-3.88415],[-78.59814,-3.8631],[-78.56866,-3.85573],[-78.55058,-3.86728],[-78.54349,-3.88801],[-78.53393,-3.88516],[-78.52789,-3.86907],[-78.47827,-3.86907],[-78.46413,-3.82915],[-78.43496,-3.81989],[-78.42842,-3.80685],[-78.41582,-3.79504],[-78.40859,-3.77206],[-78.41672,-3.76659],[-78.40621,-3.74448],[-78.41751,-3.72557],[-78.41715,-3.71703],[-78.53432,-3.717],[-78.5557,-3.71471],[-78.56544,-3.70678],[-78.56706,-3.69397],[-78.58417,-3.7054],[-78.60708,-3.70984],[-78.6153,-3.72117],[-78.63968,-3.72143],[-78.65699,-3.69383],[-78.68896,-3.6935],[-78.69828,-3.63705],[-78.69674,-3.61951],[-78.68362,-3.58746]]]},"properties":{"DPA_CANTON":"1905","DPA_DESCAN":"YANTZAZA","DPA_PROVIN":"19","DPA_DESPRO":"ZAMORA CHINCHIPE","a45i3_muy":186,"a45i3_alta":0,"a45i3_al_1":71,"a46i3_muy":1,"a46i3_alta":0,"a46i3_al_1":14,"a46i3_al_2":669,"a46i3_al_3":0,"total":941}},
{"type":"Feature","geometry":{"type":"Polygon","coordinates":[[[-78.41715,-3.71703],[-78.42243,-3.68989],[-78.39998,-3.68989],[-78.39347,-3.67702],[-78.39458,-3.65998],[-78.40025,-3.65069],[-78.3873,-3.64145],[-78.39767,-3.62484],[-78.3923,-3.60383],[-78.39346,-3.5814],[-78.38822,-3.57539],[-78.38801,-3.55523],[-78.38004,-3.55141],[-78.3652,-3.52973],[-78.53006,-3.52973],[-78.53463,-3.53735],[-78.55874,-3.54139],[-78.57715,-3.55074],[-78.60224,-3.54709],[-78.62803,-3.53383],[-78.64584,-3.53751],[-78.65223,-3.54528],[-78.66819,-3.55074],[-78.68362,-3.58746],[-78.69674,-3.61951],[-78.69828,-3.63705],[-78.68896,-3.6935],[-78.65699,-3.69383],[-78.63968,-3.72143],[-78.6153,-3.72117],[-78.60708,-3.70984],[-78.58417,-3.7054],[-78.56706,-3.69397],[-78.56544,-3.70678],[-78.5557,-3.71471],[-78.53432,-3.717],[-78.41715,-3.71703]]]},"properties":{"DPA_CANTON":"1906","DPA_DESCAN":"EL PANGUI","DPA_PROVIN":"19","DPA_DESPRO":"ZAMORA CHINCHIPE","a45i3_muy":53,"a45i3_alta":47,"a45i3_al_1":34,"a46i3_muy":0,"a46i3_alta":0,"a46i3_al_1":13,"a46i3_al_2":380,"a46i3_al_3":0,"total":527}},
{"type":"Feature","geometry":{"type":"Polygon","coordinates":[[[-78.68673,-3.86318],[-78.75826,-3.86318],[-78.77937,-3.8702],[-78.7975,-3.86743],[-78.80589,-3.85243],[-78.8255,-3.83186],[-78.84053,-3.84245],[-78.85061,-3.85614],[-78.83823,-3.87666],[-78.83839,-3.89733],[-78.81522,-3.92725],[-78.79569,-3.94179],[-78.78238,-3.94467],[-78.79234,-3.97056],[-78.77486,-3.99558],[-78.77054,-4.01177],[-78.76293,-4.01679],[-78.77155,-4.04112],[-78.77056,-4.06316],[-78.7522,-4.04766],[-78.73078,-4.04639],[-78.7291,-4.03684],[-78.71617,-4.01993],[-78.68595,-4.00002],[-78.66582,-3.99],[-78.67442,-3.98439],[-78.67782,-3.96191],[-78.68477,-3.94656],[-78.6743,-3.94122],[-78.68419,-3.92312],[-78.69236,-3.91803],[-78.68271,-3.89612],[-78.6875,-3.88439],[-78.68673,-3.86318]]]},"properties":{"DPA_CANTON":"1907","DPA_DESCAN":"CENTINELA DEL CÓNDOR","DPA_PROVIN":"19","DPA_DESPRO":"ZAMORA CHINCHIPE","a45i3_muy":0,"a45i3_alta":158,"a45i3_al_1":85,"a46i3_muy":0,"a46i3_alta":1,"a46i3_al_1":10,"a46i3_al_2":269,"a46i3_al_3":0,"total":523}},
{"type":"Feature","geometry":{"type":"Polygon","coordinates":[[[-78.95608,-4.29953],[-78.97675,-4.28837],[-78.98423,-4.2942],[-79.00042,-4.2942],[-79.01193,-4.27957],[-79.01054,-4.25605],[-79.02,-4.25903],[-79.03414,-4.23646],[-79.04442,-4.23394],[-79.05409,-4.24367],[-79.07372,-4.24183],[-79.08513,-4.23216],[-79.10683,-4.22894],[-79.10596,-4.2605],[-79.11454,-4.26693],[-79.10609,-4.28804],[-79.12102,-4.30834],[-79.10895,-4.33398],[-79.11373,-4.34333],[-79.10783,-4.35932],[-79.10936,-4.38016],[-79.11523,-4.39151],[-79.11085,-4.40492],[-79.12003,-4.42616],[-79.14342,-4.43465],[-79.14666,-4.44782],[-79.15941,-4.45221],[-79.16562,-4.47035],[-79.18152,-4.47868],[-79.18924,-4.47425],[-79.21047,-4.51101],[-79.2197,-4.49676],[-79.24838,-4.48259],[-79.26328,-4.48809],[-79.27163,-4.47366],[-79.29142,-4.47909],[-79.29664,-4.49277],[-79.31556,-4.51031],[-79.32399,-4.50854],[-79.32783,-4.53179],[-79.33717,-4.5477],[-79.32742,-4.57773],[-79.33339,-4.60623],[-79.3533,-4.62572],[-79.35926,-4.6495],[-79.38089,-4.65729],[-79.39476,-4.6789],[-79.39294,-4.69328],[-79.34207,-4.72015],[-79.33205,-4.71772],[-79.31442,-4.72839],[-79.29109,-4.73513],[-79.29109,-4.72458],[-79.26673,-4.73305],[-79.25278,-4.73438],[-79.2118,-4.74622],[-79.20629,-4.75246],[-79.18205,-4.76039],[-79.16326,-4.75564],[-79.1474,-4.73608],[-79.12172,-4.72054],[-79.11114,-4.74103],[-79.09884,-4.74604],[-79.09156,-4.76611],[-79.10148,-4.77782],[-79.10068,-4.79498],[-79.07783,-4.80158],[-79.06398,-4.79694],[-79.0299,-4.80419],[-79.01443,-4.81152],[-78.89541,-4.81116],[-78.89386,-4.80446],[-78.91162,-4.79177],[-78.91487,-4.78051],[-78.89707,-4.77324],[-78.88876,-4.76134],[-78.89117,-4.72128],[-78.86292,-4.69011],[-78.86063,-4.67373],[-78.84093,-4.65363],[-78.8202,-4.64649],[-78.87439,-4.64666],[-78.89826,-4.62825],[-78.89891,-4.61553],[-78.9139,-4.59659],[-78.91693,-4.56992],[-78.92771,-4.54743],[-78.92463,-4.5112],[-78.9421,-4.48943],[-78.94238,-4.47529],[-78.95024,-4.45974],[-78.94574,-4.44921],[-78.95358,-4.4342],[-78.95083,-4.41747],[-78.94222,-4.40163],[-78.95012,-4.34802],[-78.94088,-4.32465],[-78.95608,-4.29953]]]},"properties":{"DPA_CANTON":"1908","DPA_DESCAN":"PALANDA","DPA_PROVIN":"19","DPA_DESPRO":"ZAMORA CHINCHIPE","a45i3_muy":73,"a45i3_alta":118,"a45i3_al_1":108,"a46i3_muy":1,"a46i3_alta":0,"a46i3_al_1":5,"a46i3_al_2":343,"a46i3_al_3":0,"total":648}},
{"type":"Feature","geometry":{"type":"Polygon","coordinates":[[[-78.47827,-3.86907],[-78.52789,-3.86907],[-78.53393,-3.88516],[-78.54349,-3.88801],[-78.55058,-3.86728],[-78.56866,-3.85573],[-78.59814,-3.8631],[-78.61622,-3.88415],[-78.62591,-3.88151],[-78.62807,-3.86912],[-78.64499,-3.8495],[-78.68673,-3.86318],[-78.6875,-3.88439],[-78.68271,-3.89612],[-78.69236,-3.91803],[-78.68419,-3.92312],[-78.6743,-3.94122],[-78.68477,-3.94656],[-78.67782,-3.96191],[-78.67442,-3.98439],[-78.66582,-3.99],[-78.65457,-3.9974],[-78.64867,-4.00944],[-78.64264,-4.03667],[-78.61996,-4.05128],[-78.61339,-4.06115],[-78.59207,-4.06133],[-78.56215,-4.07822],[-78.54031,-4.07095],[-78.55283,-4.05243],[-78.56802,-4.04714],[-78.56228,-4.00323],[-78.56627,-3.99243],[-78.54133,-3.97214],[-78.52416,-3.93763],[-78.49528,-3.93321],[-78.49019,-3.93613],[-78.47754,-3.91131],[-78.47827,-3.86907]]]},"properties":{"DPA_CANTON":"1909","DPA_DESCAN":"PAQUISHA","DPA_PROVIN":"19","DPA_DESPRO":"ZAMORA CHINCHIPE","a45i3_muy":0,"a45i3_alta":119,"a45i3_al_1":27,"a46i3_muy":0,"a46i3_alta":1,"a46i3_al_1":6,"a46i3_al_2":175,"a46i3_al_3":0,"total":328}},
{"type":"Feature","geometry":{"type":"MultiPolygon","coordinates":[[[[-89.66169,-1.34792],[-89.69202,-1.34598],[-89.73265,-1.35936],[-89.73906,-1.37347],[-89.73359,-1.38027],[-89.70391,-1.39534],[-89.68917,-1.39558],[-89.68494,-1.40388],[-89.63838,-1.40771],[-89.61993,-1.38781],[-89.62713,-1.38467],[-89.63275,-1.36751],[-89.64091,-1.36618],[-89.66169,-1.34792]]],[[[-90.42032,-1.22502],[-90.43804,-1.22621],[-90.45496,-1.23963],[-90.47501,-1.2306],[-90.4878,-1.25163],[-90.48989,-1.28239],[-90.49481,-1.2959],[-90.51123,-1.31572],[-90.49807,-1.33829],[-90.46725,-1.34988],[-90.45475,-1.35988],[-90.43344,-1.36017],[-90.41325,-1.34768],[-90.39965,-1.34422],[-90.38727,-1.33279],[-90.37554,-1.30838],[-90.3611,-1.29279],[-90.35667,-1.27782],[-90.35868,-1.26367],[-90.3711,-1.2602],[-90.3804,-1.24845],[-90.39375,-1.24615],[-90.42032,-1.22502]]],[[[-90.0822,-0.79873],[-90.09149,-0.82072],[-90.07998,-0.82959],[-90.05555,-0.83854],[-90.03056,-0.83786],[-90.0275,-0.82693],[-90.03589,-0.80588],[-90.0445,-0.7996],[-90.0822,-0.79873]]],[[[-89.3388,-0.68654],[-89.35033,-0.68657],[-89.36148,-0.70106],[-89.38208,-0.71291],[-89.40289,-0.71521],[-89.41056,-0.72406],[-89.43589,-0.73659],[-89.46473,-0.76054],[-89.45779,-0.7672],[-89.47259,-0.78533],[-89.46811,-0.80192],[-89.48465,-0.81771],[-89.52381,-0.82218],[-89.54139,-0.81775],[-89.54308,-0.84649],[-89.57047,-0.86007],[-89.58235,-0.87343],[-89.60317,-0.88286],[-89.62144,-0.90108],[-89.62692,-0.9194],[-89.60747,-0.93387],[-89.56042,-0.95205],[-89.5229,-0.95558],[-89.50119,-0.9425],[-89.47423,-0.93629],[-89.44925,-0.93716],[-89.43179,-0.93253],[-89.40179,-0.91836],[-89.39551,-0.89763],[-89.3753,-0.87236],[-89.36967,-0.85702],[-89.36159,-0.85328],[-89.35866,-0.82716],[-89.32515,-0.81675],[-89.30856,-0.80238],[-89.30605,-0.79154],[-89.28405,-0.77916],[-89.27448,-0.75445],[-89.25521,-0.74066],[-89.24334,-0.72471],[-89.25283,-0.71209],[-89.25205,-0.69895],[-89.2601,-0.69257],[-89.2728,-0.70278],[-89.28397,-0.70389],[-89.30391,-0.68993],[-89.336,-0.69044],[-89.3388,-0.68654]]],[[[-89.94514,0.34285],[-89.95431,0.34638],[-89.96873,0.33984],[-89.97805,0.31737],[-89.97043,0.30909],[-89.95773,0.31767],[-89.93586,0.32317],[-89.94514,0.34285]]]]},"properties":{"DPA_CANTON":"2001","DPA_DESCAN":"SAN CRISTÓBAL","DPA_PROVIN":"20","DPA_DESPRO":"GALÁPAGOS","a45i3_muy":0,"a45i3_alta":13,"a45i3_al_1":15,"a46i3_muy":0,"a46i3_alta":1,"a46i3_al_1":2,"a46i3_al_2":35,"a46i3_al_3":0,"total":66}},
{"type":"Feature","geometry":{"type":"MultiPolygon","coordinates":[[[[-91.45967,-0.26005],[-91.48832,-0.26653],[-91.50914,-0.28221],[-91.53619,-0.28551],[-91.56017,-0.29683],[-91.59189,-0.29834],[-91.61767,-0.29652],[-91.64475,-0.30018],[-91.65851,-0.30712],[-91.66157,-0.32184],[-91.65329,-0.33973],[-91.65202,-0.38963],[-91.64703,-0.40861],[-91.63272,-0.42858],[-91.62482,-0.45245],[-91.60106,-0.48565],[-91.55254,-0.49067],[-91.52103,-0.49929],[-91.50767,-0.50641],[-91.44099,-0.49414],[-91.42977,-0.49489],[-91.40173,-0.47413],[-91.38783,-0.45471],[-91.39413,-0.43347],[-91.37731,-0.39537],[-91.38152,-0.37605],[-91.38063,-0.34999],[-91.40529,-0.29496],[-91.43172,-0.27368],[-91.45967,-0.26005]]],[[[-91.33495,0.15968],[-91.3623,0.16072],[-91.36735,0.14926],[-91.39265,0.12409],[-91.41501,0.12024],[-91.44259,0.10761],[-91.47353,0.1082],[-91.49016,0.09481],[-91.5087,0.0526],[-91.52205,0.03645],[-91.5353,0.02775],[-91.56116,0.01951],[-91.5782,0.00738],[-91.58742,0.00612],[-91.59432,-0.01117],[-91.57472,-0.02996],[-91.56802,-0.04807],[-91.55374,-0.04821],[-91.53461,-0.03962],[-91.51563,-0.0384],[-91.47226,-0.01504],[-91.43646,-0.01822],[-91.4188,-0.03093],[-91.40604,-0.05973],[-91.40896,-0.06644],[-91.40306,-0.11775],[-91.40681,-0.13448],[-91.40375,-0.16607],[-91.39853,-0.1707],[-91.38129,-0.2056],[-91.39127,-0.21396],[-91.39154,-0.23436],[-91.3859,-0.26087],[-91.36615,-0.27324],[-91.36279,-0.29116],[-91.34681,-0.31939],[-91.32301,-0.34163],[-91.2805,-0.35795],[-91.26965,-0.37567],[-91.22384,-0.39765],[-91.22761,-0.41357],[-91.2278,-0.44914],[-91.22475,-0.46863],[-91.20758,-0.49224],[-91.17482,-0.51225],[-91.14134,-0.54841],[-91.112,-0.5677],[-91.10167,-0.57078],[-91.09603,-0.58714],[-91.08876,-0.58616],[-91.07362,-0.61054],[-91.09196,-0.63895],[-91.10899,-0.63551],[-91.1224,-0.6522],[-91.14284,-0.65447],[-91.15233,-0.67604],[-91.16516,-0.67932],[-91.17111,-0.68816],[-91.18338,-0.68828],[-91.21775,-0.66633],[-91.24576,-0.67524],[-91.24972,-0.6868],[-91.27232,-0.69371],[-91.31528,-0.69314],[-91.32959,-0.69931],[-91.3279,-0.71205],[-91.34794,-0.72338],[-91.37005,-0.75157],[-91.38493,-0.76283],[-91.40443,-0.76692],[-91.41102,-0.77597],[-91.43369,-0.78712],[-91.4399,-0.80301],[-91.45508,-0.82108],[-91.48685,-0.84582],[-91.5008,-0.86391],[-91.51195,-0.88961],[-91.51238,-0.90742],[-91.50327,-0.92438],[-91.48406,-0.94154],[-91.45572,-0.94906],[-91.44772,-0.95706],[-91.44723,-0.98929],[-91.44229,-0.99959],[-91.42072,-1.01183],[-91.38024,-1.0224],[-91.34897,-1.01475],[-91.3,-1.01723],[-91.26963,-1.02528],[-91.24947,-1.0264],[-91.2245,-1.03449],[-91.21428,-1.0454],[-91.18275,-1.04419],[-91.17762,-1.05031],[-91.16212,-1.03502],[-91.13898,-1.03077],[-91.12316,-1.01741],[-91.10344,-1.01469],[-91.08042,-1.00573],[-91.04893,-0.9983],[-91.03262,-0.98934],[-91.01898,-0.98927],[-91.00555,-0.97394],[-90.98501,-0.95674],[-90.95312,-0.96038],[-90.94195,-0.96542],[-90.90608,-0.95433],[-90.8879,-0.91953],[-90.88113,-0.91454],[-90.85918,-0.91824],[-90.8464,-0.90891],[-90.8521,-0.88435],[-90.84426,-0.87844],[-90.84592,-0.86419],[-90.83828,-0.8592],[-90.84029,-0.83566],[-90.83073,-0.8231],[-90.82349,-0.7888],[-90.80067,-0.78501],[-90.78153,-0.75668],[-90.79165,-0.74008],[-90.80643,-0.72515],[-90.81923,-0.72707],[-90.82642,-0.70623],[-90.85225,-0.70405],[-90.84707,-0.68376],[-90.86035,-0.6724],[-90.8624,-0.65223],[-90.87381,-0.65033],[-90.88321,-0.64092],[-90.88144,-0.6282],[-90.90233,-0.61325],[-90.91951,-0.62269],[-90.93506,-0.62614],[-90.95223,-0.61829],[-90.96043,-0.6032],[-90.95258,-0.5807],[-90.95715,-0.5613],[-90.94912,-0.54161],[-90.94693,-0.49162],[-90.94217,-0.47391],[-90.94576,-0.45996],[-90.95624,-0.4516],[-90.95473,-0.43468],[-90.9812,-0.41068],[-90.99906,-0.38233],[-91.0443,-0.3438],[-91.05813,-0.33996],[-91.0837,-0.32094],[-91.09477,-0.31698],[-91.10054,-0.29794],[-91.12167,-0.26977],[-91.15525,-0.24433],[-91.16639,-0.22754],[-91.1764,-0.22076],[-91.18502,-0.19759],[-91.19343,-0.15054],[-91.18813,-0.13659],[-91.18498,-0.10652],[-91.18641,-0.08138],[-91.19886,-0.02175],[-91.21175,-0.02015],[-91.22188,0.00025],[-91.23806,0.00641],[-91.24085,0.01609],[-91.27418,0.04382],[-91.27638,0.05204],[-91.29388,0.07626],[-91.30292,0.10122],[-91.30306,0.11461],[-91.31083,0.13027],[-91.32872,0.14199],[-91.33495,0.15968]]]]},"properties":{"DPA_CANTON":"2002","DPA_DESCAN":"ISABELA","DPA_PROVIN":"20","DPA_DESPRO":"GALÁPAGOS","a45i3_muy":0,"a45i3_alta":10,"a45i3_al_1":7,"a46i3_muy":0,"a46i3_alta":0,"a46i3_al_1":1,"a46i3_al_2":21,"a46i3_al_3":0,"total":39}},
{"type":"Feature","geometry":{"type":"MultiPolygon","coordinates":[[[[-90.6582,-0.59174],[-90.67096,-0.58751],[-90.68774,-0.60133],[-90.68417,-0.62213],[-90.66594,-0.6323],[-90.65099,-0.63151],[-90.64252,-0.61944],[-90.64773,-0.60253],[-90.6582,-0.59174]]],[[[-90.2506,-0.48175],[-90.26537,-0.48922],[-90.28486,-0.48868],[-90.29721,-0.49685],[-90.33663,-0.49291],[-90.35549,-0.49349],[-90.35913,-0.51172],[-90.41448,-0.50402],[-90.42995,-0.5127],[-90.45075,-0.51075],[-90.48968,-0.52954],[-90.50882,-0.53154],[-90.51777,-0.55698],[-90.53568,-0.56602],[-90.53102,-0.57972],[-90.53781,-0.60593],[-90.54877,-0.62418],[-90.54347,-0.63687],[-90.54661,-0.64972],[-90.53612,-0.67867],[-90.53737,-0.69035],[-90.52315,-0.70573],[-90.50213,-0.70817],[-90.47382,-0.72353],[-90.46747,-0.7215],[-90.45099,-0.74647],[-90.44406,-0.74695],[-90.41125,-0.76343],[-90.40609,-0.77231],[-90.38388,-0.76945],[-90.37456,-0.76396],[-90.3665,-0.77368],[-90.35459,-0.77414],[-90.35005,-0.7634],[-90.33119,-0.76107],[-90.31522,-0.76705],[-90.30798,-0.74283],[-90.2856,-0.74678],[-90.24202,-0.74607],[-90.23583,-0.74205],[-90.23243,-0.71682],[-90.21953,-0.69368],[-90.20828,-0.70231],[-90.19646,-0.69546],[-90.19624,-0.68116],[-90.17884,-0.66793],[-90.187,-0.66016],[-90.17768,-0.63118],[-90.18412,-0.60776],[-90.17197,-0.58604],[-90.16919,-0.57224],[-90.20272,-0.54558],[-90.22708,-0.53356],[-90.23634,-0.52293],[-90.2506,-0.48175]]],[[[-90.27491,-0.41182],[-90.28831,-0.41445],[-90.28115,-0.4418],[-90.29822,-0.4618],[-90.29358,-0.48412],[-90.27097,-0.48156],[-90.24771,-0.46467],[-90.25193,-0.45362],[-90.27147,-0.42352],[-90.27491,-0.41182]]],[[[-90.70465,-0.39761],[-90.72033,-0.41217],[-90.71618,-0.42435],[-90.70569,-0.42272],[-90.69717,-0.41004],[-90.70465,-0.39761]]],[[[-90.79048,-0.14604],[-90.81733,-0.15659],[-90.82731,-0.17105],[-90.8382,-0.17799],[-90.82863,-0.1997],[-90.84514,-0.22138],[-90.8541,-0.24085],[-90.86943,-0.24847],[-90.86903,-0.2703],[-90.84347,-0.28131],[-90.8449,-0.29042],[-90.83315,-0.29684],[-90.83124,-0.33116],[-90.82029,-0.32662],[-90.80224,-0.33524],[-90.78877,-0.32853],[-90.78418,-0.33718],[-90.77191,-0.33424],[-90.76623,-0.34398],[-90.74055,-0.36038],[-90.71074,-0.35842],[-90.70238,-0.35225],[-90.67377,-0.35176],[-90.65728,-0.3555],[-90.63004,-0.36939],[-90.61578,-0.36925],[-90.59956,-0.37513],[-90.57848,-0.36259],[-90.56895,-0.33069],[-90.54654,-0.31429],[-90.55108,-0.29914],[-90.56465,-0.29166],[-90.57366,-0.27914],[-90.573,-0.26728],[-90.58043,-0.25405],[-90.58234,-0.23766],[-90.60519,-0.21886],[-90.63208,-0.20985],[-90.64687,-0.1959],[-90.66856,-0.19764],[-90.67599,-0.19003],[-90.70017,-0.18697],[-90.70334,-0.17229],[-90.72319,-0.16944],[-90.74158,-0.16157],[-90.74918,-0.15051],[-90.76621,-0.15179],[-90.79048,-0.14604]]],[[[-90.5081,-0.14519],[-90.4992,-0.13425],[-90.49919,-0.11932],[-90.51897,-0.13125],[-90.5081,-0.14519]]],[[[-90.47876,0.3875],[-90.49544,0.38624],[-90.53666,0.36198],[-90.54309,0.34524],[-90.53965,0.31387],[-90.50825,0.3002],[-90.50183,0.28728],[-90.48236,0.27754],[-90.43669,0.28718],[-90.42494,0.29209],[-90.40678,0.30744],[-90.40174,0.32301],[-90.41971,0.34658],[-90.44725,0.36795],[-90.4615,0.3858],[-90.47876,0.3875]]],[[[-90.76993,0.63992],[-90.77911,0.64389],[-90.78928,0.6265],[-90.78866,0.59397],[-90.77995,0.55242],[-90.74146,0.54126],[-90.72178,0.54119],[-90.71722,0.55525],[-90.72963,0.59889],[-90.76993,0.63992]]]]},"properties":{"DPA_CANTON":"2003","DPA_DESCAN":"SANTA CRUZ","DPA_PROVIN":"20","DPA_DESPRO":"GALÁPAGOS","a45i3_muy":0,"a45i3_alta":47,"a45i3_al_1":30,"a46i3_muy":0,"a46i3_alta":1,"a46i3_al_1":5,"a46i3_al_2":158,"a46i3_al_3":0,"total":241}},
{"type":"Feature","geometry":{"type":"Polygon","coordinates":[[[-76.41206,0.24161],[-76.42919,0.24181],[-76.42806,0.25588],[-76.44576,0.25409],[-76.45156,0.23848],[-76.48639,0.24167],[-76.50384,0.23636],[-76.53515,0.25932],[-76.56823,0.24379],[-76.58471,0.21892],[-76.60807,0.23373],[-76.61723,0.25229],[-76.6297,0.2633],[-76.65027,0.25143],[-76.65622,0.27078],[-76.67869,0.26962],[-76.70101,0.27826],[-76.71134,0.26878],[-76.7316,0.28813],[-76.7426,0.27784],[-76.76391,0.26598],[-76.7538,0.2496],[-76.76723,0.24581],[-76.7855,0.26238],[-76.79828,0.26423],[-76.82281,0.25602],[-76.84749,0.2392],[-76.88082,0.25211],[-76.90411,0.2458],[-76.93523,0.26157],[-76.96722,0.27351],[-76.98546,0.26833],[-76.99721,0.2818],[-77.00366,0.29671],[-77.02656,0.27733],[-77.0485,0.29292],[-77.05745,0.2837],[-77.07737,0.28725],[-77.08504,0.29979],[-77.08229,0.3177],[-77.09594,0.32674],[-77.10659,0.34573],[-77.11279,0.37096],[-77.1268,0.37928],[-77.15039,0.37636],[-77.1798,0.39052],[-77.20142,0.36866],[-77.21557,0.36507],[-77.23208,0.33988],[-77.23208,0.32349],[-77.21108,0.32275],[-77.21087,0.30024],[-77.18843,0.28722],[-77.16937,0.28501],[-77.1647,0.29319],[-77.15123,0.28035],[-77.16108,0.26129],[-77.18596,0.24845],[-77.17972,0.2416],[-77.18821,0.22973],[-77.18802,0.21385],[-77.13534,0.21349],[-77.13538,0.19708],[-77.10824,0.19481],[-77.10263,0.15732],[-77.10188,0.12512],[-77.09787,0.08673],[-77.09475,0.0854],[-77.09462,0.04361],[-77.06315,0.05184],[-77.05345,0.0404],[-77.04112,0.04171],[-77.04112,-0.02096],[-77.049,-0.03398],[-77.04525,-0.05101],[-77.05535,-0.06268],[-77.07894,-0.0711],[-77.09454,-0.08221],[-77.11569,-0.08496],[-77.11569,-0.09667],[-77.09387,-0.11165],[-77.08244,-0.10852],[-77.05463,-0.11352],[-77.01642,-0.0997],[-76.99867,-0.08202],[-76.98357,-0.07881],[-76.97943,-0.07154],[-76.95747,-0.06354],[-76.93373,-0.05912],[-76.92878,-0.08165],[-76.90478,-0.0845],[-76.88236,-0.09728],[-76.85804,-0.09853],[-76.83992,-0.1156],[-76.80339,-0.12019],[-76.79452,-0.13167],[-76.77123,-0.12632],[-76.7481,-0.11341],[-76.73055,-0.12065],[-76.6596,-0.0929],[-76.65776,-0.00735],[-76.63962,-0.00979],[-76.6245,-0.03162],[-76.60717,-0.02735],[-76.60008,-0.04415],[-76.60117,-0.05391],[-76.59029,-0.063],[-76.57284,-0.06123],[-76.54613,-0.06918],[-76.5364,-0.08846],[-76.5134,-0.08971],[-76.51519,-0.05769],[-76.5186,-0.04461],[-76.48209,-0.02415],[-76.4695,-0.03092],[-76.45891,-0.02789],[-76.44953,-0.01675],[-76.43385,-0.01324],[-76.41222,-0.01449],[-76.39885,-0.02633],[-76.3787,-0.02341],[-76.39048,0.00912],[-76.40338,0.0225],[-76.41032,0.03711],[-76.42443,0.03476],[-76.43213,0.05695],[-76.4341,0.0902],[-76.43068,0.11756],[-76.41289,0.12972],[-76.38457,0.13335],[-76.36373,0.1471],[-76.35611,0.16306],[-76.31891,0.16823],[-76.30688,0.16684],[-76.28307,0.19178],[-76.28013,0.20238],[-76.26511,0.2],[-76.24933,0.21428],[-76.27198,0.22586],[-76.27374,0.23998],[-76.28741,0.23305],[-76.30628,0.23537],[-76.32833,0.21437],[-76.33793,0.22165],[-76.3611,0.22496],[-76.36589,0.23819],[-76.38469,0.25332],[-76.38862,0.24253],[-76.41206,0.24161]]]},"properties":{"DPA_CANTON":"2101","DPA_DESCAN":"LAGO AGRIO","DPA_PROVIN":"21","DPA_DESPRO":"SUCUMBÍOS","a45i3_muy":1826,"a45i3_alta":58,"a45i3_al_1":1045,"a46i3_muy":10,"a46i3_alta":1,"a46i3_al_1":82,"a46i3_al_2":3456,"a46i3_al_3":0,"total":6478}},
{"type":"Feature","geometry":{"type":"Polygon","coordinates":[[[-77.28806,-0.04553],[-77.28789,-0.0241],[-77.28148,-0.02152],[-77.27063,0.01187],[-77.25845,0.01349],[-77.25957,0.04825],[-77.27139,0.04939],[-77.26497,0.06407],[-77.27357,0.08114],[-77.29269,0.08648],[-77.30221,0.09675],[-77.31809,0.10388],[-77.32289,0.11289],[-77.34367,0.13099],[-77.37152,0.17015],[-77.38267,0.17678],[-77.39447,0.19623],[-77.38574,0.2164],[-77.39184,0.23714],[-77.41258,0.24848],[-77.41515,0.25869],[-77.42782,0.26647],[-77.41221,0.2993],[-77.39388,0.30792],[-77.39658,0.34028],[-77.41161,0.34104],[-77.41972,0.35502],[-77.41733,0.37517],[-77.43267,0.36805],[-77.42847,0.33309],[-77.43597,0.30982],[-77.45423,0.30323],[-77.45301,0.28581],[-77.46079,0.26632],[-77.47976,0.25367],[-77.49718,0.2529],[-77.49932,0.24212],[-77.52059,0.2326],[-77.5365,0.2417],[-77.56109,0.2432],[-77.59052,0.23921],[-77.61956,0.22651],[-77.6293,0.21441],[-77.62872,0.196],[-77.64582,0.18409],[-77.66137,0.18195],[-77.67726,0.14976],[-77.69375,0.13591],[-77.70828,0.14443],[-77.71125,0.19744],[-77.72065,0.21366],[-77.74383,0.22659],[-77.73965,0.23617],[-77.75103,0.24665],[-77.77096,0.24742],[-77.79203,0.27135],[-77.81518,0.28642],[-77.8317,0.31509],[-77.82395,0.32562],[-77.83622,0.31258],[-77.85046,0.30649],[-77.84532,0.27912],[-77.82918,0.27406],[-77.84764,0.25901],[-77.85206,0.24761],[-77.87232,0.21803],[-77.87047,0.20778],[-77.88606,0.19974],[-77.90474,0.20584],[-77.92576,0.19566],[-77.92395,0.18177],[-77.93876,0.1804],[-77.95691,0.15781],[-77.9652,0.1579],[-77.97062,0.14681],[-77.97725,0.11096],[-77.96226,0.11285],[-77.94591,0.09929],[-77.93673,0.10385],[-77.91824,0.08176],[-77.89468,0.08453],[-77.85831,0.059],[-77.85447,0.0243],[-77.83983,0.02727],[-77.82008,0.03371],[-77.80884,0.02301],[-77.78445,0.01936],[-77.77947,0.01051],[-77.79447,-0.01665],[-77.78514,-0.03132],[-77.78535,-0.05269],[-77.78006,-0.07038],[-77.78231,-0.08311],[-77.65882,-0.08085],[-77.63962,-0.07618],[-77.61195,-0.08198],[-77.58397,-0.10911],[-77.58063,-0.10142],[-77.55896,-0.08407],[-77.53719,-0.05718],[-77.51266,-0.06413],[-77.50469,-0.05648],[-77.50821,-0.04071],[-77.49016,-0.04066],[-77.48549,-0.02648],[-77.47076,-0.01857],[-77.46037,-0.01912],[-77.45329,-0.03768],[-77.45622,-0.04997],[-77.4499,-0.0709],[-77.45632,-0.08209],[-77.44497,-0.09952],[-77.4543,-0.11458],[-77.45314,-0.13724],[-77.43831,-0.12937],[-77.39336,-0.13982],[-77.37939,-0.15257],[-77.34672,-0.12962],[-77.33673,-0.11363],[-77.3389,-0.10159],[-77.32128,-0.08032],[-77.30545,-0.07103],[-77.30497,-0.05938],[-77.28806,-0.04553]]]},"properties":{"DPA_CANTON":"2102","DPA_DESCAN":"GONZALO PIZARRO","DPA_PROVIN":"21","DPA_DESPRO":"SUCUMBÍOS","a45i3_muy":78,"a45i3_alta":202,"a45i3_al_1":114,"a46i3_muy":0,"a46i3_alta":1,"a46i3_al_1":12,"a46i3_al_2":433,"a46i3_al_3":0,"total":840}},
{"type":"Feature","geometry":{"type":"Polygon","coordinates":[[[-75.6102,-0.11309],[-75.6008,-0.1098],[-75.5898,-0.12293],[-75.57969,-0.12026],[-75.56454,-0.13128],[-75.53496,-0.11741],[-75.51636,-0.11427],[-75.50393,-0.1262],[-75.47861,-0.13253],[-75.45473,-0.14936],[-75.43254,-0.15283],[-75.41985,-0.16355],[-75.40408,-0.17014],[-75.39776,-0.16483],[-75.37766,-0.16596],[-75.34123,-0.15568],[-75.30656,-0.15531],[-75.28686,-0.15025],[-75.27752,-0.1338],[-75.26128,-0.12777],[-75.28695,-0.11716],[-75.29573,-0.10778],[-75.32681,-0.10532],[-75.35246,-0.09176],[-75.36468,-0.0897],[-75.38854,-0.09931],[-75.42981,-0.08311],[-75.44587,-0.07229],[-75.46799,-0.05066],[-75.5068,-0.04595],[-75.52324,-0.02647],[-75.55112,-0.02367],[-75.57341,-0.02553],[-75.5833,-0.01403],[-75.58019,0.01165],[-75.60007,0.01475],[-75.62926,0.02814],[-75.63251,0.04242],[-75.65266,0.03041],[-75.66469,0.0408],[-75.69081,0.03709],[-75.71163,0.03892],[-75.748,0.03623],[-75.77154,0.04173],[-75.78756,0.05604],[-75.80193,0.0503],[-75.81152,0.05402],[-75.81412,0.07727],[-75.83901,0.10379],[-75.84981,0.12854],[-75.85935,0.13514],[-75.87884,0.11933],[-75.88135,0.13463],[-75.89031,0.14148],[-75.90016,0.16398],[-75.91453,0.17111],[-75.93807,0.20027],[-75.95366,0.20154],[-75.95921,0.211],[-75.95309,0.22101],[-75.95987,0.23458],[-75.97665,0.24289],[-75.99014,0.24292],[-75.98662,0.26406],[-75.99591,0.2653],[-75.99769,0.28241],[-76.00484,0.29598],[-76.01525,0.3027],[-76.03378,0.30422],[-76.04644,0.31194],[-76.05368,0.33333],[-76.08007,0.33703],[-76.09566,0.31923],[-76.10925,0.31342],[-76.12113,0.32469],[-76.11817,0.34128],[-76.13237,0.37208],[-76.16106,0.38913],[-76.17511,0.37199],[-76.198,0.37404],[-76.208,0.38611],[-76.22834,0.37629],[-76.2321,0.40064],[-76.25209,0.4014],[-76.26195,0.40629],[-76.25911,0.42347],[-76.27911,0.43683],[-76.29372,0.42205],[-76.30539,0.42424],[-76.31405,0.43449],[-76.33119,0.41511],[-76.33384,0.38971],[-76.34178,0.3816],[-76.35511,0.37953],[-76.36385,0.39173],[-76.37482,0.394],[-76.3971,0.38209],[-76.41204,0.37993],[-76.41206,0.24161],[-76.38862,0.24253],[-76.38469,0.25332],[-76.36589,0.23819],[-76.3611,0.22496],[-76.33793,0.22165],[-76.32833,0.21437],[-76.30628,0.23537],[-76.28741,0.23305],[-76.27374,0.23998],[-76.27198,0.22586],[-76.24933,0.21428],[-76.26511,0.2],[-76.28013,0.20238],[-76.28307,0.19178],[-76.30688,0.16684],[-76.31891,0.16823],[-76.35611,0.16306],[-76.36373,0.1471],[-76.38457,0.13335],[-76.41289,0.12972],[-76.43068,0.11756],[-76.4341,0.0902],[-76.43213,0.05695],[-76.42443,0.03476],[-76.41032,0.03711],[-76.40338,0.0225],[-76.39048,0.00912],[-76.3787,-0.02341],[-76.36592,-0.02284],[-76.35214,-0.03167],[-76.32671,-0.03326],[-76.29504,-0.02593],[-76.28445,-0.03384],[-76.24248,-0.03542],[-76.21724,-0.03945],[-76.21023,-0.03101],[-76.19375,-0.02415],[-76.1724,-0.03425],[-76.1648,-0.03182],[-76.16614,-0.06997],[-76.15194,-0.08072],[-76.14577,-0.09403],[-76.13058,-0.09754],[-76.12072,-0.08603],[-76.0975,-0.10309],[-76.06661,-0.11147],[-76.04926,-0.10709],[-76.03294,-0.09505],[-76.00702,-0.09797],[-75.99145,-0.10589],[-75.99004,-0.12872],[-75.97656,-0.13187],[-75.95824,-0.12375],[-75.96001,-0.14989],[-75.95316,-0.16279],[-75.93533,-0.16266],[-75.89847,-0.09707],[-75.88133,-0.10729],[-75.86303,-0.10791],[-75.85832,-0.12552],[-75.84591,-0.13306],[-75.79944,-0.12755],[-75.7499,-0.1475],[-75.74311,-0.15642],[-75.7252,-0.16578],[-75.69496,-0.16185],[-75.6731,-0.17078],[-75.66144,-0.16419],[-75.65365,-0.1519],[-75.64308,-0.15295],[-75.64187,-0.13813],[-75.63343,-0.13428],[-75.6196,-0.11519],[-75.6102,-0.11309]]]},"properties":{"DPA_CANTON":"2103","DPA_DESCAN":"PUTUMAYO","DPA_PROVIN":"21","DPA_DESPRO":"SUCUMBÍOS","a45i3_muy":29,"a45i3_alta":162,"a45i3_al_1":106,"a46i3_muy":0,"a46i3_alta":1,"a46i3_al_1":9,"a46i3_al_2":321,"a46i3_al_3":0,"total":628}},
{"type":"Feature","geometry":{"type":"Polygon","coordinates":[[[-76.5134,-0.08971],[-76.5364,-0.08846],[-76.54613,-0.06918],[-76.57284,-0.06123],[-76.59029,-0.063],[-76.60117,-0.05391],[-76.60008,-0.04415],[-76.60717,-0.02735],[-76.6245,-0.03162],[-76.63962,-0.00979],[-76.65776,-0.00735],[-76.6596,-0.0929],[-76.73055,-0.12065],[-76.7481,-0.11341],[-76.77123,-0.12632],[-76.79452,-0.13167],[-76.80339,-0.12019],[-76.83992,-0.1156],[-76.85804,-0.09853],[-76.88236,-0.09728],[-76.90478,-0.0845],[-76.90255,-0.10669],[-76.89313,-0.11704],[-76.87533,-0.12762],[-76.87436,-0.13623],[-76.84486,-0.18193],[-76.83288,-0.18936],[-76.80705,-0.22153],[-76.80129,-0.23424],[-76.77256,-0.25638],[-76.76212,-0.261],[-76.76436,-0.27974],[-76.75208,-0.28873],[-76.75304,-0.29948],[-76.72425,-0.33398],[-76.72465,-0.34683],[-76.70149,-0.35242],[-76.68447,-0.37173],[-76.67222,-0.3744],[-76.65429,-0.39274],[-76.64573,-0.39118],[-76.63374,-0.40548],[-76.64045,-0.4182],[-76.62383,-0.42961],[-76.59827,-0.42575],[-76.58695,-0.41765],[-76.56482,-0.40923],[-76.55344,-0.41145],[-76.53507,-0.4347],[-76.51658,-0.43935],[-76.50157,-0.4495],[-76.49267,-0.46503],[-76.46649,-0.48842],[-76.43093,-0.48519],[-76.4209,-0.48706],[-76.40398,-0.49945],[-76.39283,-0.51719],[-76.36977,-0.51829],[-76.34682,-0.49457],[-76.32863,-0.48404],[-76.30346,-0.48059],[-76.28513,-0.4707],[-76.26814,-0.45181],[-76.25614,-0.44843],[-76.23373,-0.45059],[-76.17334,-0.44116],[-76.15498,-0.44218],[-76.12927,-0.45149],[-76.10477,-0.44169],[-76.08285,-0.44227],[-76.07329,-0.46255],[-76.07266,-0.48018],[-76.06233,-0.50295],[-76.03568,-0.52282],[-76.01167,-0.53359],[-76,-0.54714],[-75.98851,-0.55732],[-75.96538,-0.56367],[-75.93001,-0.56806],[-75.94321,-0.55426],[-75.94653,-0.53938],[-75.94106,-0.5324],[-75.95508,-0.41934],[-75.95139,-0.3925],[-75.93897,-0.39158],[-75.91168,-0.38069],[-75.89306,-0.36778],[-75.91444,-0.36083],[-75.93833,-0.35722],[-75.95444,-0.33278],[-75.9731,-0.32632],[-75.99701,-0.33578],[-76.01917,-0.32889],[-76.02422,-0.31125],[-76.03614,-0.30842],[-76.04699,-0.29331],[-76.06843,-0.30197],[-76.07557,-0.28613],[-76.08328,-0.28553],[-76.08968,-0.30137],[-76.10823,-0.29402],[-76.15803,-0.28952],[-76.15881,-0.27158],[-76.17109,-0.26267],[-76.19075,-0.27848],[-76.20506,-0.27675],[-76.21715,-0.28886],[-76.23053,-0.2854],[-76.25372,-0.30163],[-76.26283,-0.28764],[-76.28151,-0.29171],[-76.29508,-0.28811],[-76.30428,-0.2947],[-76.32119,-0.29423],[-76.33025,-0.28628],[-76.35521,-0.28721],[-76.36665,-0.29796],[-76.4092,-0.29843],[-76.4227,-0.28716],[-76.42662,-0.25188],[-76.4435,-0.23882],[-76.46157,-0.24828],[-76.46214,-0.23154],[-76.48454,-0.21351],[-76.47924,-0.20687],[-76.48725,-0.19113],[-76.50143,-0.18921],[-76.49706,-0.15733],[-76.50832,-0.14617],[-76.512,-0.11632],[-76.51913,-0.10147],[-76.5134,-0.08971]]]},"properties":{"DPA_CANTON":"2104","DPA_DESCAN":"SHUSHUFINDI","DPA_PROVIN":"21","DPA_DESPRO":"SUCUMBÍOS","a45i3_muy":1184,"a45i3_alta":0,"a45i3_al_1":645,"a46i3_muy":8,"a46i3_alta":0,"a46i3_al_1":57,"a46i3_al_2":2173,"a46i3_al_3":0,"total":4067}},
{"type":"Feature","geometry":{"type":"Polygon","coordinates":[[[-77.38935,0.38809],[-77.39314,0.3961],[-77.42134,0.4222],[-77.42299,0.43781],[-77.44559,0.42703],[-77.45884,0.4271],[-77.52948,0.40605],[-77.52039,0.42077],[-77.51877,0.45185],[-77.52545,0.46808],[-77.51634,0.49458],[-77.52291,0.51989],[-77.52151,0.53192],[-77.50301,0.57521],[-77.48801,0.58745],[-77.47988,0.61403],[-77.47902,0.64065],[-77.48302,0.65561],[-77.49124,0.66177],[-77.50674,0.65553],[-77.51947,0.65768],[-77.53191,0.65265],[-77.54186,0.64345],[-77.56283,0.63604],[-77.61691,0.64213],[-77.63665,0.63648],[-77.65636,0.64763],[-77.67352,0.64797],[-77.68634,0.64074],[-77.68975,0.62105],[-77.65581,0.60406],[-77.66352,0.59445],[-77.67901,0.56092],[-77.70975,0.54892],[-77.72025,0.53191],[-77.7517,0.50507],[-77.75404,0.49145],[-77.77431,0.46377],[-77.79232,0.44563],[-77.79431,0.4346],[-77.80741,0.42654],[-77.80477,0.41922],[-77.8134,0.40444],[-77.80281,0.39867],[-77.7963,0.38519],[-77.79709,0.37024],[-77.81104,0.35415],[-77.82045,0.3442],[-77.82395,0.32562],[-77.8317,0.31509],[-77.81518,0.28642],[-77.79203,0.27135],[-77.77096,0.24742],[-77.75103,0.24665],[-77.73965,0.23617],[-77.74383,0.22659],[-77.72065,0.21366],[-77.71125,0.19744],[-77.70828,0.14443],[-77.69375,0.13591],[-77.67726,0.14976],[-77.66137,0.18195],[-77.64582,0.18409],[-77.62872,0.196],[-77.6293,0.21441],[-77.61956,0.22651],[-77.59052,0.23921],[-77.56109,0.2432],[-77.5365,0.2417],[-77.52059,0.2326],[-77.49932,0.24212],[-77.49718,0.2529],[-77.47976,0.25367],[-77.46079,0.26632],[-77.45301,0.28581],[-77.45423,0.30323],[-77.43597,0.30982],[-77.42847,0.33309],[-77.43267,0.36805],[-77.41733,0.37517],[-77.40008,0.37907],[-77.38935,0.38809]]]},"properties":{"DPA_CANTON":"2105","DPA_DESCAN":"SUCUMBÍOS","DPA_PROVIN":"21","DPA_DESPRO":"SUCUMBÍOS","a45i3_muy":0,"a45i3_alta":37,"a45i3_al_1":32,"a46i3_muy":0,"a46i3_alta":1,"a46i3_al_1":3,"a46i3_al_2":88,"a46i3_al_3":0,"total":161}},
{"type":"Feature","geometry":{"type":"Polygon","coordinates":[[[-77.21557,0.36507],[-77.23261,0.36207],[-77.25636,0.36522],[-77.28783,0.36326],[-77.30875,0.37221],[-77.31377,0.38095],[-77.34116,0.39119],[-77.35027,0.39117],[-77.37376,0.40053],[-77.38209,0.38528],[-77.38935,0.38809],[-77.40008,0.37907],[-77.41733,0.37517],[-77.41972,0.35502],[-77.41161,0.34104],[-77.39658,0.34028],[-77.39388,0.30792],[-77.41221,0.2993],[-77.42782,0.26647],[-77.41515,0.25869],[-77.41258,0.24848],[-77.39184,0.23714],[-77.38574,0.2164],[-77.39447,0.19623],[-77.38267,0.17678],[-77.37152,0.17015],[-77.34367,0.13099],[-77.32289,0.11289],[-77.31809,0.10388],[-77.30221,0.09675],[-77.29269,0.08648],[-77.27357,0.08114],[-77.26497,0.06407],[-77.27139,0.04939],[-77.25957,0.04825],[-77.25845,0.01349],[-77.27063,0.01187],[-77.28148,-0.02152],[-77.28789,-0.0241],[-77.28806,-0.04553],[-77.27865,-0.04541],[-77.27106,-0.05841],[-77.24469,-0.07259],[-77.20933,-0.08477],[-77.20287,-0.09919],[-77.17212,-0.09817],[-77.16244,-0.10218],[-77.16244,-0.08425],[-77.12013,-0.0931],[-77.11569,-0.09667],[-77.11569,-0.08496],[-77.09454,-0.08221],[-77.07894,-0.0711],[-77.05535,-0.06268],[-77.04525,-0.05101],[-77.049,-0.03398],[-77.04112,-0.02096],[-77.04112,0.04171],[-77.05345,0.0404],[-77.06315,0.05184],[-77.09462,0.04361],[-77.09475,0.0854],[-77.09787,0.08673],[-77.10188,0.12512],[-77.10263,0.15732],[-77.10824,0.19481],[-77.13538,0.19708],[-77.13534,0.21349],[-77.18802,0.21385],[-77.18821,0.22973],[-77.17972,0.2416],[-77.18596,0.24845],[-77.16108,0.26129],[-77.15123,0.28035],[-77.1647,0.29319],[-77.16937,0.28501],[-77.18843,0.28722],[-77.21087,0.30024],[-77.21108,0.32275],[-77.23208,0.32349],[-77.23208,0.33988],[-77.21557,0.36507]]]},"properties":{"DPA_CANTON":"2106","DPA_DESCAN":"CASCALES","DPA_PROVIN":"21","DPA_DESPRO":"SUCUMBÍOS","a45i3_muy":193,"a45i3_alta":149,"a45i3_al_1":111,"a46i3_muy":0,"a46i3_alta":1,"a46i3_al_1":14,"a46i3_al_2":557,"a46i3_al_3":0,"total":1025}},
{"type":"Feature","geometry":{"type":"Polygon","coordinates":[[[-76.3787,-0.02341],[-76.39885,-0.02633],[-76.41222,-0.01449],[-76.43385,-0.01324],[-76.44953,-0.01675],[-76.45891,-0.02789],[-76.4695,-0.03092],[-76.48209,-0.02415],[-76.5186,-0.04461],[-76.51519,-0.05769],[-76.5134,-0.08971],[-76.51913,-0.10147],[-76.512,-0.11632],[-76.50832,-0.14617],[-76.49706,-0.15733],[-76.50143,-0.18921],[-76.48725,-0.19113],[-76.47924,-0.20687],[-76.48454,-0.21351],[-76.46214,-0.23154],[-76.46157,-0.24828],[-76.4435,-0.23882],[-76.42662,-0.25188],[-76.4227,-0.28716],[-76.4092,-0.29843],[-76.36665,-0.29796],[-76.35521,-0.28721],[-76.33025,-0.28628],[-76.32119,-0.29423],[-76.30428,-0.2947],[-76.29508,-0.28811],[-76.28151,-0.29171],[-76.26283,-0.28764],[-76.25372,-0.30163],[-76.23053,-0.2854],[-76.21715,-0.28886],[-76.20506,-0.27675],[-76.19075,-0.27848],[-76.17109,-0.26267],[-76.15881,-0.27158],[-76.15803,-0.28952],[-76.10823,-0.29402],[-76.08968,-0.30137],[-76.08328,-0.28553],[-76.07557,-0.28613],[-76.06843,-0.30197],[-76.04699,-0.29331],[-76.03614,-0.30842],[-76.02422,-0.31125],[-76.01917,-0.32889],[-75.99701,-0.33578],[-75.9731,-0.32632],[-75.95444,-0.33278],[-75.93833,-0.35722],[-75.91444,-0.36083],[-75.89306,-0.36778],[-75.91168,-0.38069],[-75.93897,-0.39158],[-75.95139,-0.3925],[-75.95508,-0.41934],[-75.93748,-0.4096],[-75.85306,-0.40826],[-75.85591,-0.42356],[-75.83607,-0.42579],[-75.82762,-0.43764],[-75.7903,-0.42487],[-75.75834,-0.42286],[-75.73998,-0.42438],[-75.72242,-0.44444],[-75.71758,-0.46206],[-75.70217,-0.47246],[-75.68364,-0.46752],[-75.67366,-0.45994],[-75.64827,-0.45589],[-75.64715,-0.46828],[-75.59769,-0.48494],[-75.58456,-0.49649],[-75.57367,-0.49409],[-75.56888,-0.50438],[-75.57446,-0.51806],[-75.55938,-0.52736],[-75.56121,-0.54612],[-75.54918,-0.54916],[-75.53886,-0.54239],[-75.5128,-0.55655],[-75.49605,-0.54467],[-75.48441,-0.55721],[-75.46454,-0.54608],[-75.43972,-0.55455],[-75.42482,-0.56618],[-75.41053,-0.56275],[-75.39656,-0.57563],[-75.39569,-0.59031],[-75.38653,-0.60769],[-75.36988,-0.603],[-75.35215,-0.61135],[-75.33925,-0.623],[-75.31823,-0.61432],[-75.30766,-0.63078],[-75.28462,-0.62127],[-75.28517,-0.64254],[-75.26392,-0.64517],[-75.26261,-0.65487],[-75.25768,-0.64373],[-75.2234,-0.62429],[-75.2395,-0.60228],[-75.23583,-0.58056],[-75.22572,-0.57185],[-75.22815,-0.55026],[-75.24706,-0.5219],[-75.26898,-0.52945],[-75.27256,-0.51804],[-75.26658,-0.50874],[-75.2779,-0.49797],[-75.29615,-0.5031],[-75.30064,-0.49244],[-75.31473,-0.48969],[-75.31395,-0.46641],[-75.32721,-0.46027],[-75.34296,-0.46216],[-75.3545,-0.44958],[-75.3882,-0.4337],[-75.39205,-0.41462],[-75.40855,-0.40021],[-75.44189,-0.35384],[-75.46552,-0.31258],[-75.4649,-0.29976],[-75.47393,-0.29531],[-75.47243,-0.27476],[-75.48123,-0.26088],[-75.4766,-0.24944],[-75.48816,-0.2316],[-75.50144,-0.22139],[-75.51746,-0.19405],[-75.53051,-0.18843],[-75.53388,-0.17803],[-75.56959,-0.18574],[-75.58008,-0.17925],[-75.58791,-0.18936],[-75.6102,-0.19292],[-75.6102,-0.11309],[-75.6196,-0.11519],[-75.63343,-0.13428],[-75.64187,-0.13813],[-75.64308,-0.15295],[-75.65365,-0.1519],[-75.66144,-0.16419],[-75.6731,-0.17078],[-75.69496,-0.16185],[-75.7252,-0.16578],[-75.74311,-0.15642],[-75.7499,-0.1475],[-75.79944,-0.12755],[-75.84591,-0.13306],[-75.85832,-0.12552],[-75.86303,-0.10791],[-75.88133,-0.10729],[-75.89847,-0.09707],[-75.93533,-0.16266],[-75.95316,-0.16279],[-75.96001,-0.14989],[-75.95824,-0.12375],[-75.97656,-0.13187],[-75.99004,-0.12872],[-75.99145,-0.10589],[-76.00702,-0.09797],[-76.03294,-0.09505],[-76.04926,-0.10709],[-76.06661,-0.11147],[-76.0975,-0.10309],[-76.12072,-0.08603],[-76.13058,-0.09754],[-76.14577,-0.09403],[-76.15194,-0.08072],[-76.16614,-0.06997],[-76.1648,-0.03182],[-76.1724,-0.03425],[-76.19375,-0.02415],[-76.21023,-0.03101],[-76.21724,-0.03945],[-76.24248,-0.03542],[-76.28445,-0.03384],[-76.29504,-0.02593],[-76.32671,-0.03326],[-76.35214,-0.03167],[-76.36592,-0.02284],[-76.3787,-0.02341]]]},"properties":{"DPA_CANTON":"2107","DPA_DESCAN":"CUYABENO","DPA_PROVIN":"21","DPA_DESPRO":"SUCUMBÍOS","a45i3_muy":199,"a45i3_alta":46,"a45i3_al_1":134,"a46i3_muy":2,"a46i3_alta":1,"a46i3_al_1":9,"a46i3_al_2":410,"a46i3_al_3":0,"total":801}},
{"type":"Feature","geometry":{"type":"Polygon","coordinates":[[[-77.16244,-0.10218],[-77.17212,-0.09817],[-77.20287,-0.09919],[-77.20933,-0.08477],[-77.24469,-0.07259],[-77.27106,-0.05841],[-77.27865,-0.04541],[-77.28806,-0.04553],[-77.30497,-0.05938],[-77.29439,-0.07037],[-77.29607,-0.08965],[-77.28611,-0.10364],[-77.28586,-0.12386],[-77.27844,-0.13667],[-77.29402,-0.14082],[-77.29962,-0.17962],[-77.29264,-0.20363],[-77.28069,-0.20951],[-77.2662,-0.24022],[-77.26775,-0.26233],[-77.25547,-0.2709],[-77.26216,-0.28688],[-77.25644,-0.30829],[-77.28578,-0.34247],[-77.30161,-0.34622],[-77.29602,-0.34718],[-77.28511,-0.36651],[-77.26874,-0.37601],[-77.26351,-0.36938],[-77.24146,-0.37584],[-77.23404,-0.38976],[-77.24339,-0.40729],[-77.22234,-0.42115],[-77.21973,-0.429],[-77.1955,-0.4413],[-77.18256,-0.44112],[-77.15361,-0.46015],[-77.13837,-0.45858],[-77.13252,-0.46865],[-77.13039,-0.49719],[-77.12458,-0.51116],[-77.07069,-0.54077],[-77.0841,-0.56821],[-77.10541,-0.57378],[-77.10035,-0.58327],[-77.11114,-0.62065],[-77.12505,-0.65555],[-77.13311,-0.6621],[-77.13632,-0.68015],[-77.12278,-0.69481],[-77.11343,-0.70044],[-77.11949,-0.72474],[-77.13131,-0.73345],[-77.15326,-0.76455],[-77.16931,-0.76277],[-77.18578,-0.77099],[-77.19512,-0.795],[-77.20714,-0.80243],[-77.19237,-0.83434],[-77.19442,-0.85463],[-77.17726,-0.85664],[-77.16346,-0.87422],[-77.15058,-0.8683],[-77.14391,-0.87448],[-77.14407,-0.89468],[-77.13596,-0.9019],[-77.11623,-0.9016],[-77.10062,-0.91048],[-77.06835,-0.91111],[-77.05992,-0.90852],[-77.03588,-0.91706],[-77.04245,-0.93214],[-77.05537,-0.94659],[-77.07171,-0.95139],[-77.07172,-0.96897],[-77.04981,-0.98687],[-77.05996,-1.00831],[-77.06959,-1.01933],[-77.09105,-1.02397],[-77.08339,-1.05179],[-77.06736,-1.08553],[-77.03623,-1.09961],[-77.03127,-1.09696],[-76.99621,-1.09677],[-76.97472,-1.10341],[-76.9494,-1.12204],[-76.91742,-1.12169],[-76.89145,-1.13101],[-76.88944,-1.14013],[-76.86909,-1.15754],[-76.85319,-1.16306],[-76.83815,-1.15685],[-76.83238,-1.14017],[-76.83243,-1.11438],[-76.8176,-1.10947],[-76.80245,-1.11079],[-76.78791,-1.09707],[-76.77365,-1.09061],[-76.72702,-1.10387],[-76.72054,-1.08225],[-76.68723,-1.0775],[-76.68034,-1.06867],[-76.6677,-1.06851],[-76.65286,-1.05681],[-76.63296,-1.06153],[-76.6127,-1.07112],[-76.58333,-1.06799],[-76.58333,-0.81074],[-76.56577,-0.80726],[-76.55179,-0.81012],[-76.51537,-0.79197],[-76.50715,-0.79736],[-76.47009,-0.79516],[-76.46323,-0.7873],[-76.44072,-0.78297],[-76.41664,-0.7468],[-76.38641,-0.73122],[-76.3709,-0.71303],[-76.35583,-0.70615],[-76.33717,-0.71221],[-76.30962,-0.71146],[-76.30172,-0.69288],[-76.28976,-0.7052],[-76.27468,-0.70216],[-76.26723,-0.68676],[-76.25447,-0.67246],[-76.24713,-0.65414],[-76.23622,-0.6525],[-76.22714,-0.66351],[-76.2154,-0.66376],[-76.19565,-0.64592],[-76.18163,-0.64319],[-76.1792,-0.63275],[-76.16244,-0.64024],[-76.14927,-0.63922],[-76.13983,-0.65173],[-76.13325,-0.63702],[-76.11214,-0.63177],[-76.08119,-0.63325],[-76.0747,-0.64554],[-76.06109,-0.64117],[-76.0302,-0.65476],[-76.02429,-0.71676],[-76.01639,-0.70461],[-76,-0.71092],[-76,-0.54714],[-76.01167,-0.53359],[-76.03568,-0.52282],[-76.06233,-0.50295],[-76.07266,-0.48018],[-76.07329,-0.46255],[-76.08285,-0.44227],[-76.10477,-0.44169],[-76.12927,-0.45149],[-76.15498,-0.44218],[-76.17334,-0.44116],[-76.23373,-0.45059],[-76.25614,-0.44843],[-76.26814,-0.45181],[-76.28513,-0.4707],[-76.30346,-0.48059],[-76.32863,-0.48404],[-76.34682,-0.49457],[-76.36977,-0.51829],[-76.39283,-0.51719],[-76.40398,-0.49945],[-76.4209,-0.48706],[-76.43093,-0.48519],[-76.46649,-0.48842],[-76.49267,-0.46503],[-76.50157,-0.4495],[-76.51658,-0.43935],[-76.53507,-0.4347],[-76.55344,-0.41145],[-76.56482,-0.40923],[-76.58695,-0.41765],[-76.59827,-0.42575],[-76.61883,-0.44853],[-76.63726,-0.45169],[-76.64552,-0.4482],[-76.66713,-0.45927],[-76.69986,-0.45763],[-76.71824,-0.44446],[-76.74675,-0.44282],[-76.76038,-0.44635],[-76.79169,-0.43909],[-76.80218,-0.44333],[-76.84759,-0.44915],[-76.87569,-0.46104],[-76.89837,-0.46104],[-76.89676,-0.44843],[-76.90639,-0.43669],[-76.92217,-0.44141],[-76.93845,-0.43061],[-76.93887,-0.4074],[-76.94982,-0.38729],[-76.98586,-0.38729],[-76.98069,-0.37068],[-76.98484,-0.35647],[-77.01311,-0.34011],[-77.0216,-0.32786],[-77.0261,-0.30126],[-77.04914,-0.28331],[-77.05406,-0.266],[-77.05211,-0.23748],[-77.05779,-0.22358],[-77.05319,-0.2028],[-77.07754,-0.17413],[-77.08087,-0.16361],[-77.10191,-0.15808],[-77.10047,-0.14773],[-77.10939,-0.11937],[-77.13099,-0.11951],[-77.14057,-0.11022],[-77.15667,-0.1115],[-77.16244,-0.10218]]]},"properties":{"DPA_CANTON":"2201","DPA_DESCAN":"FRANCISCO DE ORELLANA","DPA_PROVIN":"22","DPA_DESPRO":"ORELLANA","a45i3_muy":1212,"a45i3_alta":0,"a45i3_al_1":345,"a46i3_muy":18,"a46i3_alta":0,"a46i3_al_1":54,"a46i3_al_2":3275,"a46i3_al_3":0,"total":4904}},
{"type":"Feature","geometry":{"type":"Polygon","coordinates":[[[-75.26261,-0.65487],[-75.26392,-0.64517],[-75.28517,-0.64254],[-75.28462,-0.62127],[-75.30766,-0.63078],[-75.31823,-0.61432],[-75.33925,-0.623],[-75.35215,-0.61135],[-75.36988,-0.603],[-75.38653,-0.60769],[-75.39569,-0.59031],[-75.39656,-0.57563],[-75.41053,-0.56275],[-75.42482,-0.56618],[-75.43972,-0.55455],[-75.46454,-0.54608],[-75.48441,-0.55721],[-75.49605,-0.54467],[-75.5128,-0.55655],[-75.53886,-0.54239],[-75.54918,-0.54916],[-75.56121,-0.54612],[-75.55938,-0.52736],[-75.57446,-0.51806],[-75.56888,-0.50438],[-75.57367,-0.49409],[-75.58456,-0.49649],[-75.59769,-0.48494],[-75.64715,-0.46828],[-75.64827,-0.45589],[-75.67366,-0.45994],[-75.68364,-0.46752],[-75.70217,-0.47246],[-75.71758,-0.46206],[-75.72242,-0.44444],[-75.73998,-0.42438],[-75.75834,-0.42286],[-75.7903,-0.42487],[-75.82762,-0.43764],[-75.83607,-0.42579],[-75.85591,-0.42356],[-75.85306,-0.40826],[-75.93748,-0.4096],[-75.95508,-0.41934],[-75.94106,-0.5324],[-75.94653,-0.53938],[-75.94321,-0.55426],[-75.93001,-0.56806],[-75.96538,-0.56367],[-75.98851,-0.55732],[-76,-0.54714],[-76,-0.71092],[-76.01639,-0.70461],[-76.02429,-0.71676],[-76.0302,-0.65476],[-76.06109,-0.64117],[-76.0747,-0.64554],[-76.08119,-0.63325],[-76.11214,-0.63177],[-76.13325,-0.63702],[-76.13983,-0.65173],[-76.14927,-0.63922],[-76.16244,-0.64024],[-76.1792,-0.63275],[-76.18163,-0.64319],[-76.19565,-0.64592],[-76.2154,-0.66376],[-76.22714,-0.66351],[-76.23622,-0.6525],[-76.24713,-0.65414],[-76.25447,-0.67246],[-76.26723,-0.68676],[-76.27468,-0.70216],[-76.28976,-0.7052],[-76.30172,-0.69288],[-76.30962,-0.71146],[-76.33717,-0.71221],[-76.35583,-0.70615],[-76.3709,-0.71303],[-76.38641,-0.73122],[-76.41664,-0.7468],[-76.44072,-0.78297],[-76.46323,-0.7873],[-76.47009,-0.79516],[-76.50715,-0.79736],[-76.51537,-0.79197],[-76.55179,-0.81012],[-76.56577,-0.80726],[-76.58333,-0.81074],[-76.58333,-1.06799],[-76.56331,-1.05954],[-76.54666,-1.06853],[-76.5375,-1.05445],[-76.52823,-1.05331],[-76.51422,-1.07071],[-76.51843,-1.08693],[-76.51377,-1.09564],[-76.52455,-1.10712],[-76.5221,-1.13177],[-76.52551,-1.14927],[-76.5274,-1.1967],[-76.51803,-1.20729],[-76.48505,-1.23027],[-76.47155,-1.25732],[-76.45631,-1.25242],[-76.45121,-1.27136],[-76.4374,-1.26593],[-76.41936,-1.2721],[-76.40869,-1.25988],[-76.39567,-1.25436],[-76.39196,-1.26728],[-76.35741,-1.27976],[-76.34548,-1.29352],[-76.32761,-1.30617],[-76.31823,-1.30272],[-76.29552,-1.31043],[-76.27509,-1.30472],[-76.26698,-1.29581],[-76.25011,-1.30344],[-76.23535,-1.30039],[-76.21975,-1.28643],[-76.20293,-1.29822],[-76.17819,-1.28842],[-76.15713,-1.30046],[-76.15197,-1.28541],[-76.1369,-1.27604],[-76.11321,-1.27254],[-76.11125,-1.27904],[-76.09018,-1.28143],[-76.07662,-1.29284],[-76.0639,-1.2813],[-76.06434,-1.30363],[-76.0502,-1.29738],[-76.04012,-1.31007],[-76.01645,-1.30963],[-75.99767,-1.31554],[-75.99875,-1.33018],[-75.9888,-1.33737],[-75.97383,-1.33808],[-75.95844,-1.35311],[-75.93531,-1.36057],[-75.92112,-1.35279],[-75.9116,-1.35958],[-75.89376,-1.34891],[-75.87876,-1.35692],[-75.86604,-1.35575],[-75.84126,-1.36337],[-75.84557,-1.37377],[-75.82188,-1.3834],[-75.80114,-1.40297],[-75.78566,-1.40354],[-75.77897,-1.39525],[-75.7587,-1.41382],[-75.75024,-1.40497],[-75.7393,-1.41734],[-75.73935,-1.4345],[-75.72667,-1.43907],[-75.71604,-1.452],[-75.69863,-1.45171],[-75.69901,-1.46525],[-75.67527,-1.46795],[-75.66497,-1.48648],[-75.65719,-1.47618],[-75.64111,-1.49556],[-75.62268,-1.50202],[-75.61028,-1.49345],[-75.60123,-1.49794],[-75.58888,-1.52729],[-75.59584,-1.54036],[-75.58539,-1.5497],[-75.57756,-1.54771],[-75.5662,-1.56131],[-75.55589,-1.54945],[-75.48904,-1.30474],[-75.45045,-1.16343],[-75.38674,-0.92968],[-75.37633,-0.92182],[-75.36336,-0.9367],[-75.34543,-0.9483],[-75.34226,-0.9613],[-75.33104,-0.97299],[-75.32127,-0.97264],[-75.3064,-0.98763],[-75.29139,-0.98656],[-75.27948,-0.97438],[-75.25724,-0.97181],[-75.24667,-0.97872],[-75.22972,-0.97418],[-75.19985,-0.979],[-75.18715,-0.9727],[-75.19899,-0.9594],[-75.22506,-0.94491],[-75.23418,-0.93115],[-75.22123,-0.90559],[-75.22267,-0.86496],[-75.24377,-0.85076],[-75.25177,-0.83173],[-75.24138,-0.81147],[-75.24306,-0.79701],[-75.26903,-0.78569],[-75.25413,-0.76484],[-75.26951,-0.7515],[-75.27698,-0.71835],[-75.26414,-0.7045],[-75.24886,-0.69809],[-75.27235,-0.67408],[-75.27174,-0.66182],[-75.26261,-0.65487]]]},"properties":{"DPA_CANTON":"2202","DPA_DESCAN":"AGUARICO","DPA_PROVIN":"22","DPA_DESPRO":"ORELLANA","a45i3_muy":101,"a45i3_alta":161,"a45i3_al_1":124,"a46i3_muy":1,"a46i3_alta":0,"a46i3_al_1":5,"a46i3_al_2":311,"a46i3_al_3":0,"total":703}},
{"type":"Feature","geometry":{"type":"Polygon","coordinates":[[[-76.90478,-0.0845],[-76.92878,-0.08165],[-76.93373,-0.05912],[-76.95747,-0.06354],[-76.97943,-0.07154],[-76.98357,-0.07881],[-76.99867,-0.08202],[-77.01642,-0.0997],[-77.05463,-0.11352],[-77.08244,-0.10852],[-77.09387,-0.11165],[-77.11569,-0.09667],[-77.12013,-0.0931],[-77.16244,-0.08425],[-77.16244,-0.10218],[-77.15667,-0.1115],[-77.14057,-0.11022],[-77.13099,-0.11951],[-77.10939,-0.11937],[-77.10047,-0.14773],[-77.10191,-0.15808],[-77.08087,-0.16361],[-77.07754,-0.17413],[-77.05319,-0.2028],[-77.05779,-0.22358],[-77.05211,-0.23748],[-77.05406,-0.266],[-77.04914,-0.28331],[-77.0261,-0.30126],[-77.0216,-0.32786],[-77.01311,-0.34011],[-76.98484,-0.35647],[-76.98069,-0.37068],[-76.98586,-0.38729],[-76.94982,-0.38729],[-76.93887,-0.4074],[-76.93845,-0.43061],[-76.92217,-0.44141],[-76.90639,-0.43669],[-76.89676,-0.44843],[-76.89837,-0.46104],[-76.87569,-0.46104],[-76.84759,-0.44915],[-76.80218,-0.44333],[-76.79169,-0.43909],[-76.76038,-0.44635],[-76.74675,-0.44282],[-76.71824,-0.44446],[-76.69986,-0.45763],[-76.66713,-0.45927],[-76.64552,-0.4482],[-76.63726,-0.45169],[-76.61883,-0.44853],[-76.59827,-0.42575],[-76.62383,-0.42961],[-76.64045,-0.4182],[-76.63374,-0.40548],[-76.64573,-0.39118],[-76.65429,-0.39274],[-76.67222,-0.3744],[-76.68447,-0.37173],[-76.70149,-0.35242],[-76.72465,-0.34683],[-76.72425,-0.33398],[-76.75304,-0.29948],[-76.75208,-0.28873],[-76.76436,-0.27974],[-76.76212,-0.261],[-76.77256,-0.25638],[-76.80129,-0.23424],[-76.80705,-0.22153],[-76.83288,-0.18936],[-76.84486,-0.18193],[-76.87436,-0.13623],[-76.87533,-0.12762],[-76.89313,-0.11704],[-76.90255,-0.10669],[-76.90478,-0.0845]]]},"properties":{"DPA_CANTON":"2203","DPA_DESCAN":"LA JOYA DE LOS SACHAS","DPA_PROVIN":"22","DPA_DESPRO":"ORELLANA","a45i3_muy":832,"a45i3_alta":45,"a45i3_al_1":290,"a46i3_muy":7,"a46i3_alta":0,"a46i3_al_1":42,"a46i3_al_2":1839,"a46i3_al_3":0,"total":3055}},
{"type":"Feature","geometry":{"type":"Polygon","coordinates":[[[-77.12278,-0.69481],[-77.13632,-0.68015],[-77.13311,-0.6621],[-77.12505,-0.65555],[-77.11114,-0.62065],[-77.10035,-0.58327],[-77.10541,-0.57378],[-77.0841,-0.56821],[-77.07069,-0.54077],[-77.12458,-0.51116],[-77.13039,-0.49719],[-77.13252,-0.46865],[-77.13837,-0.45858],[-77.15361,-0.46015],[-77.18256,-0.44112],[-77.1955,-0.4413],[-77.21973,-0.429],[-77.22234,-0.42115],[-77.24339,-0.40729],[-77.23404,-0.38976],[-77.24146,-0.37584],[-77.26351,-0.36938],[-77.26874,-0.37601],[-77.28511,-0.36651],[-77.29602,-0.34718],[-77.30161,-0.34622],[-77.31699,-0.35677],[-77.32632,-0.3794],[-77.32699,-0.42418],[-77.35486,-0.41993],[-77.36768,-0.43424],[-77.3706,-0.45515],[-77.38235,-0.46261],[-77.38505,-0.48181],[-77.39159,-0.49533],[-77.414,-0.50386],[-77.43218,-0.52136],[-77.43989,-0.51238],[-77.45562,-0.51177],[-77.48046,-0.49664],[-77.48772,-0.49732],[-77.52846,-0.4762],[-77.54724,-0.45272],[-77.57109,-0.46293],[-77.56741,-0.48559],[-77.55969,-0.4944],[-77.57569,-0.5005],[-77.60168,-0.51914],[-77.61528,-0.52559],[-77.6266,-0.54094],[-77.62072,-0.56038],[-77.60529,-0.56005],[-77.59048,-0.57387],[-77.58814,-0.5953],[-77.57636,-0.61277],[-77.56905,-0.60963],[-77.55284,-0.62026],[-77.532,-0.62604],[-77.53142,-0.64215],[-77.52467,-0.67045],[-77.51104,-0.69],[-77.49695,-0.70199],[-77.53429,-0.76223],[-77.54205,-0.79503],[-77.53471,-0.80038],[-77.5282,-0.81733],[-77.52968,-0.84109],[-77.53668,-0.84581],[-77.53482,-0.8733],[-77.5506,-0.88232],[-77.55204,-0.90236],[-77.58886,-0.91403],[-77.59084,-0.92823],[-77.56725,-0.94276],[-77.55673,-0.9394],[-77.53697,-0.94267],[-77.52791,-0.95059],[-77.48957,-0.93944],[-77.4713,-0.92542],[-77.45095,-0.89893],[-77.44148,-0.89561],[-77.42638,-0.90227],[-77.42248,-0.8916],[-77.39386,-0.89392],[-77.37302,-0.88288],[-77.36609,-0.86925],[-77.34262,-0.86184],[-77.32434,-0.84679],[-77.30451,-0.84528],[-77.26044,-0.82212],[-77.25294,-0.79326],[-77.23781,-0.78865],[-77.23545,-0.78089],[-77.22042,-0.77264],[-77.20442,-0.77017],[-77.19192,-0.75824],[-77.18215,-0.73654],[-77.17066,-0.7251],[-77.16275,-0.70713],[-77.14624,-0.6963],[-77.12278,-0.69481]]]},"properties":{"DPA_CANTON":"2204","DPA_DESCAN":"LORETO","DPA_PROVIN":"22","DPA_DESPRO":"ORELLANA","a45i3_muy":1194,"a45i3_alta":30,"a45i3_al_1":267,"a46i3_muy":10,"a46i3_alta":0,"a46i3_al_1":36,"a46i3_al_2":1756,"a46i3_al_3":0,"total":3293}},
{"type":"Feature","geometry":{"type":"Polygon","coordinates":[[[-79.16929,-0.0155],[-79.19246,-0.01095],[-79.21094,0.00236],[-79.23254,0.00397],[-79.26003,0.01145],[-79.28216,0.01452],[-79.28485,0.01813],[-79.29187,0.01633],[-79.295,0.01724],[-79.30862,-0.00392],[-79.31428,-0.01892],[-79.331,-0.022],[-79.331,-0.03792],[-79.31559,-0.04536],[-79.32111,-0.05648],[-79.34898,-0.09151],[-79.35299,-0.10878],[-79.38286,-0.10877],[-79.41495,-0.10304],[-79.45097,-0.1153],[-79.48223,-0.10846],[-79.48683,-0.09696],[-79.51159,-0.097],[-79.52632,-0.10204],[-79.54839,-0.10039],[-79.53915,-0.13476],[-79.52835,-0.13894],[-79.52442,-0.15764],[-79.50871,-0.16876],[-79.49272,-0.16757],[-79.46153,-0.17203],[-79.4559,-0.1783],[-79.44154,-0.17616],[-79.41927,-0.1818],[-79.40973,-0.19136],[-79.40501,-0.20948],[-79.41389,-0.23294],[-79.41076,-0.26166],[-79.41076,-0.41069],[-79.4222,-0.42161],[-79.42913,-0.43866],[-79.43834,-0.44149],[-79.46312,-0.46812],[-79.45713,-0.48725],[-79.45967,-0.51224],[-79.466,-0.52867],[-79.48335,-0.54343],[-79.45224,-0.55003],[-79.41668,-0.53857],[-79.40619,-0.54311],[-79.37715,-0.54563],[-79.37277,-0.54025],[-79.34733,-0.54423],[-79.36226,-0.57345],[-79.36455,-0.58651],[-79.35316,-0.60346],[-79.34841,-0.62291],[-79.36904,-0.658],[-79.36576,-0.66004],[-79.35995,-0.6718],[-79.36241,-0.67658],[-79.34836,-0.69074],[-79.32463,-0.69844],[-79.30988,-0.69391],[-79.30257,-0.69946],[-79.28449,-0.69326],[-79.26531,-0.66344],[-79.23546,-0.64338],[-79.21537,-0.64004],[-79.20163,-0.6283],[-79.18667,-0.6009],[-79.16048,-0.5864],[-79.13688,-0.54952],[-79.11915,-0.54133],[-79.11296,-0.54182],[-79.10097,-0.52504],[-79.08054,-0.52819],[-79.06997,-0.52341],[-79.05713,-0.50418],[-79.03159,-0.48346],[-79.03205,-0.47359],[-79.01472,-0.4495],[-79.01471,-0.42257],[-78.9733,-0.40859],[-78.96425,-0.39835],[-78.96863,-0.38236],[-78.95637,-0.36271],[-78.93292,-0.36089],[-78.94125,-0.33149],[-78.95485,-0.31664],[-78.94426,-0.31126],[-78.9287,-0.31409],[-78.91164,-0.33021],[-78.88457,-0.33711],[-78.87543,-0.33045],[-78.85655,-0.34939],[-78.83484,-0.34463],[-78.81966,-0.34556],[-78.81716,-0.33454],[-78.78739,-0.30613],[-78.77392,-0.2984],[-78.77365,-0.2798],[-78.756,-0.28248],[-78.74613,-0.27742],[-78.75898,-0.24116],[-78.77829,-0.22483],[-78.7838,-0.21203],[-78.79474,-0.21375],[-78.83222,-0.18868],[-78.82972,-0.17909],[-78.84264,-0.16628],[-78.8336,-0.16123],[-78.83394,-0.14299],[-78.84017,-0.13399],[-78.85923,-0.13354],[-78.8683,-0.11836],[-78.88133,-0.11031],[-78.90744,-0.10767],[-78.91398,-0.11716],[-78.93367,-0.11888],[-78.96784,-0.10202],[-78.97283,-0.10823],[-78.99408,-0.11193],[-79.01293,-0.10989],[-79.03006,-0.114],[-79.0457,-0.10169],[-79.12356,-0.08522],[-79.14945,-0.0919],[-79.13356,-0.06666],[-79.12777,-0.05064],[-79.1049,-0.03809],[-79.09761,-0.02657],[-79.15047,-0.01322],[-79.16929,-0.0155]]]},"properties":{"DPA_CANTON":"2301","DPA_DESCAN":"SANTO DOMINGO","DPA_PROVIN":"23","DPA_DESPRO":"SANTO DOMINGO DE LOS TSÁCHILAS","a45i3_muy":3910,"a45i3_alta":479,"a45i3_al_1":2021,"a46i3_muy":51,"a46i3_alta":4,"a46i3_al_1":299,"a46i3_al_2":11453,"a46i3_al_3":0,"total":18217}},
{"type":"Feature","geometry":{"type":"Polygon","coordinates":[[[-79.36798,0.02242],[-79.40695,0.02589],[-79.42885,0.02341],[-79.42448,0.00482],[-79.44656,0.00467],[-79.45593,-0.00188],[-79.44719,-0.02659],[-79.44864,-0.03968],[-79.47158,-0.03102],[-79.5157,-0.02648],[-79.55238,-0.02515],[-79.57993,-0.01835],[-79.60576,-0.02147],[-79.61533,-0.03492],[-79.60287,-0.05944],[-79.58253,-0.07389],[-79.56442,-0.09106],[-79.54839,-0.10039],[-79.52632,-0.10204],[-79.51159,-0.097],[-79.48683,-0.09696],[-79.48223,-0.10846],[-79.45097,-0.1153],[-79.41495,-0.10304],[-79.38286,-0.10877],[-79.35299,-0.10878],[-79.34898,-0.09151],[-79.32111,-0.05648],[-79.31559,-0.04536],[-79.331,-0.03792],[-79.331,-0.022],[-79.31428,-0.01892],[-79.30862,-0.00392],[-79.295,0.01724],[-79.31181,0.01422],[-79.32469,0.02354],[-79.35206,0.01777],[-79.36085,0.02017],[-79.36516,0.01864],[-79.36798,0.02242]]]},"properties":{"DPA_CANTON":"2302","DPA_DESCAN":"LA CONCORDIA","DPA_PROVIN":"23","DPA_DESPRO":"SANTO DOMINGO DE LOS TSÁCHILAS","a45i3_muy":1157,"a45i3_alta":0,"a45i3_al_1":438,"a46i3_muy":13,"a46i3_alta":0,"a46i3_al_1":53,"a46i3_al_2":2004,"a46i3_al_3":0,"total":3665}},
{"type":"Feature","geometry":{"type":"Polygon","coordinates":[[[-80.67827,-1.67445],[-80.69585,-1.67179],[-80.71333,-1.67603],[-80.73087,-1.68586],[-80.74353,-1.67711],[-80.75895,-1.67665],[-80.7845,-1.69976],[-80.80254,-1.71157],[-80.79539,-1.71546],[-80.77876,-1.73903],[-80.76482,-1.77757],[-80.75475,-1.82407],[-80.73469,-1.8845],[-80.72639,-1.92626],[-80.72991,-1.95483],[-80.74258,-1.96959],[-80.76294,-1.97635],[-80.7496,-2.00504],[-80.73668,-2.02239],[-80.73561,-2.05967],[-80.74702,-2.10044],[-80.76335,-2.12774],[-80.78938,-2.15132],[-80.80697,-2.15915],[-80.81718,-2.15701],[-80.83966,-2.18556],[-80.85774,-2.19761],[-80.86924,-2.19861],[-80.886,-2.20904],[-80.8684,-2.24827],[-80.87084,-2.26987],[-80.85839,-2.29393],[-80.86925,-2.32468],[-80.84936,-2.33739],[-80.80176,-2.37848],[-80.77456,-2.38916],[-80.75266,-2.38856],[-80.74422,-2.39326],[-80.72221,-2.39047],[-80.69267,-2.4066],[-80.68347,-2.40284],[-80.66002,-2.41842],[-80.62644,-2.44747],[-80.56355,-2.50677],[-80.55441,-2.49575],[-80.5406,-2.48929],[-80.52194,-2.48916],[-80.49241,-2.5003],[-80.47583,-2.49142],[-80.45974,-2.49137],[-80.466,-2.47749],[-80.45258,-2.4549],[-80.45933,-2.4359],[-80.46136,-2.41398],[-80.44645,-2.39762],[-80.44755,-2.37459],[-80.43113,-2.37459],[-80.42661,-2.38169],[-80.41029,-2.38573],[-80.39546,-2.37639],[-80.38025,-2.37885],[-80.38149,-2.36606],[-80.37345,-2.35889],[-80.37417,-2.34679],[-80.36055,-2.34257],[-80.35439,-2.34845],[-80.32903,-2.34691],[-80.30796,-2.33959],[-80.29972,-2.34278],[-80.28282,-2.3349],[-80.28894,-2.30451],[-80.28183,-2.30062],[-80.28336,-2.27361],[-80.26475,-2.26463],[-80.26351,-2.2441],[-80.24538,-2.246],[-80.23486,-2.25185],[-80.22826,-2.22983],[-80.21903,-2.23284],[-80.20786,-2.22518],[-80.20032,-2.21066],[-80.22574,-2.19249],[-80.23738,-2.18789],[-80.24065,-2.1673],[-80.25045,-2.15505],[-80.24412,-2.12829],[-80.25335,-2.10485],[-80.25602,-2.10393],[-80.25966,-2.09852],[-80.26425,-2.09504],[-80.27168,-2.08197],[-80.27881,-2.07825],[-80.29089,-2.09143],[-80.31353,-2.07488],[-80.32594,-2.04047],[-80.34017,-2.02882],[-80.34427,-2.01675],[-80.34174,-2.00125],[-80.36409,-1.99409],[-80.37181,-1.98757],[-80.41416,-1.98126],[-80.4174,-1.96983],[-80.43699,-1.95658],[-80.44042,-1.94314],[-80.45539,-1.94069],[-80.46418,-1.94732],[-80.47147,-1.92845],[-80.48434,-1.92279],[-80.50641,-1.92549],[-80.51938,-1.9165],[-80.52087,-1.90032],[-80.53452,-1.8781],[-80.56584,-1.83943],[-80.56421,-1.81948],[-80.55772,-1.81005],[-80.55561,-1.79127],[-80.54959,-1.78048],[-80.5873,-1.78455],[-80.6104,-1.75696],[-80.61175,-1.73805],[-80.62061,-1.72512],[-80.61982,-1.70743],[-80.63426,-1.69863],[-80.6369,-1.68886],[-80.6539,-1.67338],[-80.67188,-1.67923],[-80.67827,-1.67445]]]},"properties":{"DPA_CANTON":"2401","DPA_DESCAN":"SANTA ELENA","DPA_PROVIN":"24","DPA_DESPRO":"SANTA ELENA","a45i3_muy":2726,"a45i3_alta":277,"a45i3_al_1":2507,"a46i3_muy":43,"a46i3_alta":3,"a46i3_al_1":137,"a46i3_al_2":7355,"a46i3_al_3":0,"total":13048}},
{"type":"Feature","geometry":{"type":"Polygon","coordinates":[[[-80.886,-2.20904],[-80.90729,-2.21997],[-80.92276,-2.21915],[-80.92068,-2.24812],[-80.90585,-2.25966],[-80.89728,-2.25191],[-80.88341,-2.26973],[-80.87084,-2.26987],[-80.8684,-2.24827],[-80.886,-2.20904]]]},"properties":{"DPA_CANTON":"2402","DPA_DESCAN":"LA LIBERTAD","DPA_PROVIN":"24","DPA_DESPRO":"SANTA ELENA","a45i3_muy":1645,"a45i3_alta":0,"a45i3_al_1":1123,"a46i3_muy":26,"a46i3_alta":0,"a46i3_al_1":107,"a46i3_al_2":4089,"a46i3_al_3":0,"total":6990}},
{"type":"Feature","geometry":{"type":"Polygon","coordinates":[[[-80.87084,-2.26987],[-80.88341,-2.26973],[-80.89728,-2.25191],[-80.90585,-2.25966],[-80.92068,-2.24812],[-80.92366,-2.21997],[-80.94055,-2.2195],[-80.95637,-2.20179],[-80.97117,-2.20559],[-80.98408,-2.19681],[-80.98816,-2.18505],[-81.00173,-2.18467],[-81.00185,-2.1962],[-80.97617,-2.21926],[-80.92559,-2.27113],[-80.9133,-2.29428],[-80.89655,-2.31327],[-80.8999,-2.32865],[-80.87709,-2.32248],[-80.86925,-2.32468],[-80.85839,-2.29393],[-80.87084,-2.26987]]]},"properties":{"DPA_CANTON":"2403","DPA_DESCAN":"SALINAS","DPA_PROVIN":"24","DPA_DESPRO":"SANTA ELENA","a45i3_muy":1111,"a45i3_alta":81,"a45i3_al_1":995,"a46i3_muy":13,"a46i3_alta":2,"a46i3_al_1":71,"a46i3_al_2":3046,"a46i3_al_3":0,"total":5319}}
]}